family,version,checkpoint,target,series,date,value
chronos,original,amazon/chronos-t5-large,price,history,2024-06-24,5447.8701171875
chronos,original,amazon/chronos-t5-large,price,history,2024-06-25,5469.2998046875
chronos,original,amazon/chronos-t5-large,price,history,2024-06-26,5477.89990234375
chronos,original,amazon/chronos-t5-large,price,history,2024-06-27,5482.8701171875
chronos,original,amazon/chronos-t5-large,price,history,2024-06-28,5460.47998046875
chronos,original,amazon/chronos-t5-large,price,history,2024-07-01,5475.08984375
chronos,original,amazon/chronos-t5-large,price,history,2024-07-02,5509.009765625
chronos,original,amazon/chronos-t5-large,price,history,2024-07-03,5537.02001953125
chronos,original,amazon/chronos-t5-large,price,history,2024-07-05,5567.18994140625
chronos,original,amazon/chronos-t5-large,price,history,2024-07-08,5572.85009765625
chronos,original,amazon/chronos-t5-large,price,history,2024-07-09,5576.97998046875
chronos,original,amazon/chronos-t5-large,price,history,2024-07-10,5633.91015625
chronos,original,amazon/chronos-t5-large,price,history,2024-07-11,5584.5400390625
chronos,original,amazon/chronos-t5-large,price,history,2024-07-12,5615.35009765625
chronos,original,amazon/chronos-t5-large,price,history,2024-07-15,5631.22021484375
chronos,original,amazon/chronos-t5-large,price,history,2024-07-16,5667.2001953125
chronos,original,amazon/chronos-t5-large,price,history,2024-07-17,5588.27001953125
chronos,original,amazon/chronos-t5-large,price,history,2024-07-18,5544.58984375
chronos,original,amazon/chronos-t5-large,price,history,2024-07-19,5505.0
chronos,original,amazon/chronos-t5-large,price,history,2024-07-22,5564.41015625
chronos,original,amazon/chronos-t5-large,price,history,2024-07-23,5555.740234375
chronos,original,amazon/chronos-t5-large,price,history,2024-07-24,5427.1298828125
chronos,original,amazon/chronos-t5-large,price,history,2024-07-25,5399.22021484375
chronos,original,amazon/chronos-t5-large,price,history,2024-07-26,5459.10009765625
chronos,original,amazon/chronos-t5-large,price,history,2024-07-29,5463.5400390625
chronos,original,amazon/chronos-t5-large,price,history,2024-07-30,5436.43994140625
chronos,original,amazon/chronos-t5-large,price,history,2024-07-31,5522.2998046875
chronos,original,amazon/chronos-t5-large,price,history,2024-08-01,5446.68017578125
chronos,original,amazon/chronos-t5-large,price,history,2024-08-02,5346.56005859375
chronos,original,amazon/chronos-t5-large,price,history,2024-08-05,5186.330078125
chronos,original,amazon/chronos-t5-large,price,history,2024-08-06,5240.02978515625
chronos,original,amazon/chronos-t5-large,price,history,2024-08-07,5199.5
chronos,original,amazon/chronos-t5-large,price,history,2024-08-08,5319.31005859375
chronos,original,amazon/chronos-t5-large,price,history,2024-08-09,5344.16015625
chronos,original,amazon/chronos-t5-large,price,history,2024-08-12,5344.39013671875
chronos,original,amazon/chronos-t5-large,price,history,2024-08-13,5434.43017578125
chronos,original,amazon/chronos-t5-large,price,history,2024-08-14,5455.2099609375
chronos,original,amazon/chronos-t5-large,price,history,2024-08-15,5543.22021484375
chronos,original,amazon/chronos-t5-large,price,history,2024-08-16,5554.25
chronos,original,amazon/chronos-t5-large,price,history,2024-08-19,5608.25
chronos,original,amazon/chronos-t5-large,price,history,2024-08-20,5597.1201171875
chronos,original,amazon/chronos-t5-large,price,history,2024-08-21,5620.85009765625
chronos,original,amazon/chronos-t5-large,price,history,2024-08-22,5570.64013671875
chronos,original,amazon/chronos-t5-large,price,history,2024-08-23,5634.60986328125
chronos,original,amazon/chronos-t5-large,price,history,2024-08-26,5616.83984375
chronos,original,amazon/chronos-t5-large,price,history,2024-08-27,5625.7998046875
chronos,original,amazon/chronos-t5-large,price,history,2024-08-28,5592.18017578125
chronos,original,amazon/chronos-t5-large,price,history,2024-08-29,5591.9599609375
chronos,original,amazon/chronos-t5-large,price,history,2024-08-30,5648.39990234375
chronos,original,amazon/chronos-t5-large,price,history,2024-09-03,5528.93017578125
chronos,original,amazon/chronos-t5-large,price,history,2024-09-04,5520.06982421875
chronos,original,amazon/chronos-t5-large,price,history,2024-09-05,5503.41015625
chronos,original,amazon/chronos-t5-large,price,history,2024-09-06,5408.419921875
chronos,original,amazon/chronos-t5-large,price,history,2024-09-09,5471.0498046875
chronos,original,amazon/chronos-t5-large,price,history,2024-09-10,5495.52001953125
chronos,original,amazon/chronos-t5-large,price,history,2024-09-11,5554.1298828125
chronos,original,amazon/chronos-t5-large,price,history,2024-09-12,5595.759765625
chronos,original,amazon/chronos-t5-large,price,history,2024-09-13,5626.02001953125
chronos,original,amazon/chronos-t5-large,price,history,2024-09-16,5633.08984375
chronos,original,amazon/chronos-t5-large,price,history,2024-09-17,5634.580078125
chronos,original,amazon/chronos-t5-large,price,history,2024-09-18,5618.259765625
chronos,original,amazon/chronos-t5-large,price,history,2024-09-19,5713.64013671875
chronos,original,amazon/chronos-t5-large,price,history,2024-09-20,5702.5498046875
chronos,original,amazon/chronos-t5-large,price,history,2024-09-23,5718.56982421875
chronos,original,amazon/chronos-t5-large,price,history,2024-09-24,5732.93017578125
chronos,original,amazon/chronos-t5-large,price,history,2024-09-25,5722.259765625
chronos,original,amazon/chronos-t5-large,price,history,2024-09-26,5745.3701171875
chronos,original,amazon/chronos-t5-large,price,history,2024-09-27,5738.169921875
chronos,original,amazon/chronos-t5-large,price,history,2024-09-30,5762.47998046875
chronos,original,amazon/chronos-t5-large,price,history,2024-10-01,5708.75
chronos,original,amazon/chronos-t5-large,price,history,2024-10-02,5709.5400390625
chronos,original,amazon/chronos-t5-large,price,history,2024-10-03,5699.93994140625
chronos,original,amazon/chronos-t5-large,price,history,2024-10-04,5751.06982421875
chronos,original,amazon/chronos-t5-large,price,history,2024-10-07,5695.93994140625
chronos,original,amazon/chronos-t5-large,price,history,2024-10-08,5751.1298828125
chronos,original,amazon/chronos-t5-large,price,history,2024-10-09,5792.0400390625
chronos,original,amazon/chronos-t5-large,price,history,2024-10-10,5780.0498046875
chronos,original,amazon/chronos-t5-large,price,history,2024-10-11,5815.02978515625
chronos,original,amazon/chronos-t5-large,price,history,2024-10-14,5859.85009765625
chronos,original,amazon/chronos-t5-large,price,history,2024-10-15,5815.259765625
chronos,original,amazon/chronos-t5-large,price,history,2024-10-16,5842.47021484375
chronos,original,amazon/chronos-t5-large,price,history,2024-10-17,5841.47021484375
chronos,original,amazon/chronos-t5-large,price,history,2024-10-18,5864.669921875
chronos,original,amazon/chronos-t5-large,price,history,2024-10-21,5853.97998046875
chronos,original,amazon/chronos-t5-large,price,history,2024-10-22,5851.2001953125
chronos,original,amazon/chronos-t5-large,price,history,2024-10-23,5797.419921875
chronos,original,amazon/chronos-t5-large,price,history,2024-10-24,5809.85986328125
chronos,original,amazon/chronos-t5-large,price,history,2024-10-25,5808.1201171875
chronos,original,amazon/chronos-t5-large,price,history,2024-10-28,5823.52001953125
chronos,original,amazon/chronos-t5-large,price,history,2024-10-29,5832.919921875
chronos,original,amazon/chronos-t5-large,price,history,2024-10-30,5813.669921875
chronos,original,amazon/chronos-t5-large,price,history,2024-10-31,5705.4501953125
chronos,original,amazon/chronos-t5-large,price,history,2024-11-01,5728.7998046875
chronos,original,amazon/chronos-t5-large,price,history,2024-11-04,5712.68994140625
chronos,original,amazon/chronos-t5-large,price,history,2024-11-05,5782.759765625
chronos,original,amazon/chronos-t5-large,price,history,2024-11-06,5929.0400390625
chronos,original,amazon/chronos-t5-large,price,history,2024-11-07,5973.10009765625
chronos,original,amazon/chronos-t5-large,price,history,2024-11-08,5995.5400390625
chronos,original,amazon/chronos-t5-large,price,history,2024-11-11,6001.35009765625
chronos,original,amazon/chronos-t5-large,price,history,2024-11-12,5983.990234375
chronos,original,amazon/chronos-t5-large,price,history,2024-11-13,5985.3798828125
chronos,original,amazon/chronos-t5-large,price,history,2024-11-14,5949.169921875
chronos,original,amazon/chronos-t5-large,price,history,2024-11-15,5870.6201171875
chronos,original,amazon/chronos-t5-large,price,history,2024-11-18,5893.6201171875
chronos,original,amazon/chronos-t5-large,price,history,2024-11-19,5916.97998046875
chronos,original,amazon/chronos-t5-large,price,history,2024-11-20,5917.10986328125
chronos,original,amazon/chronos-t5-large,price,history,2024-11-21,5948.7099609375
chronos,original,amazon/chronos-t5-large,price,history,2024-11-22,5969.33984375
chronos,original,amazon/chronos-t5-large,price,history,2024-11-25,5987.3701171875
chronos,original,amazon/chronos-t5-large,price,history,2024-11-26,6021.6298828125
chronos,original,amazon/chronos-t5-large,price,history,2024-11-27,5998.740234375
chronos,original,amazon/chronos-t5-large,price,history,2024-11-29,6032.3798828125
chronos,original,amazon/chronos-t5-large,price,history,2024-12-02,6047.14990234375
chronos,original,amazon/chronos-t5-large,price,history,2024-12-03,6049.8798828125
chronos,original,amazon/chronos-t5-large,price,history,2024-12-04,6086.490234375
chronos,original,amazon/chronos-t5-large,price,history,2024-12-05,6075.10986328125
chronos,original,amazon/chronos-t5-large,price,history,2024-12-06,6090.27001953125
chronos,original,amazon/chronos-t5-large,price,history,2024-12-09,6052.85009765625
chronos,original,amazon/chronos-t5-large,price,history,2024-12-10,6034.91015625
chronos,original,amazon/chronos-t5-large,price,history,2024-12-11,6084.18994140625
chronos,original,amazon/chronos-t5-large,price,history,2024-12-12,6051.25
chronos,original,amazon/chronos-t5-large,price,history,2024-12-13,6051.08984375
chronos,original,amazon/chronos-t5-large,price,history,2024-12-16,6074.080078125
chronos,original,amazon/chronos-t5-large,price,history,2024-12-17,6050.60986328125
chronos,original,amazon/chronos-t5-large,price,history,2024-12-18,5872.16015625
chronos,original,amazon/chronos-t5-large,price,history,2024-12-19,5867.080078125
chronos,original,amazon/chronos-t5-large,price,history,2024-12-20,5930.85009765625
chronos,original,amazon/chronos-t5-large,price,history,2024-12-23,5974.06982421875
chronos,original,amazon/chronos-t5-large,price,history,2024-12-24,6040.0400390625
chronos,original,amazon/chronos-t5-large,price,history,2024-12-26,6037.58984375
chronos,original,amazon/chronos-t5-large,price,history,2024-12-27,5970.83984375
chronos,original,amazon/chronos-t5-large,price,history,2024-12-30,5906.93994140625
chronos,original,amazon/chronos-t5-large,price,history,2024-12-31,5881.6298828125
chronos,original,amazon/chronos-t5-large,price,history,2025-01-02,5868.5498046875
chronos,original,amazon/chronos-t5-large,price,history,2025-01-03,5942.47021484375
chronos,original,amazon/chronos-t5-large,price,history,2025-01-06,5975.3798828125
chronos,original,amazon/chronos-t5-large,price,history,2025-01-07,5909.02978515625
chronos,original,amazon/chronos-t5-large,price,history,2025-01-08,5918.25
chronos,original,amazon/chronos-t5-large,price,history,2025-01-10,5827.0400390625
chronos,original,amazon/chronos-t5-large,price,history,2025-01-13,5836.22021484375
chronos,original,amazon/chronos-t5-large,price,history,2025-01-14,5842.91015625
chronos,original,amazon/chronos-t5-large,price,history,2025-01-15,5949.91015625
chronos,original,amazon/chronos-t5-large,price,history,2025-01-16,5937.33984375
chronos,original,amazon/chronos-t5-large,price,history,2025-01-17,5996.66015625
chronos,original,amazon/chronos-t5-large,price,history,2025-01-21,6049.240234375
chronos,original,amazon/chronos-t5-large,price,history,2025-01-22,6086.3701171875
chronos,original,amazon/chronos-t5-large,price,history,2025-01-23,6118.7099609375
chronos,original,amazon/chronos-t5-large,price,history,2025-01-24,6101.240234375
chronos,original,amazon/chronos-t5-large,price,history,2025-01-27,6012.27978515625
chronos,original,amazon/chronos-t5-large,price,history,2025-01-28,6067.7001953125
chronos,original,amazon/chronos-t5-large,price,history,2025-01-29,6039.31005859375
chronos,original,amazon/chronos-t5-large,price,history,2025-01-30,6071.169921875
chronos,original,amazon/chronos-t5-large,price,history,2025-01-31,6040.52978515625
chronos,original,amazon/chronos-t5-large,price,history,2025-02-03,5994.56982421875
chronos,original,amazon/chronos-t5-large,price,history,2025-02-04,6037.8798828125
chronos,original,amazon/chronos-t5-large,price,history,2025-02-05,6061.47998046875
chronos,original,amazon/chronos-t5-large,price,history,2025-02-06,6083.56982421875
chronos,original,amazon/chronos-t5-large,price,history,2025-02-07,6025.990234375
chronos,original,amazon/chronos-t5-large,price,history,2025-02-10,6066.43994140625
chronos,original,amazon/chronos-t5-large,price,history,2025-02-11,6068.5
chronos,original,amazon/chronos-t5-large,price,history,2025-02-12,6051.97021484375
chronos,original,amazon/chronos-t5-large,price,history,2025-02-13,6115.06982421875
chronos,original,amazon/chronos-t5-large,price,history,2025-02-14,6114.6298828125
chronos,original,amazon/chronos-t5-large,price,history,2025-02-18,6129.580078125
chronos,original,amazon/chronos-t5-large,price,history,2025-02-19,6144.14990234375
chronos,original,amazon/chronos-t5-large,price,history,2025-02-20,6117.52001953125
chronos,original,amazon/chronos-t5-large,price,history,2025-02-21,6013.1298828125
chronos,original,amazon/chronos-t5-large,price,history,2025-02-24,5983.25
chronos,original,amazon/chronos-t5-large,price,history,2025-02-25,5955.25
chronos,original,amazon/chronos-t5-large,price,history,2025-02-26,5956.06005859375
chronos,original,amazon/chronos-t5-large,price,history,2025-02-27,5861.56982421875
chronos,original,amazon/chronos-t5-large,price,history,2025-02-28,5954.5
chronos,original,amazon/chronos-t5-large,price,history,2025-03-03,5849.72021484375
chronos,original,amazon/chronos-t5-large,price,history,2025-03-04,5778.14990234375
chronos,original,amazon/chronos-t5-large,price,history,2025-03-05,5842.6298828125
chronos,original,amazon/chronos-t5-large,price,history,2025-03-06,5738.52001953125
chronos,original,amazon/chronos-t5-large,price,history,2025-03-07,5770.2001953125
chronos,original,amazon/chronos-t5-large,price,history,2025-03-10,5614.56005859375
chronos,original,amazon/chronos-t5-large,price,history,2025-03-11,5572.06982421875
chronos,original,amazon/chronos-t5-large,price,history,2025-03-12,5599.2998046875
chronos,original,amazon/chronos-t5-large,price,history,2025-03-13,5521.52001953125
chronos,original,amazon/chronos-t5-large,price,history,2025-03-14,5638.93994140625
chronos,original,amazon/chronos-t5-large,price,history,2025-03-17,5675.1201171875
chronos,original,amazon/chronos-t5-large,price,history,2025-03-18,5614.66015625
chronos,original,amazon/chronos-t5-large,price,history,2025-03-19,5675.2900390625
chronos,original,amazon/chronos-t5-large,price,history,2025-03-20,5662.89013671875
chronos,original,amazon/chronos-t5-large,price,history,2025-03-21,5667.56005859375
chronos,original,amazon/chronos-t5-large,price,history,2025-03-24,5767.56982421875
chronos,original,amazon/chronos-t5-large,price,history,2025-03-25,5776.64990234375
chronos,original,amazon/chronos-t5-large,price,history,2025-03-26,5712.2001953125
chronos,original,amazon/chronos-t5-large,price,history,2025-03-27,5693.31005859375
chronos,original,amazon/chronos-t5-large,price,history,2025-03-28,5580.93994140625
chronos,original,amazon/chronos-t5-large,price,history,2025-03-31,5611.85009765625
chronos,original,amazon/chronos-t5-large,price,history,2025-04-01,5633.06982421875
chronos,original,amazon/chronos-t5-large,price,history,2025-04-02,5670.97021484375
chronos,original,amazon/chronos-t5-large,price,history,2025-04-03,5396.52001953125
chronos,original,amazon/chronos-t5-large,price,history,2025-04-04,5074.080078125
chronos,original,amazon/chronos-t5-large,price,history,2025-04-07,5062.25
chronos,original,amazon/chronos-t5-large,price,history,2025-04-08,4982.77001953125
chronos,original,amazon/chronos-t5-large,price,history,2025-04-09,5456.89990234375
chronos,original,amazon/chronos-t5-large,price,history,2025-04-10,5268.0498046875
chronos,original,amazon/chronos-t5-large,price,history,2025-04-11,5363.35986328125
chronos,original,amazon/chronos-t5-large,price,history,2025-04-14,5405.97021484375
chronos,original,amazon/chronos-t5-large,price,history,2025-04-15,5396.6298828125
chronos,original,amazon/chronos-t5-large,price,history,2025-04-16,5275.7001953125
chronos,original,amazon/chronos-t5-large,price,history,2025-04-17,5282.7001953125
chronos,original,amazon/chronos-t5-large,price,history,2025-04-21,5158.2001953125
chronos,original,amazon/chronos-t5-large,price,history,2025-04-22,5287.759765625
chronos,original,amazon/chronos-t5-large,price,history,2025-04-23,5375.85986328125
chronos,original,amazon/chronos-t5-large,price,history,2025-04-24,5484.77001953125
chronos,original,amazon/chronos-t5-large,price,history,2025-04-25,5525.2099609375
chronos,original,amazon/chronos-t5-large,price,history,2025-04-28,5528.75
chronos,original,amazon/chronos-t5-large,price,history,2025-04-29,5560.830078125
chronos,original,amazon/chronos-t5-large,price,history,2025-04-30,5569.06005859375
chronos,original,amazon/chronos-t5-large,price,history,2025-05-01,5604.14013671875
chronos,original,amazon/chronos-t5-large,price,history,2025-05-02,5686.669921875
chronos,original,amazon/chronos-t5-large,price,history,2025-05-05,5650.3798828125
chronos,original,amazon/chronos-t5-large,price,history,2025-05-06,5606.91015625
chronos,original,amazon/chronos-t5-large,price,history,2025-05-07,5631.27978515625
chronos,original,amazon/chronos-t5-large,price,history,2025-05-08,5663.93994140625
chronos,original,amazon/chronos-t5-large,price,history,2025-05-09,5659.91015625
chronos,original,amazon/chronos-t5-large,price,history,2025-05-12,5844.18994140625
chronos,original,amazon/chronos-t5-large,price,history,2025-05-13,5886.5498046875
chronos,original,amazon/chronos-t5-large,price,history,2025-05-14,5892.580078125
chronos,original,amazon/chronos-t5-large,price,history,2025-05-15,5916.93017578125
chronos,original,amazon/chronos-t5-large,price,history,2025-05-16,5958.3798828125
chronos,original,amazon/chronos-t5-large,price,history,2025-05-19,5963.60009765625
chronos,original,amazon/chronos-t5-large,price,history,2025-05-20,5940.4599609375
chronos,original,amazon/chronos-t5-large,price,history,2025-05-21,5844.60986328125
chronos,original,amazon/chronos-t5-large,price,history,2025-05-22,5842.009765625
chronos,original,amazon/chronos-t5-large,price,history,2025-05-23,5802.81982421875
chronos,original,amazon/chronos-t5-large,price,history,2025-05-27,5921.5400390625
chronos,original,amazon/chronos-t5-large,price,history,2025-05-28,5888.5498046875
chronos,original,amazon/chronos-t5-large,price,history,2025-05-29,5912.169921875
chronos,original,amazon/chronos-t5-large,price,history,2025-05-30,5911.68994140625
chronos,original,amazon/chronos-t5-large,price,history,2025-06-02,5935.93994140625
chronos,original,amazon/chronos-t5-large,price,history,2025-06-03,5970.3701171875
chronos,original,amazon/chronos-t5-large,price,history,2025-06-04,5970.81005859375
chronos,original,amazon/chronos-t5-large,price,history,2025-06-05,5939.2998046875
chronos,original,amazon/chronos-t5-large,price,history,2025-06-06,6000.35986328125
chronos,original,amazon/chronos-t5-large,price,history,2025-06-09,6005.8798828125
chronos,original,amazon/chronos-t5-large,price,history,2025-06-10,6038.81005859375
chronos,original,amazon/chronos-t5-large,price,history,2025-06-11,6022.240234375
chronos,original,amazon/chronos-t5-large,price,history,2025-06-12,6045.259765625
chronos,original,amazon/chronos-t5-large,price,history,2025-06-13,5976.97021484375
chronos,original,amazon/chronos-t5-large,price,history,2025-06-16,6033.10986328125
chronos,original,amazon/chronos-t5-large,price,history,2025-06-17,5982.72021484375
chronos,original,amazon/chronos-t5-large,price,history,2025-06-18,5980.8701171875
chronos,original,amazon/chronos-t5-large,price,history,2025-06-20,5967.83984375
chronos,original,amazon/chronos-t5-large,price,history,2025-06-23,6025.169921875
chronos,original,amazon/chronos-t5-large,price,history,2025-06-24,6092.18017578125
chronos,original,amazon/chronos-t5-large,price,history,2025-06-25,6092.16015625
chronos,original,amazon/chronos-t5-large,price,history,2025-06-26,6141.02001953125
chronos,original,amazon/chronos-t5-large,price,history,2025-06-27,6173.06982421875
chronos,original,amazon/chronos-t5-large,price,history,2025-06-30,6204.9501953125
chronos,original,amazon/chronos-t5-large,price,history,2025-07-01,6198.009765625
chronos,original,amazon/chronos-t5-large,price,history,2025-07-02,6227.419921875
chronos,original,amazon/chronos-t5-large,price,history,2025-07-03,6279.35009765625
chronos,original,amazon/chronos-t5-large,price,history,2025-07-07,6229.97998046875
chronos,original,amazon/chronos-t5-large,price,history,2025-07-08,6225.52001953125
chronos,original,amazon/chronos-t5-large,price,history,2025-07-09,6263.259765625
chronos,original,amazon/chronos-t5-large,price,history,2025-07-10,6280.4599609375
chronos,original,amazon/chronos-t5-large,price,history,2025-07-11,6259.75
chronos,original,amazon/chronos-t5-large,price,history,2025-07-14,6268.56005859375
chronos,original,amazon/chronos-t5-large,price,history,2025-07-15,6243.759765625
chronos,original,amazon/chronos-t5-large,price,history,2025-07-16,6263.7001953125
chronos,original,amazon/chronos-t5-large,price,history,2025-07-17,6297.35986328125
chronos,original,amazon/chronos-t5-large,price,history,2025-07-18,6296.7900390625
chronos,original,amazon/chronos-t5-large,price,history,2025-07-21,6305.60009765625
chronos,original,amazon/chronos-t5-large,price,history,2025-07-22,6309.6201171875
chronos,original,amazon/chronos-t5-large,price,history,2025-07-23,6358.91015625
chronos,original,amazon/chronos-t5-large,price,history,2025-07-24,6363.35009765625
chronos,original,amazon/chronos-t5-large,price,history,2025-07-25,6388.64013671875
chronos,original,amazon/chronos-t5-large,price,history,2025-07-28,6389.77001953125
chronos,original,amazon/chronos-t5-large,price,history,2025-07-29,6370.85986328125
chronos,original,amazon/chronos-t5-large,price,history,2025-07-30,6362.89990234375
chronos,original,amazon/chronos-t5-large,price,history,2025-07-31,6339.39013671875
chronos,original,amazon/chronos-t5-large,price,history,2025-08-01,6238.009765625
chronos,original,amazon/chronos-t5-large,price,history,2025-08-04,6329.93994140625
chronos,original,amazon/chronos-t5-large,price,history,2025-08-05,6299.18994140625
chronos,original,amazon/chronos-t5-large,price,history,2025-08-06,6345.06005859375
chronos,original,amazon/chronos-t5-large,price,history,2025-08-07,6340.0
chronos,original,amazon/chronos-t5-large,price,history,2025-08-08,6389.4501953125
chronos,original,amazon/chronos-t5-large,price,history,2025-08-11,6373.4501953125
chronos,original,amazon/chronos-t5-large,price,history,2025-08-12,6445.759765625
chronos,original,amazon/chronos-t5-large,price,history,2025-08-13,6466.580078125
chronos,original,amazon/chronos-t5-large,price,history,2025-08-14,6468.5400390625
chronos,original,amazon/chronos-t5-large,price,history,2025-08-15,6449.7998046875
chronos,original,amazon/chronos-t5-large,price,history,2025-08-18,6449.14990234375
chronos,original,amazon/chronos-t5-large,price,history,2025-08-19,6411.3701171875
chronos,original,amazon/chronos-t5-large,price,history,2025-08-20,6395.77978515625
chronos,original,amazon/chronos-t5-large,price,history,2025-08-21,6370.169921875
chronos,original,amazon/chronos-t5-large,price,history,2025-08-22,6466.91015625
chronos,original,amazon/chronos-t5-large,price,history,2025-08-25,6439.31982421875
chronos,original,amazon/chronos-t5-large,price,history,2025-08-26,6465.93994140625
chronos,original,amazon/chronos-t5-large,price,history,2025-08-27,6481.39990234375
chronos,original,amazon/chronos-t5-large,price,history,2025-08-28,6501.85986328125
chronos,original,amazon/chronos-t5-large,price,history,2025-08-29,6460.259765625
chronos,original,amazon/chronos-t5-large,price,history,2025-09-02,6415.5400390625
chronos,original,amazon/chronos-t5-large,price,history,2025-09-03,6448.259765625
chronos,original,amazon/chronos-t5-large,price,history,2025-09-04,6502.080078125
chronos,original,amazon/chronos-t5-large,price,history,2025-09-05,6481.5
chronos,original,amazon/chronos-t5-large,price,history,2025-09-08,6495.14990234375
chronos,original,amazon/chronos-t5-large,price,history,2025-09-09,6512.60986328125
chronos,original,amazon/chronos-t5-large,price,history,2025-09-10,6532.0400390625
chronos,original,amazon/chronos-t5-large,price,history,2025-09-11,6587.47021484375
chronos,original,amazon/chronos-t5-large,price,history,2025-09-12,6584.2900390625
chronos,original,amazon/chronos-t5-large,price,history,2025-09-15,6615.27978515625
chronos,original,amazon/chronos-t5-large,price,history,2025-09-16,6606.759765625
chronos,original,amazon/chronos-t5-large,price,history,2025-09-17,6600.35009765625
chronos,original,amazon/chronos-t5-large,price,history,2025-09-18,6631.9599609375
chronos,original,amazon/chronos-t5-large,price,history,2025-09-19,6664.35986328125
chronos,original,amazon/chronos-t5-large,price,history,2025-09-22,6693.75
chronos,original,amazon/chronos-t5-large,price,history,2025-09-23,6656.919921875
chronos,original,amazon/chronos-t5-large,price,history,2025-09-24,6637.97021484375
chronos,original,amazon/chronos-t5-large,price,history,2025-09-25,6604.72021484375
chronos,original,amazon/chronos-t5-large,price,history,2025-09-26,6643.7001953125
chronos,original,amazon/chronos-t5-large,price,history,2025-09-29,6661.2099609375
chronos,original,amazon/chronos-t5-large,price,history,2025-09-30,6688.4599609375
chronos,original,amazon/chronos-t5-large,price,history,2025-10-01,6711.2001953125
chronos,original,amazon/chronos-t5-large,price,history,2025-10-02,6715.35009765625
chronos,original,amazon/chronos-t5-large,price,history,2025-10-03,6715.7900390625
chronos,original,amazon/chronos-t5-large,price,history,2025-10-06,6740.27978515625
chronos,original,amazon/chronos-t5-large,price,history,2025-10-07,6714.58984375
chronos,original,amazon/chronos-t5-large,price,history,2025-10-08,6753.72021484375
chronos,original,amazon/chronos-t5-large,price,history,2025-10-09,6735.10986328125
chronos,original,amazon/chronos-t5-large,price,history,2025-10-10,6552.509765625
chronos,original,amazon/chronos-t5-large,price,history,2025-10-13,6654.72021484375
chronos,original,amazon/chronos-t5-large,price,history,2025-10-14,6644.31005859375
chronos,original,amazon/chronos-t5-large,price,history,2025-10-15,6671.06005859375
chronos,original,amazon/chronos-t5-large,price,history,2025-10-16,6629.06982421875
chronos,original,amazon/chronos-t5-large,price,history,2025-10-17,6664.009765625
chronos,original,amazon/chronos-t5-large,price,history,2025-10-20,6735.1298828125
chronos,original,amazon/chronos-t5-large,price,history,2025-10-21,6735.35009765625
chronos,original,amazon/chronos-t5-large,price,history,2025-10-22,6699.39990234375
chronos,original,amazon/chronos-t5-large,price,history,2025-10-23,6738.43994140625
chronos,original,amazon/chronos-t5-large,price,history,2025-10-24,6791.68994140625
chronos,original,amazon/chronos-t5-large,price,history,2025-10-27,6875.16015625
chronos,original,amazon/chronos-t5-large,price,history,2025-10-28,6890.89013671875
chronos,original,amazon/chronos-t5-large,price,history,2025-10-29,6890.58984375
chronos,original,amazon/chronos-t5-large,price,history,2025-10-30,6822.33984375
chronos,original,amazon/chronos-t5-large,price,history,2025-10-31,6840.2001953125
chronos,original,amazon/chronos-t5-large,price,history,2025-11-03,6851.97021484375
chronos,original,amazon/chronos-t5-large,price,history,2025-11-04,6771.5498046875
chronos,original,amazon/chronos-t5-large,price,history,2025-11-05,6796.2900390625
chronos,original,amazon/chronos-t5-large,price,history,2025-11-06,6720.31982421875
chronos,original,amazon/chronos-t5-large,price,history,2025-11-07,6728.7998046875
chronos,original,amazon/chronos-t5-large,price,history,2025-11-10,6832.43017578125
chronos,original,amazon/chronos-t5-large,price,history,2025-11-11,6846.60986328125
chronos,original,amazon/chronos-t5-large,price,history,2025-11-12,6850.919921875
chronos,original,amazon/chronos-t5-large,price,history,2025-11-13,6737.490234375
chronos,original,amazon/chronos-t5-large,price,history,2025-11-14,6734.10986328125
chronos,original,amazon/chronos-t5-large,price,history,2025-11-17,6672.41015625
chronos,original,amazon/chronos-t5-large,price,history,2025-11-18,6617.31982421875
chronos,original,amazon/chronos-t5-large,price,history,2025-11-19,6642.16015625
chronos,original,amazon/chronos-t5-large,price,history,2025-11-20,6538.759765625
chronos,original,amazon/chronos-t5-large,price,history,2025-11-21,6602.990234375
chronos,original,amazon/chronos-t5-large,price,history,2025-11-24,6705.1201171875
chronos,original,amazon/chronos-t5-large,price,history,2025-11-25,6765.8798828125
chronos,original,amazon/chronos-t5-large,price,history,2025-11-26,6812.60986328125
chronos,original,amazon/chronos-t5-large,price,history,2025-11-28,6849.08984375
chronos,original,amazon/chronos-t5-large,price,history,2025-12-01,6812.6298828125
chronos,original,amazon/chronos-t5-large,price,history,2025-12-02,6829.3701171875
chronos,original,amazon/chronos-t5-large,price,history,2025-12-03,6849.72021484375
chronos,original,amazon/chronos-t5-large,price,history,2025-12-04,6857.1201171875
chronos,original,amazon/chronos-t5-large,price,history,2025-12-05,6870.39990234375
chronos,original,amazon/chronos-t5-large,price,history,2025-12-08,6846.509765625
chronos,original,amazon/chronos-t5-large,price,history,2025-12-09,6840.509765625
chronos,original,amazon/chronos-t5-large,price,history,2025-12-10,6886.68017578125
chronos,original,amazon/chronos-t5-large,price,history,2025-12-11,6901.0
chronos,original,amazon/chronos-t5-large,price,history,2025-12-12,6827.41015625
chronos,original,amazon/chronos-t5-large,price,history,2025-12-15,6816.509765625
chronos,original,amazon/chronos-t5-large,price,history,2025-12-16,6800.259765625
chronos,original,amazon/chronos-t5-large,price,history,2025-12-17,6721.43017578125
chronos,original,amazon/chronos-t5-large,price,history,2025-12-18,6774.759765625
chronos,original,amazon/chronos-t5-large,price,history,2025-12-19,6834.5
chronos,original,amazon/chronos-t5-large,price,history,2025-12-22,6878.490234375
chronos,original,amazon/chronos-t5-large,price,history,2025-12-23,6909.7900390625
chronos,original,amazon/chronos-t5-large,price,history,2025-12-24,6932.0498046875
chronos,original,amazon/chronos-t5-large,price,history,2025-12-26,6929.93994140625
chronos,original,amazon/chronos-t5-large,price,history,2025-12-29,6905.740234375
chronos,original,amazon/chronos-t5-large,price,history,2025-12-30,6896.240234375
chronos,original,amazon/chronos-t5-large,price,history,2025-12-31,6845.5
chronos,original,amazon/chronos-t5-large,price,history,2026-01-02,6858.47021484375
chronos,original,amazon/chronos-t5-large,price,history,2026-01-05,6902.0498046875
chronos,original,amazon/chronos-t5-large,price,history,2026-01-06,6944.81982421875
chronos,original,amazon/chronos-t5-large,price,history,2026-01-07,6920.93017578125
chronos,original,amazon/chronos-t5-large,price,history,2026-01-08,6921.4599609375
chronos,original,amazon/chronos-t5-large,price,history,2026-01-09,6966.27978515625
chronos,original,amazon/chronos-t5-large,price,history,2026-01-12,6977.27001953125
chronos,original,amazon/chronos-t5-large,price,history,2026-01-13,6963.740234375
chronos,original,amazon/chronos-t5-large,price,history,2026-01-14,6926.60009765625
chronos,original,amazon/chronos-t5-large,price,history,2026-01-15,6944.47021484375
chronos,original,amazon/chronos-t5-large,price,history,2026-01-16,6940.009765625
chronos,original,amazon/chronos-t5-large,price,history,2026-01-20,6796.85986328125
chronos,original,amazon/chronos-t5-large,price,history,2026-01-21,6875.6201171875
chronos,original,amazon/chronos-t5-large,price,history,2026-01-22,6913.35009765625
chronos,original,amazon/chronos-t5-large,price,history,2026-01-23,6915.60986328125
chronos,original,amazon/chronos-t5-large,price,history,2026-01-26,6950.22998046875
chronos,original,amazon/chronos-t5-large,price,history,2026-01-27,6978.60009765625
chronos,original,amazon/chronos-t5-large,price,history,2026-01-28,6978.02978515625
chronos,original,amazon/chronos-t5-large,price,history,2026-01-29,6969.009765625
chronos,original,amazon/chronos-t5-large,price,history,2026-01-30,6939.02978515625
chronos,original,amazon/chronos-t5-large,price,history,2026-02-02,6976.43994140625
chronos,original,amazon/chronos-t5-large,price,history,2026-02-03,6917.81005859375
chronos,original,amazon/chronos-t5-large,price,history,2026-02-04,6882.72021484375
chronos,original,amazon/chronos-t5-large,price,history,2026-02-05,6798.39990234375
chronos,original,amazon/chronos-t5-large,price,history,2026-02-06,6932.2998046875
chronos,original,amazon/chronos-t5-large,price,history,2026-02-09,6964.81982421875
chronos,original,amazon/chronos-t5-large,price,history,2026-02-10,6941.81005859375
chronos,original,amazon/chronos-t5-large,price,history,2026-02-11,6941.47021484375
chronos,original,amazon/chronos-t5-large,price,history,2026-02-12,6832.759765625
chronos,original,amazon/chronos-t5-large,price,history,2026-02-13,6836.169921875
chronos,original,amazon/chronos-t5-large,price,history,2026-02-17,6843.22021484375
chronos,original,amazon/chronos-t5-large,price,history,2026-02-18,6881.31005859375
chronos,original,amazon/chronos-t5-large,price,history,2026-02-19,6861.89013671875
chronos,original,amazon/chronos-t5-large,price,history,2026-02-20,6909.509765625
chronos,original,amazon/chronos-t5-large,price,history,2026-02-23,6837.75
chronos,original,amazon/chronos-t5-large,price,history,2026-02-24,6890.06982421875
chronos,original,amazon/chronos-t5-large,price,history,2026-02-25,6946.1298828125
chronos,original,amazon/chronos-t5-large,price,history,2026-02-26,6908.85986328125
chronos,original,amazon/chronos-t5-large,price,history,2026-02-27,6878.8798828125
chronos,original,amazon/chronos-t5-large,price,history,2026-03-02,6881.6201171875
chronos,original,amazon/chronos-t5-large,price,history,2026-03-03,6816.6298828125
chronos,original,amazon/chronos-t5-large,price,history,2026-03-04,6869.5
chronos,original,amazon/chronos-t5-large,price,history,2026-03-05,6830.7099609375
chronos,original,amazon/chronos-t5-large,price,history,2026-03-06,6740.02001953125
chronos,original,amazon/chronos-t5-large,price,history,2026-03-09,6795.990234375
chronos,original,amazon/chronos-t5-large,price,history,2026-03-10,6781.47998046875
chronos,original,amazon/chronos-t5-large,price,history,2026-03-11,6775.7998046875
chronos,original,amazon/chronos-t5-large,price,history,2026-03-12,6672.6201171875
chronos,original,amazon/chronos-t5-large,price,history,2026-03-13,6632.18994140625
chronos,original,amazon/chronos-t5-large,price,history,2026-03-16,6699.3798828125
chronos,original,amazon/chronos-t5-large,price,history,2026-03-17,6716.08984375
chronos,original,amazon/chronos-t5-large,price,history,2026-03-18,6624.7001953125
chronos,original,amazon/chronos-t5-large,price,history,2026-03-19,6606.490234375
chronos,original,amazon/chronos-t5-large,price,history,2026-03-20,6506.47998046875
chronos,original,amazon/chronos-t5-large,price,history,2026-03-23,6581.0
chronos,original,amazon/chronos-t5-large,price,history,2026-03-24,6556.3701171875
chronos,original,amazon/chronos-t5-large,price,history,2026-03-25,6591.89990234375
chronos,original,amazon/chronos-t5-large,price,history,2026-03-26,6477.16015625
chronos,original,amazon/chronos-t5-large,price,history,2026-03-27,6368.85009765625
chronos,original,amazon/chronos-t5-large,price,history,2026-03-30,6343.72021484375
chronos,original,amazon/chronos-t5-large,price,history,2026-03-31,6528.52001953125
chronos,original,amazon/chronos-t5-large,price,history,2026-04-01,6575.31982421875
chronos,original,amazon/chronos-t5-large,price,history,2026-04-02,6582.68994140625
chronos,original,amazon/chronos-t5-large,price,history,2026-04-06,6611.830078125
chronos,original,amazon/chronos-t5-large,price,history,2026-04-07,6616.85009765625
chronos,original,amazon/chronos-t5-large,price,history,2026-04-08,6782.81005859375
chronos,original,amazon/chronos-t5-large,price,history,2026-04-09,6824.66015625
chronos,original,amazon/chronos-t5-large,price,history,2026-04-10,6816.89013671875
chronos,original,amazon/chronos-t5-large,price,history,2026-04-13,6886.240234375
chronos,original,amazon/chronos-t5-large,price,history,2026-04-14,6967.3798828125
chronos,original,amazon/chronos-t5-large,price,history,2026-04-15,7022.9501953125
chronos,original,amazon/chronos-t5-large,price,history,2026-04-16,7041.27978515625
chronos,original,amazon/chronos-t5-large,price,history,2026-04-17,7126.06005859375
chronos,original,amazon/chronos-t5-large,price,history,2026-04-20,7109.14013671875
chronos,original,amazon/chronos-t5-large,price,history,2026-04-21,7064.009765625
chronos,original,amazon/chronos-t5-large,price,history,2026-04-22,7137.89990234375
chronos,original,amazon/chronos-t5-large,price,history,2026-04-23,7108.39990234375
chronos,original,amazon/chronos-t5-large,price,history,2026-04-24,7165.080078125
chronos,original,amazon/chronos-t5-large,price,history,2026-04-27,7173.91015625
chronos,original,amazon/chronos-t5-large,price,history,2026-04-28,7138.7998046875
chronos,original,amazon/chronos-t5-large,price,history,2026-04-29,7135.9501953125
chronos,original,amazon/chronos-t5-large,price,history,2026-04-30,7209.009765625
chronos,original,amazon/chronos-t5-large,price,history,2026-05-01,7230.1201171875
chronos,original,amazon/chronos-t5-large,price,history,2026-05-04,7200.75
chronos,original,amazon/chronos-t5-large,price,history,2026-05-05,7259.22021484375
chronos,original,amazon/chronos-t5-large,price,history,2026-05-06,7365.1201171875
chronos,original,amazon/chronos-t5-large,price,history,2026-05-07,7337.10986328125
chronos,original,amazon/chronos-t5-large,price,history,2026-05-08,7398.93017578125
chronos,original,amazon/chronos-t5-large,price,history,2026-05-11,7412.83984375
chronos,original,amazon/chronos-t5-large,price,history,2026-05-12,7400.9599609375
chronos,original,amazon/chronos-t5-large,price,history,2026-05-13,7444.25
chronos,original,amazon/chronos-t5-large,price,history,2026-05-14,7501.240234375
chronos,original,amazon/chronos-t5-large,price,history,2026-05-15,7408.5
chronos,original,amazon/chronos-t5-large,price,history,2026-05-18,7403.0498046875
chronos,original,amazon/chronos-t5-large,price,history,2026-05-19,7353.60986328125
chronos,original,amazon/chronos-t5-large,price,history,2026-05-20,7432.97021484375
chronos,original,amazon/chronos-t5-large,price,history,2026-05-21,7445.72021484375
chronos,original,amazon/chronos-t5-large,price,history,2026-05-22,7473.47021484375
chronos,original,amazon/chronos-t5-large,price,history,2026-05-26,7519.1201171875
chronos,original,amazon/chronos-t5-large,price,history,2026-05-27,7520.35986328125
chronos,original,amazon/chronos-t5-large,price,history,2026-05-28,7563.6298828125
chronos,original,amazon/chronos-t5-large,price,history,2026-05-29,7580.06005859375
chronos,original,amazon/chronos-t5-large,price,history,2026-06-01,7599.9599609375
chronos,original,amazon/chronos-t5-large,price,history,2026-06-02,7609.77978515625
chronos,original,amazon/chronos-t5-large,price,history,2026-06-03,7553.68017578125
chronos,original,amazon/chronos-t5-large,price,history,2026-06-04,7584.31005859375
chronos,original,amazon/chronos-t5-large,price,history,2026-06-05,7383.740234375
chronos,original,amazon/chronos-t5-large,price,history,2026-06-08,7405.72998046875
chronos,original,amazon/chronos-t5-large,price,history,2026-06-09,7386.64990234375
chronos,original,amazon/chronos-t5-large,price,history,2026-06-10,7266.990234375
chronos,original,amazon/chronos-t5-large,price,history,2026-06-11,7394.2998046875
chronos,original,amazon/chronos-t5-large,price,history,2026-06-12,7431.4599609375
chronos,original,amazon/chronos-t5-large,price,history,2026-06-15,7554.2900390625
chronos,original,amazon/chronos-t5-large,price,history,2026-06-16,7511.35009765625
chronos,original,amazon/chronos-t5-large,price,history,2026-06-17,7420.10009765625
chronos,original,amazon/chronos-t5-large,price,history,2026-06-18,7500.580078125
chronos,original,amazon/chronos-t5-large,price,history,2026-06-22,7472.7900390625
chronos,original,amazon/chronos-t5-large,price,history,2026-06-23,7365.4599609375
chronos,original,amazon/chronos-t5-large,price,history,2026-06-24,7358.22021484375
chronos,original,amazon/chronos-t5-large,price,history,2026-06-25,7357.490234375
chronos,original,amazon/chronos-t5-large,price,history,2026-06-26,7354.02001953125
chronos,original,amazon/chronos-t5-large,price,history,2026-06-29,7440.43017578125
chronos,original,amazon/chronos-t5-large,price,history,2026-06-30,7499.35986328125
chronos,original,amazon/chronos-t5-large,price,history,2026-07-01,7483.22998046875
chronos,original,amazon/chronos-t5-large,price,history,2026-07-02,7483.240234375
chronos,original,amazon/chronos-t5-large,price,history,2026-07-06,7537.43017578125
chronos,original,amazon/chronos-t5-large,price,history,2026-07-07,7503.85009765625
chronos,original,amazon/chronos-t5-large,price,history,2026-07-08,7482.7099609375
chronos,original,amazon/chronos-t5-large,price,history,2026-07-09,7543.64013671875
chronos,original,amazon/chronos-t5-large,price,actual,2026-07-10,7575.39013671875
chronos,original,amazon/chronos-t5-large,price,actual,2026-07-13,7515.33984375
chronos,original,amazon/chronos-t5-large,price,actual,2026-07-14,7543.58984375
chronos,original,amazon/chronos-t5-large,price,actual,2026-07-15,7572.39990234375
chronos,original,amazon/chronos-t5-large,price,actual,2026-07-16,7533.77001953125
chronos,original,amazon/chronos-t5-large,price,actual,2026-07-17,7457.68994140625
chronos,original,amazon/chronos-t5-large,price,actual,2026-07-20,7443.27978515625
chronos,original,amazon/chronos-t5-large,price,actual,2026-07-21,7509.2001953125
chronos,original,amazon/chronos-t5-large,price,actual,2026-07-22,7498.9599609375
chronos,original,amazon/chronos-t5-large,price,actual,2026-07-23,7408.2998046875
chronos,original,amazon/chronos-t5-large,price,actual,2026-07-24,7411.97998046875
chronos,original,amazon/chronos-t5-large,price,actual,2026-07-27,7413.18017578125
chronos,original,amazon/chronos-t5-large,price,actual,2026-07-28,7428.77978515625
chronos,original,amazon/chronos-t5-large,price,actual,2026-07-29,7316.14990234375
chronos,original,amazon/chronos-t5-large,price,actual,2026-07-30,7437.6298828125
chronos,original,amazon/chronos-t5-large,price,actual,2026-07-31,7489.72021484375
chronos,original,amazon/chronos-t5-large,price,actual,2026-08-03,7600.5
chronos,original,amazon/chronos-t5-large,price,actual,2026-08-04,7736.52001953125
chronos,original,amazon/chronos-t5-large,price,actual,2026-08-05,7723.5498046875
chronos,original,amazon/chronos-t5-large,price,actual,2026-08-06,7709.9599609375
chronos,original,amazon/chronos-t5-large,price,actual,2026-08-07,7757.64013671875
chronos,original,amazon/chronos-t5-large,price,naive,2026-07-10,7543.64013671875
chronos,original,amazon/chronos-t5-large,price,naive,2026-07-13,7543.64013671875
chronos,original,amazon/chronos-t5-large,price,naive,2026-07-14,7543.64013671875
chronos,original,amazon/chronos-t5-large,price,naive,2026-07-15,7543.64013671875
chronos,original,amazon/chronos-t5-large,price,naive,2026-07-16,7543.64013671875
chronos,original,amazon/chronos-t5-large,price,naive,2026-07-17,7543.64013671875
chronos,original,amazon/chronos-t5-large,price,naive,2026-07-20,7543.64013671875
chronos,original,amazon/chronos-t5-large,price,naive,2026-07-21,7543.64013671875
chronos,original,amazon/chronos-t5-large,price,naive,2026-07-22,7543.64013671875
chronos,original,amazon/chronos-t5-large,price,naive,2026-07-23,7543.64013671875
chronos,original,amazon/chronos-t5-large,price,naive,2026-07-24,7543.64013671875
chronos,original,amazon/chronos-t5-large,price,naive,2026-07-27,7543.64013671875
chronos,original,amazon/chronos-t5-large,price,naive,2026-07-28,7543.64013671875
chronos,original,amazon/chronos-t5-large,price,naive,2026-07-29,7543.64013671875
chronos,original,amazon/chronos-t5-large,price,naive,2026-07-30,7543.64013671875
chronos,original,amazon/chronos-t5-large,price,naive,2026-07-31,7543.64013671875
chronos,original,amazon/chronos-t5-large,price,naive,2026-08-03,7543.64013671875
chronos,original,amazon/chronos-t5-large,price,naive,2026-08-04,7543.64013671875
chronos,original,amazon/chronos-t5-large,price,naive,2026-08-05,7543.64013671875
chronos,original,amazon/chronos-t5-large,price,naive,2026-08-06,7543.64013671875
chronos,original,amazon/chronos-t5-large,price,naive,2026-08-07,7543.64013671875
chronos,original,amazon/chronos-t5-large,price,forecast,2026-07-10,7529.9521484375
chronos,original,amazon/chronos-t5-large,price,forecast,2026-07-13,7483.75634765625
chronos,original,amazon/chronos-t5-large,price,forecast,2026-07-14,7483.75634765625
chronos,original,amazon/chronos-t5-large,price,forecast,2026-07-15,7529.9521484375
chronos,original,amazon/chronos-t5-large,price,forecast,2026-07-16,7576.1484375
chronos,original,amazon/chronos-t5-large,price,forecast,2026-07-17,7599.24609375
chronos,original,amazon/chronos-t5-large,price,forecast,2026-07-20,7622.34423828125
chronos,original,amazon/chronos-t5-large,price,forecast,2026-07-21,7622.34423828125
chronos,original,amazon/chronos-t5-large,price,forecast,2026-07-22,7645.4423828125
chronos,original,amazon/chronos-t5-large,price,forecast,2026-07-23,7645.4423828125
chronos,original,amazon/chronos-t5-large,price,forecast,2026-07-24,7622.34423828125
chronos,original,amazon/chronos-t5-large,price,forecast,2026-07-27,7622.34423828125
chronos,original,amazon/chronos-t5-large,price,forecast,2026-07-28,7645.4423828125
chronos,original,amazon/chronos-t5-large,price,forecast,2026-07-29,7645.4423828125
chronos,original,amazon/chronos-t5-large,price,forecast,2026-07-30,7668.5400390625
chronos,original,amazon/chronos-t5-large,price,forecast,2026-07-31,7622.34423828125
chronos,original,amazon/chronos-t5-large,price,forecast,2026-08-03,7645.4423828125
chronos,original,amazon/chronos-t5-large,price,forecast,2026-08-04,7622.34423828125
chronos,original,amazon/chronos-t5-large,price,forecast,2026-08-05,7622.34423828125
chronos,original,amazon/chronos-t5-large,price,forecast,2026-08-06,7668.5400390625
chronos,original,amazon/chronos-t5-large,price,forecast,2026-08-07,7668.5400390625
chronos,original,amazon/chronos-t5-large,simple_return,history,2024-06-24,-0.003065171894990004
chronos,original,amazon/chronos-t5-large,simple_return,history,2024-06-25,0.003933590015736899
chronos,original,amazon/chronos-t5-large,simple_return,history,2024-06-26,0.0015724312002203256
chronos,original,amazon/chronos-t5-large,simple_return,history,2024-06-27,0.0009073212238914774
chronos,original,amazon/chronos-t5-large,simple_return,history,2024-06-28,-0.004083652583445674
chronos,original,amazon/chronos-t5-large,simple_return,history,2024-07-01,0.0026755639309195
chronos,original,amazon/chronos-t5-large,simple_return,history,2024-07-02,0.006195317856513505
chronos,original,amazon/chronos-t5-large,simple_return,history,2024-07-03,0.005084444409779065
chronos,original,amazon/chronos-t5-large,simple_return,history,2024-07-05,0.005448765178485582
chronos,original,amazon/chronos-t5-large,simple_return,history,2024-07-08,0.0010166989647510949
chronos,original,amazon/chronos-t5-large,simple_return,history,2024-07-09,0.0007410719362856977
chronos,original,amazon/chronos-t5-large,simple_return,history,2024-07-10,0.010208065293514812
chronos,original,amazon/chronos-t5-large,simple_return,history,2024-07-11,-0.008763028841120457
chronos,original,amazon/chronos-t5-large,simple_return,history,2024-07-12,0.0055170270744306915
chronos,original,amazon/chronos-t5-large,simple_return,history,2024-07-15,0.0028262026252154904
chronos,original,amazon/chronos-t5-large,simple_return,history,2024-07-16,0.006389375498743188
chronos,original,amazon/chronos-t5-large,simple_return,history,2024-07-17,-0.013927543241993745
chronos,original,amazon/chronos-t5-large,simple_return,history,2024-07-18,-0.007816403936922511
chronos,original,amazon/chronos-t5-large,simple_return,history,2024-07-19,-0.007140265531926926
chronos,original,amazon/chronos-t5-large,simple_return,history,2024-07-22,0.01079203564940956
chronos,original,amazon/chronos-t5-large,simple_return,history,2024-07-23,-0.001558102589770738
chronos,original,amazon/chronos-t5-large,simple_return,history,2024-07-24,-0.02314909375473495
chronos,original,amazon/chronos-t5-large,simple_return,history,2024-07-25,-0.005142620237842288
chronos,original,amazon/chronos-t5-large,simple_return,history,2024-07-26,0.011090468702846357
chronos,original,amazon/chronos-t5-large,simple_return,history,2024-07-29,0.0008133101292933098
chronos,original,amazon/chronos-t5-large,simple_return,history,2024-07-30,-0.004960171878030217
chronos,original,amazon/chronos-t5-large,simple_return,history,2024-07-31,0.0157933986591674
chronos,original,amazon/chronos-t5-large,simple_return,history,2024-08-01,-0.013693502993456064
chronos,original,amazon/chronos-t5-large,simple_return,history,2024-08-02,-0.018381860868696753
chronos,original,amazon/chronos-t5-large,simple_return,history,2024-08-05,-0.02996879838863975
chronos,original,amazon/chronos-t5-large,simple_return,history,2024-08-06,0.010354085880061037
chronos,original,amazon/chronos-t5-large,simple_return,history,2024-08-07,-0.007734647858502863
chronos,original,amazon/chronos-t5-large,simple_return,history,2024-08-08,0.023042611519136447
chronos,original,amazon/chronos-t5-large,simple_return,history,2024-08-09,0.004671676849538509
chronos,original,amazon/chronos-t5-large,simple_return,history,2024-08-12,4.303397765514916e-05
chronos,original,amazon/chronos-t5-large,simple_return,history,2024-08-13,0.016847579753558328
chronos,original,amazon/chronos-t5-large,simple_return,history,2024-08-14,0.0038237284285767004
chronos,original,amazon/chronos-t5-large,simple_return,history,2024-08-15,0.016133247764330783
chronos,original,amazon/chronos-t5-large,simple_return,history,2024-08-16,0.001989779357261412
chronos,original,amazon/chronos-t5-large,simple_return,history,2024-08-19,0.009722284736913167
chronos,original,amazon/chronos-t5-large,simple_return,history,2024-08-20,-0.0019845553982971165
chronos,original,amazon/chronos-t5-large,simple_return,history,2024-08-21,0.004239676828782013
chronos,original,amazon/chronos-t5-large,simple_return,history,2024-08-22,-0.008932805548120926
chronos,original,amazon/chronos-t5-large,simple_return,history,2024-08-23,0.01148337085011919
chronos,original,amazon/chronos-t5-large,simple_return,history,2024-08-26,-0.0031537266931381813
chronos,original,amazon/chronos-t5-large,simple_return,history,2024-08-27,0.0015951960865450143
chronos,original,amazon/chronos-t5-large,simple_return,history,2024-08-28,-0.00597597320797616
chronos,original,amazon/chronos-t5-large,simple_return,history,2024-08-29,-3.937906806072977e-05
chronos,original,amazon/chronos-t5-large,simple_return,history,2024-08-30,0.010093051774424433
chronos,original,amazon/chronos-t5-large,simple_return,history,2024-09-03,-0.02115107439771169
chronos,original,amazon/chronos-t5-large,simple_return,history,2024-09-04,-0.0016025435809103872
chronos,original,amazon/chronos-t5-large,simple_return,history,2024-09-05,-0.003018017615584734
chronos,original,amazon/chronos-t5-large,simple_return,history,2024-09-06,-0.01726024985928465
chronos,original,amazon/chronos-t5-large,simple_return,history,2024-09-09,0.0115800702824842
chronos,original,amazon/chronos-t5-large,simple_return,history,2024-09-10,0.004472672652839682
chronos,original,amazon/chronos-t5-large,simple_return,history,2024-09-11,0.010665025888896507
chronos,original,amazon/chronos-t5-large,simple_return,history,2024-09-12,0.007495302358939249
chronos,original,amazon/chronos-t5-large,simple_return,history,2024-09-13,0.005407711405364557
chronos,original,amazon/chronos-t5-large,simple_return,history,2024-09-16,0.0012566297656613212
chronos,original,amazon/chronos-t5-large,simple_return,history,2024-09-17,0.00026455008109871336
chronos,original,amazon/chronos-t5-large,simple_return,history,2024-09-18,-0.002896455862498093
chronos,original,amazon/chronos-t5-large,simple_return,history,2024-09-19,0.01697685316676334
chronos,original,amazon/chronos-t5-large,simple_return,history,2024-09-20,-0.0019410273951238066
chronos,original,amazon/chronos-t5-large,simple_return,history,2024-09-23,0.0028092730585327352
chronos,original,amazon/chronos-t5-large,simple_return,history,2024-09-24,0.0025111788443470395
chronos,original,amazon/chronos-t5-large,simple_return,history,2024-09-25,-0.0018612489301417234
chronos,original,amazon/chronos-t5-large,simple_return,history,2024-09-26,0.00403867571712313
chronos,original,amazon/chronos-t5-large,simple_return,history,2024-09-27,-0.0012532169669905446
chronos,original,amazon/chronos-t5-large,simple_return,history,2024-09-30,0.004236552581176722
chronos,original,amazon/chronos-t5-large,simple_return,history,2024-10-01,-0.009324107094664358
chronos,original,amazon/chronos-t5-large,simple_return,history,2024-10-02,0.00013839090212397487
chronos,original,amazon/chronos-t5-large,simple_return,history,2024-10-03,-0.001681413492255035
chronos,original,amazon/chronos-t5-large,simple_return,history,2024-10-04,0.008970249395274354
chronos,original,amazon/chronos-t5-large,simple_return,history,2024-10-07,-0.009586022165882668
chronos,original,amazon/chronos-t5-large,simple_return,history,2024-10-08,0.009689347495581924
chronos,original,amazon/chronos-t5-large,simple_return,history,2024-10-09,0.007113411987488272
chronos,original,amazon/chronos-t5-large,simple_return,history,2024-10-10,-0.002070122839989974
chronos,original,amazon/chronos-t5-large,simple_return,history,2024-10-11,0.006051847587953629
chronos,original,amazon/chronos-t5-large,simple_return,history,2024-10-14,0.0077076668832223305
chronos,original,amazon/chronos-t5-large,simple_return,history,2024-10-15,-0.007609466332438197
chronos,original,amazon/chronos-t5-large,simple_return,history,2024-10-16,0.004679145956573816
chronos,original,amazon/chronos-t5-large,simple_return,history,2024-10-17,-0.00017116047891174713
chronos,original,amazon/chronos-t5-large,simple_return,history,2024-10-18,0.00397155273894878
chronos,original,amazon/chronos-t5-large,simple_return,history,2024-10-21,-0.0018227694906369774
chronos,original,amazon/chronos-t5-large,simple_return,history,2024-10-22,-0.0004748538883844189
chronos,original,amazon/chronos-t5-large,simple_return,history,2024-10-23,-0.009191323428069387
chronos,original,amazon/chronos-t5-large,simple_return,history,2024-10-24,0.002145772011323821
chronos,original,amazon/chronos-t5-large,simple_return,history,2024-10-25,-0.00029944716993013376
chronos,original,amazon/chronos-t5-large,simple_return,history,2024-10-28,0.0026514435020339455
chronos,original,amazon/chronos-t5-large,simple_return,history,2024-10-29,0.001614127248163344
chronos,original,amazon/chronos-t5-large,simple_return,history,2024-10-30,-0.003300233889343751
chronos,original,amazon/chronos-t5-large,simple_return,history,2024-10-31,-0.018614700871699585
chronos,original,amazon/chronos-t5-large,simple_return,history,2024-11-01,0.004092509543626166
chronos,original,amazon/chronos-t5-large,simple_return,history,2024-11-04,-0.002812083478299976
chronos,original,amazon/chronos-t5-large,simple_return,history,2024-11-05,0.012265644545291332
chronos,original,amazon/chronos-t5-large,simple_return,history,2024-11-06,0.025295927786425976
chronos,original,amazon/chronos-t5-large,simple_return,history,2024-11-07,0.007431229727488331
chronos,original,amazon/chronos-t5-large,simple_return,history,2024-11-08,0.0037568333092317108
chronos,original,amazon/chronos-t5-large,simple_return,history,2024-11-11,0.0009690634297987444
chronos,original,amazon/chronos-t5-large,simple_return,history,2024-11-12,-0.00289265965137242
chronos,original,amazon/chronos-t5-large,simple_return,history,2024-11-13,0.00023222772482434095
chronos,original,amazon/chronos-t5-large,simple_return,history,2024-11-14,-0.006049734794859041
chronos,original,amazon/chronos-t5-large,simple_return,history,2024-11-15,-0.013203489851361216
chronos,original,amazon/chronos-t5-large,simple_return,history,2024-11-18,0.003917814394541086
chronos,original,amazon/chronos-t5-large,simple_return,history,2024-11-19,0.003963584828470035
chronos,original,amazon/chronos-t5-large,simple_return,history,2024-11-20,2.195086225209586e-05
chronos,original,amazon/chronos-t5-large,simple_return,history,2024-11-21,0.0053404615405816536
chronos,original,amazon/chronos-t5-large,simple_return,history,2024-11-22,0.003467959094991535
chronos,original,amazon/chronos-t5-large,simple_return,history,2024-11-25,0.003020480305938378
chronos,original,amazon/chronos-t5-large,simple_return,history,2024-11-26,0.005722005647630368
chronos,original,amazon/chronos-t5-large,simple_return,history,2024-11-27,-0.003801238017440034
chronos,original,amazon/chronos-t5-large,simple_return,history,2024-11-29,0.005607785488815242
chronos,original,amazon/chronos-t5-large,simple_return,history,2024-12-02,0.0024484564662998753
chronos,original,amazon/chronos-t5-large,simple_return,history,2024-12-03,0.0004514491145146682
chronos,original,amazon/chronos-t5-large,simple_return,history,2024-12-04,0.006051417924264779
chronos,original,amazon/chronos-t5-large,simple_return,history,2024-12-05,-0.0018697756269248078
chronos,original,amazon/chronos-t5-large,simple_return,history,2024-12-06,0.0024954538421815275
chronos,original,amazon/chronos-t5-large,simple_return,history,2024-12-09,-0.006144213927296471
chronos,original,amazon/chronos-t5-large,simple_return,history,2024-12-10,-0.002963883313944371
chronos,original,amazon/chronos-t5-large,simple_return,history,2024-12-11,0.008165786048233592
chronos,original,amazon/chronos-t5-large,simple_return,history,2024-12-12,-0.005414022527810203
chronos,original,amazon/chronos-t5-large,simple_return,history,2024-12-13,-2.6466639124200775e-05
chronos,original,amazon/chronos-t5-large,simple_return,history,2024-12-16,0.0037993543260221863
chronos,original,amazon/chronos-t5-large,simple_return,history,2024-12-17,-0.003863994965801476
chronos,original,amazon/chronos-t5-large,simple_return,history,2024-12-18,-0.02949284635160343
chronos,original,amazon/chronos-t5-large,simple_return,history,2024-12-19,-0.0008651123249070469
chronos,original,amazon/chronos-t5-large,simple_return,history,2024-12-20,0.010869123768910471
chronos,original,amazon/chronos-t5-large,simple_return,history,2024-12-23,0.007287273468533639
chronos,original,amazon/chronos-t5-large,simple_return,history,2024-12-24,0.01104275925539211
chronos,original,amazon/chronos-t5-large,simple_return,history,2024-12-26,-0.00040565878647391695
chronos,original,amazon/chronos-t5-large,simple_return,history,2024-12-27,-0.011055736101235558
chronos,original,amazon/chronos-t5-large,simple_return,history,2024-12-30,-0.010701995701766776
chronos,original,amazon/chronos-t5-large,simple_return,history,2024-12-31,-0.004284800394927402
chronos,original,amazon/chronos-t5-large,simple_return,history,2025-01-02,-0.0022238866412221947
chronos,original,amazon/chronos-t5-large,simple_return,history,2025-01-03,0.01259602672149196
chronos,original,amazon/chronos-t5-large,simple_return,history,2025-01-06,0.005538045085450305
chronos,original,amazon/chronos-t5-large,simple_return,history,2025-01-07,-0.01110391288210788
chronos,original,amazon/chronos-t5-large,simple_return,history,2025-01-08,0.001560360190925314
chronos,original,amazon/chronos-t5-large,simple_return,history,2025-01-10,-0.01541164380306681
chronos,original,amazon/chronos-t5-large,simple_return,history,2025-01-13,0.0015754440882007614
chronos,original,amazon/chronos-t5-large,simple_return,history,2025-01-14,0.0011462798112440442
chronos,original,amazon/chronos-t5-large,simple_return,history,2025-01-15,0.018312792279639112
chronos,original,amazon/chronos-t5-large,simple_return,history,2025-01-16,-0.0021126894641922966
chronos,original,amazon/chronos-t5-large,simple_return,history,2025-01-17,0.009991058969353706
chronos,original,amazon/chronos-t5-large,simple_return,history,2025-01-21,0.008768227105582893
chronos,original,amazon/chronos-t5-large,simple_return,history,2025-01-22,0.006137941522227575
chronos,original,amazon/chronos-t5-large,simple_return,history,2025-01-23,0.00531348622041139
chronos,original,amazon/chronos-t5-large,simple_return,history,2025-01-24,-0.002855132319398823
chronos,original,amazon/chronos-t5-large,simple_return,history,2025-01-27,-0.014580715690809543
chronos,original,amazon/chronos-t5-large,simple_return,history,2025-01-28,0.009217869449967608
chronos,original,amazon/chronos-t5-large,simple_return,history,2025-01-29,-0.004678895760321544
chronos,original,amazon/chronos-t5-large,simple_return,history,2025-01-30,0.005275414405311762
chronos,original,amazon/chronos-t5-large,simple_return,history,2025-01-31,-0.005046825754019935
chronos,original,amazon/chronos-t5-large,simple_return,history,2025-02-03,-0.007608597684666707
chronos,original,amazon/chronos-t5-large,simple_return,history,2025-02-04,0.007224881828679752
chronos,original,amazon/chronos-t5-large,simple_return,history,2025-02-05,0.003908672930614365
chronos,original,amazon/chronos-t5-large,simple_return,history,2025-02-06,0.003644298722618622
chronos,original,amazon/chronos-t5-large,simple_return,history,2025-02-07,-0.009464770111542897
chronos,original,amazon/chronos-t5-large,simple_return,history,2025-02-10,0.006712541085862833
chronos,original,amazon/chronos-t5-large,simple_return,history,2025-02-11,0.00033958278885926063
chronos,original,amazon/chronos-t5-large,simple_return,history,2025-02-12,-0.0027238667143857365
chronos,original,amazon/chronos-t5-large,simple_return,history,2025-02-13,0.010426292122230674
chronos,original,amazon/chronos-t5-large,simple_return,history,2025-02-14,-7.194380749464546e-05
chronos,original,amazon/chronos-t5-large,simple_return,history,2025-02-18,0.0024449877750611915
chronos,original,amazon/chronos-t5-large,simple_return,history,2025-02-19,0.0023769693899173827
chronos,original,amazon/chronos-t5-large,simple_return,history,2025-02-20,-0.0043341850761716705
chronos,original,amazon/chronos-t5-large,simple_return,history,2025-02-21,-0.01706412670256352
chronos,original,amazon/chronos-t5-large,simple_return,history,2025-02-24,-0.00496910650440241
chronos,original,amazon/chronos-t5-large,simple_return,history,2025-02-25,-0.004679730915472358
chronos,original,amazon/chronos-t5-large,simple_return,history,2025-02-26,0.00013602428004699796
chronos,original,amazon/chronos-t5-large,simple_return,history,2025-02-27,-0.015864553655509872
chronos,original,amazon/chronos-t5-large,simple_return,history,2025-02-28,0.01585414463498891
chronos,original,amazon/chronos-t5-large,simple_return,history,2025-03-03,-0.0175967394669998
chronos,original,amazon/chronos-t5-large,simple_return,history,2025-03-04,-0.012234826602200433
chronos,original,amazon/chronos-t5-large,simple_return,history,2025-03-05,0.011159277893187936
chronos,original,amazon/chronos-t5-large,simple_return,history,2025-03-06,-0.017819007085749905
chronos,original,amazon/chronos-t5-large,simple_return,history,2025-03-07,0.00552061780274804
chronos,original,amazon/chronos-t5-large,simple_return,history,2025-03-10,-0.0269730913054258
chronos,original,amazon/chronos-t5-large,simple_return,history,2025-03-11,-0.007567865323653167
chronos,original,amazon/chronos-t5-large,simple_return,history,2025-03-12,0.004886869929446425
chronos,original,amazon/chronos-t5-large,simple_return,history,2025-03-13,-0.013890984206835322
chronos,original,amazon/chronos-t5-large,simple_return,history,2025-03-14,0.021265869083087807
chronos,original,amazon/chronos-t5-large,simple_return,history,2025-03-17,0.006416130719105961
chronos,original,amazon/chronos-t5-large,simple_return,history,2025-03-18,-0.010653512117636543
chronos,original,amazon/chronos-t5-large,simple_return,history,2025-03-19,0.010798495567894584
chronos,original,amazon/chronos-t5-large,simple_return,history,2025-03-20,-0.0021848931523151816
chronos,original,amazon/chronos-t5-large,simple_return,history,2025-03-21,0.0008246534476661349
chronos,original,amazon/chronos-t5-large,simple_return,history,2025-03-24,0.017646000146633645
chronos,original,amazon/chronos-t5-large,simple_return,history,2025-03-25,0.0015743334544251475
chronos,original,amazon/chronos-t5-large,simple_return,history,2025-03-26,-0.011156934922627149
chronos,original,amazon/chronos-t5-large,simple_return,history,2025-03-27,-0.003306980860763864
chronos,original,amazon/chronos-t5-large,simple_return,history,2025-03-28,-0.01973722070834405
chronos,original,amazon/chronos-t5-large,simple_return,history,2025-03-31,0.005538521570653376
chronos,original,amazon/chronos-t5-large,simple_return,history,2025-04-01,0.0037812354559083605
chronos,original,amazon/chronos-t5-large,simple_return,history,2025-04-02,0.006728194715792668
chronos,original,amazon/chronos-t5-large,simple_return,history,2025-04-03,-0.04839563335990149
chronos,original,amazon/chronos-t5-large,simple_return,history,2025-04-04,-0.05974960534553109
chronos,original,amazon/chronos-t5-large,simple_return,history,2025-04-07,-0.0023314724921273955
chronos,original,amazon/chronos-t5-large,simple_return,history,2025-04-08,-0.015700524562941354
chronos,original,amazon/chronos-t5-large,simple_return,history,2025-04-09,0.09515387644904849
chronos,original,amazon/chronos-t5-large,simple_return,history,2025-04-10,-0.03460757958472693
chronos,original,amazon/chronos-t5-large,simple_return,history,2025-04-11,0.018092095201708958
chronos,original,amazon/chronos-t5-large,simple_return,history,2025-04-14,0.007944712390868913
chronos,original,amazon/chronos-t5-large,simple_return,history,2025-04-15,-0.0017277808903947145
chronos,original,amazon/chronos-t5-large,simple_return,history,2025-04-16,-0.0224083715440897
chronos,original,amazon/chronos-t5-large,simple_return,history,2025-04-17,0.0013268380955802073
chronos,original,amazon/chronos-t5-large,simple_return,history,2025-04-21,-0.023567493023827546
chronos,original,amazon/chronos-t5-large,simple_return,history,2025-04-22,0.025117204723895226
chronos,original,amazon/chronos-t5-large,simple_return,history,2025-04-23,0.01666113847096007
chronos,original,amazon/chronos-t5-large,simple_return,history,2025-04-24,0.020259113708281262
chronos,original,amazon/chronos-t5-large,simple_return,history,2025-04-25,0.007373133469998461
chronos,original,amazon/chronos-t5-large,simple_return,history,2025-04-28,0.0006407067039131409
chronos,original,amazon/chronos-t5-large,simple_return,history,2025-04-29,0.005802410694099036
chronos,original,amazon/chronos-t5-large,simple_return,history,2025-04-30,0.00147999135976562
chronos,original,amazon/chronos-t5-large,simple_return,history,2025-05-01,0.006299102138585644
chronos,original,amazon/chronos-t5-large,simple_return,history,2025-05-02,0.01472657412963474
chronos,original,amazon/chronos-t5-large,simple_return,history,2025-05-05,-0.006381597588933863
chronos,original,amazon/chronos-t5-large,simple_return,history,2025-05-06,-0.007693239651855532
chronos,original,amazon/chronos-t5-large,simple_return,history,2025-05-07,0.00434635623313584
chronos,original,amazon/chronos-t5-large,simple_return,history,2025-05-08,0.005799775094835535
chronos,original,amazon/chronos-t5-large,simple_return,history,2025-05-09,-0.0007114809122162891
chronos,original,amazon/chronos-t5-large,simple_return,history,2025-05-12,0.032558782749008364
chronos,original,amazon/chronos-t5-large,simple_return,history,2025-05-13,0.0072482009835321826
chronos,original,amazon/chronos-t5-large,simple_return,history,2025-05-14,0.001024415597859818
chronos,original,amazon/chronos-t5-large,simple_return,history,2025-05-15,0.004132332074135769
chronos,original,amazon/chronos-t5-large,simple_return,history,2025-05-16,0.007005272294898557
chronos,original,amazon/chronos-t5-large,simple_return,history,2025-05-19,0.0008761131291423752
chronos,original,amazon/chronos-t5-large,simple_return,history,2025-05-20,-0.0038802294486252054
chronos,original,amazon/chronos-t5-large,simple_return,history,2025-05-21,-0.01613513066101424
chronos,original,amazon/chronos-t5-large,simple_return,history,2025-05-22,-0.00044487103794299543
chronos,original,amazon/chronos-t5-large,simple_return,history,2025-05-23,-0.006708297825321674
chronos,original,amazon/chronos-t5-large,simple_return,history,2025-05-27,0.0204590558452733
chronos,original,amazon/chronos-t5-large,simple_return,history,2025-05-28,-0.005571225417268844
chronos,original,amazon/chronos-t5-large,simple_return,history,2025-05-29,0.004011194261904327
chronos,original,amazon/chronos-t5-large,simple_return,history,2025-05-30,-8.118516130162234e-05
chronos,original,amazon/chronos-t5-large,simple_return,history,2025-06-02,0.0041020419271569075
chronos,original,amazon/chronos-t5-large,simple_return,history,2025-06-03,0.005800290454605506
chronos,original,amazon/chronos-t5-large,simple_return,history,2025-06-04,7.36874595066439e-05
chronos,original,amazon/chronos-t5-large,simple_return,history,2025-06-05,-0.005277383403094138
chronos,original,amazon/chronos-t5-large,simple_return,history,2025-06-06,0.010280683010067904
chronos,original,amazon/chronos-t5-large,simple_return,history,2025-06-09,0.0009199480792858594
chronos,original,amazon/chronos-t5-large,simple_return,history,2025-06-10,0.00548298940767844
chronos,original,amazon/chronos-t5-large,simple_return,history,2025-06-11,-0.002743888954607865
chronos,original,amazon/chronos-t5-large,simple_return,history,2025-06-12,0.0038224199557175265
chronos,original,amazon/chronos-t5-large,simple_return,history,2025-06-13,-0.011296379879250695
chronos,original,amazon/chronos-t5-large,simple_return,history,2025-06-16,0.009392659896159117
chronos,original,amazon/chronos-t5-large,simple_return,history,2025-06-17,-0.008352184790166306
chronos,original,amazon/chronos-t5-large,simple_return,history,2025-06-18,-0.0003092402101070313
chronos,original,amazon/chronos-t5-large,simple_return,history,2025-06-20,-0.002178658486505891
chronos,original,amazon/chronos-t5-large,simple_return,history,2025-06-23,0.009606504133156335
chronos,original,amazon/chronos-t5-large,simple_return,history,2025-06-24,0.01112172017970181
chronos,original,amazon/chronos-t5-large,simple_return,history,2025-06-25,-3.2861029504172024e-06
chronos,original,amazon/chronos-t5-large,simple_return,history,2025-06-26,0.008020121275230219
chronos,original,amazon/chronos-t5-large,simple_return,history,2025-06-27,0.005218970885222163
chronos,original,amazon/chronos-t5-large,simple_return,history,2025-06-30,0.005164427424532603
chronos,original,amazon/chronos-t5-large,simple_return,history,2025-07-01,-0.001118531087121899
chronos,original,amazon/chronos-t5-large,simple_return,history,2025-07-02,0.004745096791088033
chronos,original,amazon/chronos-t5-large,simple_return,history,2025-07-03,0.008338955206607324
chronos,original,amazon/chronos-t5-large,simple_return,history,2025-07-07,-0.007862297279128794
chronos,original,amazon/chronos-t5-large,simple_return,history,2025-07-08,-0.0007158868810946961
chronos,original,amazon/chronos-t5-large,simple_return,history,2025-07-09,0.0060621034026635545
chronos,original,amazon/chronos-t5-large,simple_return,history,2025-07-10,0.0027462050044453346
chronos,original,amazon/chronos-t5-large,simple_return,history,2025-07-11,-0.0032975229626984737
chronos,original,amazon/chronos-t5-large,simple_return,history,2025-07-14,0.001407413809457303
chronos,original,amazon/chronos-t5-large,simple_return,history,2025-07-15,-0.003956298214731202
chronos,original,amazon/chronos-t5-large,simple_return,history,2025-07-16,0.003193657417327689
chronos,original,amazon/chronos-t5-large,simple_return,history,2025-07-17,0.00537376740890938
chronos,original,amazon/chronos-t5-large,simple_return,history,2025-07-18,-9.048620868445933e-05
chronos,original,amazon/chronos-t5-large,simple_return,history,2025-07-21,0.001399134882868358
chronos,original,amazon/chronos-t5-large,simple_return,history,2025-07-22,0.0006375316336257875
chronos,original,amazon/chronos-t5-large,simple_return,history,2025-07-23,0.007811886951519131
chronos,original,amazon/chronos-t5-large,simple_return,history,2025-07-24,0.0006982236416543941
chronos,original,amazon/chronos-t5-large,simple_return,history,2025-07-25,0.00397432777929585
chronos,original,amazon/chronos-t5-large,simple_return,history,2025-07-28,0.00017685810881817865
chronos,original,amazon/chronos-t5-large,simple_return,history,2025-07-29,-0.002959442388724254
chronos,original,amazon/chronos-t5-large,simple_return,history,2025-07-30,-0.0012494327466496813
chronos,original,amazon/chronos-t5-large,simple_return,history,2025-07-31,-0.0036948193411530106
chronos,original,amazon/chronos-t5-large,simple_return,history,2025-08-01,-0.015992133140148468
chronos,original,amazon/chronos-t5-large,simple_return,history,2025-08-04,0.01473710033091602
chronos,original,amazon/chronos-t5-large,simple_return,history,2025-08-05,-0.004857865996303334
chronos,original,amazon/chronos-t5-large,simple_return,history,2025-08-06,0.007281907295092482
chronos,original,amazon/chronos-t5-large,simple_return,history,2025-08-07,-0.0007974800154801898
chronos,original,amazon/chronos-t5-large,simple_return,history,2025-08-08,0.007799715348974834
chronos,original,amazon/chronos-t5-large,simple_return,history,2025-08-11,-0.0025041278217863283
chronos,original,amazon/chronos-t5-large,simple_return,history,2025-08-12,0.01134543584661274
chronos,original,amazon/chronos-t5-large,simple_return,history,2025-08-13,0.0032300788824048965
chronos,original,amazon/chronos-t5-large,simple_return,history,2025-08-14,0.00030309080129242716
chronos,original,amazon/chronos-t5-large,simple_return,history,2025-08-15,-0.0028971350972291088
chronos,original,amazon/chronos-t5-large,simple_return,history,2025-08-18,-0.00010076318078544588
chronos,original,amazon/chronos-t5-large,simple_return,history,2025-08-19,-0.005858103118756786
chronos,original,amazon/chronos-t5-large,simple_return,history,2025-08-20,-0.0024316693228262354
chronos,original,amazon/chronos-t5-large,simple_return,history,2025-08-21,-0.004004181529308926
chronos,original,amazon/chronos-t5-large,simple_return,history,2025-08-22,0.015186444876893468
chronos,original,amazon/chronos-t5-large,simple_return,history,2025-08-25,-0.004266385548063467
chronos,original,amazon/chronos-t5-large,simple_return,history,2025-08-26,0.004133995191134998
chronos,original,amazon/chronos-t5-large,simple_return,history,2025-08-27,0.0023909843081744153
chronos,original,amazon/chronos-t5-large,simple_return,history,2025-08-28,0.0031567194195349924
chronos,original,amazon/chronos-t5-large,simple_return,history,2025-08-29,-0.00639818429357164
chronos,original,amazon/chronos-t5-large,simple_return,history,2025-09-02,-0.006922279936861564
chronos,original,amazon/chronos-t5-large,simple_return,history,2025-09-03,0.0051000736279842585
chronos,original,amazon/chronos-t5-large,simple_return,history,2025-09-04,0.008346486409699372
chronos,original,amazon/chronos-t5-large,simple_return,history,2025-09-05,-0.003165152978388819
chronos,original,amazon/chronos-t5-large,simple_return,history,2025-09-08,0.0021059789159529885
chronos,original,amazon/chronos-t5-large,simple_return,history,2025-09-09,0.0026881536531127015
chronos,original,amazon/chronos-t5-large,simple_return,history,2025-09-10,0.002983469943562689
chronos,original,amazon/chronos-t5-large,simple_return,history,2025-09-11,0.008485890387959882
chronos,original,amazon/chronos-t5-large,simple_return,history,2025-09-12,-0.00048276131466740146
chronos,original,amazon/chronos-t5-large,simple_return,history,2025-09-15,0.004706619226962694
chronos,original,amazon/chronos-t5-large,simple_return,history,2025-09-16,-0.0012879303382402618
chronos,original,amazon/chronos-t5-large,simple_return,history,2025-09-17,-0.0009701681605103207
chronos,original,amazon/chronos-t5-large,simple_return,history,2025-09-18,0.004789119185128365
chronos,original,amazon/chronos-t5-large,simple_return,history,2025-09-19,0.004885418870829605
chronos,original,amazon/chronos-t5-large,simple_return,history,2025-09-22,0.004410046474333074
chronos,original,amazon/chronos-t5-large,simple_return,history,2025-09-23,-0.005502159197012135
chronos,original,amazon/chronos-t5-large,simple_return,history,2025-09-24,-0.002846617843333288
chronos,original,amazon/chronos-t5-large,simple_return,history,2025-09-25,-0.0050090613431266195
chronos,original,amazon/chronos-t5-large,simple_return,history,2025-09-26,0.005901836747171263
chronos,original,amazon/chronos-t5-large,simple_return,history,2025-09-29,0.00263554421636214
chronos,original,amazon/chronos-t5-large,simple_return,history,2025-09-30,0.0040908483833717035
chronos,original,amazon/chronos-t5-large,simple_return,history,2025-10-01,0.003399920834961989
chronos,original,amazon/chronos-t5-large,simple_return,history,2025-10-02,0.0006183547238911569
chronos,original,amazon/chronos-t5-large,simple_return,history,2025-10-03,6.551280273581206e-05
chronos,original,amazon/chronos-t5-large,simple_return,history,2025-10-06,0.0036465919796933033
chronos,original,amazon/chronos-t5-large,simple_return,history,2025-10-07,-0.0038114057910215715
chronos,original,amazon/chronos-t5-large,simple_return,history,2025-10-08,0.0058276636405680815
chronos,original,amazon/chronos-t5-large,simple_return,history,2025-10-09,-0.002755570407195318
chronos,original,amazon/chronos-t5-large,simple_return,history,2025-10-10,-0.02711167321141361
chronos,original,amazon/chronos-t5-large,simple_return,history,2025-10-13,0.015598671787557583
chronos,original,amazon/chronos-t5-large,simple_return,history,2025-10-14,-0.0015643266604626893
chronos,original,amazon/chronos-t5-large,simple_return,history,2025-10-15,0.004026001159503689
chronos,original,amazon/chronos-t5-large,simple_return,history,2025-10-16,-0.006294387099829435
chronos,original,amazon/chronos-t5-large,simple_return,history,2025-10-17,0.0052707155502571545
chronos,original,amazon/chronos-t5-large,simple_return,history,2025-10-20,0.010672270853256949
chronos,original,amazon/chronos-t5-large,simple_return,history,2025-10-21,3.2696450934288634e-05
chronos,original,amazon/chronos-t5-large,simple_return,history,2025-10-22,-0.005337539220865439
chronos,original,amazon/chronos-t5-large,simple_return,history,2025-10-23,0.0058273934429324825
chronos,original,amazon/chronos-t5-large,simple_return,history,2025-10-24,0.00790242258787388
chronos,original,amazon/chronos-t5-large,simple_return,history,2025-10-27,0.012290050865671143
chronos,original,amazon/chronos-t5-large,simple_return,history,2025-10-28,0.0022879438603986557
chronos,original,amazon/chronos-t5-large,simple_return,history,2025-10-29,-4.3578255173426506e-05
chronos,original,amazon/chronos-t5-large,simple_return,history,2025-10-30,-0.00990481243951924
chronos,original,amazon/chronos-t5-large,simple_return,history,2025-10-31,0.0026179217059763005
chronos,original,amazon/chronos-t5-large,simple_return,history,2025-11-03,0.0017207127269924793
chronos,original,amazon/chronos-t5-large,simple_return,history,2025-11-04,-0.011736830084583816
chronos,original,amazon/chronos-t5-large,simple_return,history,2025-11-05,0.0036535556982648654
chronos,original,amazon/chronos-t5-large,simple_return,history,2025-11-06,-0.011178189042419073
chronos,original,amazon/chronos-t5-large,simple_return,history,2025-11-07,0.0012618418007710464
chronos,original,amazon/chronos-t5-large,simple_return,history,2025-11-10,0.01540101862170995
chronos,original,amazon/chronos-t5-large,simple_return,history,2025-11-11,0.002075350517340535
chronos,original,amazon/chronos-t5-large,simple_return,history,2025-11-12,0.0006295171887717999
chronos,original,amazon/chronos-t5-large,simple_return,history,2025-11-13,-0.01655685496159698
chronos,original,amazon/chronos-t5-large,simple_return,history,2025-11-14,-0.0005017255648851471
chronos,original,amazon/chronos-t5-large,simple_return,history,2025-11-17,-0.00916226617680782
chronos,original,amazon/chronos-t5-large,simple_return,history,2025-11-18,-0.008256436690967983
chronos,original,amazon/chronos-t5-large,simple_return,history,2025-11-19,0.0037538357962292324
chronos,original,amazon/chronos-t5-large,simple_return,history,2025-11-20,-0.015567283563270418
chronos,original,amazon/chronos-t5-large,simple_return,history,2025-11-21,0.009823035415319481
chronos,original,amazon/chronos-t5-large,simple_return,history,2025-11-24,0.015467217001293498
chronos,original,amazon/chronos-t5-large,simple_return,history,2025-11-25,0.009061696817220577
chronos,original,amazon/chronos-t5-large,simple_return,history,2025-11-26,0.006906711511012631
chronos,original,amazon/chronos-t5-large,simple_return,history,2025-11-28,0.005354773163420257
chronos,original,amazon/chronos-t5-large,simple_return,history,2025-12-01,-0.005323329342915684
chronos,original,amazon/chronos-t5-large,simple_return,history,2025-12-02,0.002457235261999813
chronos,original,amazon/chronos-t5-large,simple_return,history,2025-12-03,0.0029797912994984355
chronos,original,amazon/chronos-t5-large,simple_return,history,2025-12-04,0.0010803218396737702
chronos,original,amazon/chronos-t5-large,simple_return,history,2025-12-05,0.001936641757662061
chronos,original,amazon/chronos-t5-large,simple_return,history,2025-12-08,-0.003477255626794018
chronos,original,amazon/chronos-t5-large,simple_return,history,2025-12-09,-0.0008763589340257116
chronos,original,amazon/chronos-t5-large,simple_return,history,2025-12-10,0.00674955693920154
chronos,original,amazon/chronos-t5-large,simple_return,history,2025-12-11,0.002079350841514227
chronos,original,amazon/chronos-t5-large,simple_return,history,2025-12-12,-0.010663649289958
chronos,original,amazon/chronos-t5-large,simple_return,history,2025-12-15,-0.0015965630269072495
chronos,original,amazon/chronos-t5-large,simple_return,history,2025-12-16,-0.0023839179519623555
chronos,original,amazon/chronos-t5-large,simple_return,history,2025-12-17,-0.011592143912241393
chronos,original,amazon/chronos-t5-large,simple_return,history,2025-12-18,0.007934262269941872
chronos,original,amazon/chronos-t5-large,simple_return,history,2025-12-19,0.008818059450332205
chronos,original,amazon/chronos-t5-large,simple_return,history,2025-12-22,0.006436496360377575
chronos,original,amazon/chronos-t5-large,simple_return,history,2025-12-23,0.004550388765703239
chronos,original,amazon/chronos-t5-large,simple_return,history,2025-12-24,0.0032214822012188726
chronos,original,amazon/chronos-t5-large,simple_return,history,2025-12-26,-0.00030436354912266594
chronos,original,amazon/chronos-t5-large,simple_return,history,2025-12-29,-0.00349205148036813
chronos,original,amazon/chronos-t5-large,simple_return,history,2025-12-30,-0.0013756671519022934
chronos,original,amazon/chronos-t5-large,simple_return,history,2025-12-31,-0.007357666300846111
chronos,original,amazon/chronos-t5-large,simple_return,history,2026-01-02,0.0018947067188299638
chronos,original,amazon/chronos-t5-large,simple_return,history,2026-01-05,0.006354126864826393
chronos,original,amazon/chronos-t5-large,simple_return,history,2026-01-06,0.006196712678341321
chronos,original,amazon/chronos-t5-large,simple_return,history,2026-01-07,-0.003439923431013958
chronos,original,amazon/chronos-t5-large,simple_return,history,2026-01-08,7.65482590914246e-05
chronos,original,amazon/chronos-t5-large,simple_return,history,2026-01-09,0.006475487031883276
chronos,original,amazon/chronos-t5-large,simple_return,history,2026-01-12,0.001577633215136931
chronos,original,amazon/chronos-t5-large,simple_return,history,2026-01-13,-0.0019391230550597216
chronos,original,amazon/chronos-t5-large,simple_return,history,2026-01-14,-0.005333360445499591
chronos,original,amazon/chronos-t5-large,simple_return,history,2026-01-15,0.0025799262171273263
chronos,original,amazon/chronos-t5-large,simple_return,history,2026-01-16,-0.0006423023039563436
chronos,original,amazon/chronos-t5-large,simple_return,history,2026-01-20,-0.02062675805627745
chronos,original,amazon/chronos-t5-large,simple_return,history,2026-01-21,0.011587741323274559
chronos,original,amazon/chronos-t5-large,simple_return,history,2026-01-22,0.005487502192628835
chronos,original,amazon/chronos-t5-large,simple_return,history,2026-01-23,0.0003268698377891788
chronos,original,amazon/chronos-t5-large,simple_return,history,2026-01-26,0.005006083031276365
chronos,original,amazon/chronos-t5-large,simple_return,history,2026-01-27,0.004081896177137168
chronos,original,amazon/chronos-t5-large,simple_return,history,2026-01-28,-8.172305219089626e-05
chronos,original,amazon/chronos-t5-large,simple_return,history,2026-01-29,-0.001292631274007694
chronos,original,amazon/chronos-t5-large,simple_return,history,2026-01-30,-0.004301899620894223
chronos,original,amazon/chronos-t5-large,simple_return,history,2026-02-02,0.00539126612916796
chronos,original,amazon/chronos-t5-large,simple_return,history,2026-02-03,-0.008403983020698336
chronos,original,amazon/chronos-t5-large,simple_return,history,2026-02-04,-0.005072391906223106
chronos,original,amazon/chronos-t5-large,simple_return,history,2026-02-05,-0.012251015567674717
chronos,original,amazon/chronos-t5-large,simple_return,history,2026-02-06,0.0196957966973359
chronos,original,amazon/chronos-t5-large,simple_return,history,2026-02-09,0.004691086716887227
chronos,original,amazon/chronos-t5-large,simple_return,history,2026-02-10,-0.003303712975458173
chronos,original,amazon/chronos-t5-large,simple_return,history,2026-02-11,-4.895607156218951e-05
chronos,original,amazon/chronos-t5-large,simple_return,history,2026-02-12,-0.01566101212770199
chronos,original,amazon/chronos-t5-large,simple_return,history,2026-02-13,0.0004990891480125548
chronos,original,amazon/chronos-t5-large,simple_return,history,2026-02-17,0.0010313220779065713
chronos,original,amazon/chronos-t5-large,simple_return,history,2026-02-18,0.005566070147410729
chronos,original,amazon/chronos-t5-large,simple_return,history,2026-02-19,-0.0028221256867719813
chronos,original,amazon/chronos-t5-large,simple_return,history,2026-02-20,0.006939724763506794
chronos,original,amazon/chronos-t5-large,simple_return,history,2026-02-23,-0.010385652247284827
chronos,original,amazon/chronos-t5-large,simple_return,history,2026-02-24,0.0076516140863223114
chronos,original,amazon/chronos-t5-large,simple_return,history,2026-02-25,0.008136355657339944
chronos,original,amazon/chronos-t5-large,simple_return,history,2026-02-26,-0.005365580569328343
chronos,original,amazon/chronos-t5-large,simple_return,history,2026-02-27,-0.00433935281103115
chronos,original,amazon/chronos-t5-large,simple_return,history,2026-03-02,0.0003983547353176853
chronos,original,amazon/chronos-t5-large,simple_return,history,2026-03-03,-0.009444031095625416
chronos,original,amazon/chronos-t5-large,simple_return,history,2026-03-04,0.007756049264286302
chronos,original,amazon/chronos-t5-large,simple_return,history,2026-03-05,-0.005646704863891072
chronos,original,amazon/chronos-t5-large,simple_return,history,2026-03-06,-0.013276795812569242
chronos,original,amazon/chronos-t5-large,simple_return,history,2026-03-09,0.008304161513105202
chronos,original,amazon/chronos-t5-large,simple_return,history,2026-03-10,-0.0021351198877325173
chronos,original,amazon/chronos-t5-large,simple_return,history,2026-03-11,-0.0008376012017449197
chronos,original,amazon/chronos-t5-large,simple_return,history,2026-03-12,-0.015227676506708532
chronos,original,amazon/chronos-t5-large,simple_return,history,2026-03-13,-0.006059115470564369
chronos,original,amazon/chronos-t5-large,simple_return,history,2026-03-16,0.010130883162251969
chronos,original,amazon/chronos-t5-large,simple_return,history,2026-03-17,0.0024942548757938
chronos,original,amazon/chronos-t5-large,simple_return,history,2026-03-18,-0.013607567880073446
chronos,original,amazon/chronos-t5-large,simple_return,history,2026-03-19,-0.002748797741878972
chronos,original,amazon/chronos-t5-large,simple_return,history,2026-03-20,-0.015138182356779217
chronos,original,amazon/chronos-t5-large,simple_return,history,2026-03-23,0.011453200463990454
chronos,original,amazon/chronos-t5-large,simple_return,history,2026-03-24,-0.0037425745042546366
chronos,original,amazon/chronos-t5-large,simple_return,history,2026-03-25,0.005419124381509377
chronos,original,amazon/chronos-t5-large,simple_return,history,2026-03-26,-0.017406172392416708
chronos,original,amazon/chronos-t5-large,simple_return,history,2026-03-27,-0.01672184352107431
chronos,original,amazon/chronos-t5-large,simple_return,history,2026-03-30,-0.003945748828622642
chronos,original,amazon/chronos-t5-large,simple_return,history,2026-03-31,0.02913114047102594
chronos,original,amazon/chronos-t5-large,simple_return,history,2026-04-01,0.007168516684867399
chronos,original,amazon/chronos-t5-large,simple_return,history,2026-04-02,0.0011208758485563575
chronos,original,amazon/chronos-t5-large,simple_return,history,2026-04-06,0.0044267825126402816
chronos,original,amazon/chronos-t5-large,simple_return,history,2026-04-07,0.0007592481161695641
chronos,original,amazon/chronos-t5-large,simple_return,history,2026-04-08,0.025081414644149813
chronos,original,amazon/chronos-t5-large,simple_return,history,2026-04-09,0.006170023529293189
chronos,original,amazon/chronos-t5-large,simple_return,history,2026-04-10,-0.0011385210916523558
chronos,original,amazon/chronos-t5-large,simple_return,history,2026-04-13,0.010173274948748201
chronos,original,amazon/chronos-t5-large,simple_return,history,2026-04-14,0.011782866364792755
chronos,original,amazon/chronos-t5-large,simple_return,history,2026-04-15,0.007975783355387733
chronos,original,amazon/chronos-t5-large,simple_return,history,2026-04-16,0.0026099558353673835
chronos,original,amazon/chronos-t5-large,simple_return,history,2026-04-17,0.012040463669150903
chronos,original,amazon/chronos-t5-large,simple_return,history,2026-04-20,-0.002374372617670484
chronos,original,amazon/chronos-t5-large,simple_return,history,2026-04-21,-0.006348217959672997
chronos,original,amazon/chronos-t5-large,simple_return,history,2026-04-22,0.010460084168953943
chronos,original,amazon/chronos-t5-large,simple_return,history,2026-04-23,-0.004132868267081369
chronos,original,amazon/chronos-t5-large,simple_return,history,2026-04-24,0.007973689797975636
chronos,original,amazon/chronos-t5-large,simple_return,history,2026-04-27,0.0012323767534654362
chronos,original,amazon/chronos-t5-large,simple_return,history,2026-04-28,-0.004894172187521972
chronos,original,amazon/chronos-t5-large,simple_return,history,2026-04-29,-0.0003991720531409948
chronos,original,amazon/chronos-t5-large,simple_return,history,2026-04-30,0.010238239941821936
chronos,original,amazon/chronos-t5-large,simple_return,history,2026-05-01,0.002928328889657106
chronos,original,amazon/chronos-t5-large,simple_return,history,2026-05-04,-0.004062189384334225
chronos,original,amazon/chronos-t5-large,simple_return,history,2026-05-05,0.008120017337603702
chronos,original,amazon/chronos-t5-large,simple_return,history,2026-05-06,0.014588330317794274
chronos,original,amazon/chronos-t5-large,simple_return,history,2026-05-07,-0.003803095327784889
chronos,original,amazon/chronos-t5-large,simple_return,history,2026-05-08,0.008425703533400997
chronos,original,amazon/chronos-t5-large,simple_return,history,2026-05-11,0.0018799566475542484
chronos,original,amazon/chronos-t5-large,simple_return,history,2026-05-12,-0.0016026088601545085
chronos,original,amazon/chronos-t5-large,simple_return,history,2026-05-13,0.005849246488426552
chronos,original,amazon/chronos-t5-large,simple_return,history,2026-05-14,0.007655604577358366
chronos,original,amazon/chronos-t5-large,simple_return,history,2026-05-15,-0.012363320128051747
chronos,original,amazon/chronos-t5-large,simple_return,history,2026-05-18,-0.0007356678561787344
chronos,original,amazon/chronos-t5-large,simple_return,history,2026-05-19,-0.006678320788135905
chronos,original,amazon/chronos-t5-large,simple_return,history,2026-05-20,0.010792026370445518
chronos,original,amazon/chronos-t5-large,simple_return,history,2026-05-21,0.0017153304306989359
chronos,original,amazon/chronos-t5-large,simple_return,history,2026-05-22,0.0037269732409066503
chronos,original,amazon/chronos-t5-large,simple_return,history,2026-05-26,0.006108260424063872
chronos,original,amazon/chronos-t5-large,simple_return,history,2026-05-27,0.00016487914469087706
chronos,original,amazon/chronos-t5-large,simple_return,history,2026-05-28,0.005753716619668614
chronos,original,amazon/chronos-t5-large,simple_return,history,2026-05-29,0.002172260678511728
chronos,original,amazon/chronos-t5-large,simple_return,history,2026-06-01,0.0026252961308912415
chronos,original,amazon/chronos-t5-large,simple_return,history,2026-06-02,0.0012920889411551784
chronos,original,amazon/chronos-t5-large,simple_return,history,2026-06-03,-0.007372041104846239
chronos,original,amazon/chronos-t5-large,simple_return,history,2026-06-04,0.004054961568363158
chronos,original,amazon/chronos-t5-large,simple_return,history,2026-06-05,-0.026445361894386843
chronos,original,amazon/chronos-t5-large,simple_return,history,2026-06-08,0.0029781310549599205
chronos,original,amazon/chronos-t5-large,simple_return,history,2026-06-09,-0.0025763939780845124
chronos,original,amazon/chronos-t5-large,simple_return,history,2026-06-10,-0.016199450298948426
chronos,original,amazon/chronos-t5-large,simple_return,history,2026-06-11,0.017518885564244746
chronos,original,amazon/chronos-t5-large,simple_return,history,2026-06-12,0.0050255138730570525
chronos,original,amazon/chronos-t5-large,simple_return,history,2026-06-15,0.016528391294663436
chronos,original,amazon/chronos-t5-large,simple_return,history,2026-06-16,-0.005684179609759754
chronos,original,amazon/chronos-t5-large,simple_return,history,2026-06-17,-0.012148282108228825
chronos,original,amazon/chronos-t5-large,simple_return,history,2026-06-18,0.010846212235623431
chronos,original,amazon/chronos-t5-large,simple_return,history,2026-06-22,-0.003705051979052687
chronos,original,amazon/chronos-t5-large,simple_return,history,2026-06-23,-0.014362785193208105
chronos,original,amazon/chronos-t5-large,simple_return,history,2026-06-24,-0.0009829319733113406
chronos,original,amazon/chronos-t5-large,simple_return,history,2026-06-25,-9.92061187945481e-05
chronos,original,amazon/chronos-t5-large,simple_return,history,2026-06-26,-0.00047165741757115853
chronos,original,amazon/chronos-t5-large,simple_return,history,2026-06-29,0.011750057250389023
chronos,original,amazon/chronos-t5-large,simple_return,history,2026-06-30,0.007920198981480553
chronos,original,amazon/chronos-t5-large,simple_return,history,2026-07-01,-0.0021508346187620875
chronos,original,amazon/chronos-t5-large,simple_return,history,2026-07-02,1.3702513856905796e-06
chronos,original,amazon/chronos-t5-large,simple_return,history,2026-07-06,0.00724150765029874
chronos,original,amazon/chronos-t5-large,simple_return,history,2026-07-07,-0.0044551096782159405
chronos,original,amazon/chronos-t5-large,simple_return,history,2026-07-08,-0.002817238676629863
chronos,original,amazon/chronos-t5-large,simple_return,history,2026-07-09,0.008142795337428232
chronos,original,amazon/chronos-t5-large,simple_return,actual,2026-07-10,0.004208843399813977
chronos,original,amazon/chronos-t5-large,simple_return,actual,2026-07-13,-0.007927023147980106
chronos,original,amazon/chronos-t5-large,simple_return,actual,2026-07-14,0.0037589783811964317
chronos,original,amazon/chronos-t5-large,simple_return,actual,2026-07-15,0.003819144358387927
chronos,original,amazon/chronos-t5-large,simple_return,actual,2026-07-16,-0.005101405539945647
chronos,original,amazon/chronos-t5-large,simple_return,actual,2026-07-17,-0.010098540030789804
chronos,original,amazon/chronos-t5-large,simple_return,actual,2026-07-20,-0.0019322546744660052
chronos,original,amazon/chronos-t5-large,simple_return,actual,2026-07-21,0.008856366018608064
chronos,original,amazon/chronos-t5-large,simple_return,actual,2026-07-22,-0.0013636917526039793
chronos,original,amazon/chronos-t5-large,simple_return,actual,2026-07-23,-0.012089697334330851
chronos,original,amazon/chronos-t5-large,simple_return,actual,2026-07-24,0.0004967638835191579
chronos,original,amazon/chronos-t5-large,simple_return,actual,2026-07-27,0.0001619264104413265
chronos,original,amazon/chronos-t5-large,simple_return,actual,2026-07-28,0.002104307328987254
chronos,original,amazon/chronos-t5-large,simple_return,actual,2026-07-29,-0.015161289750108109
chronos,original,amazon/chronos-t5-large,simple_return,actual,2026-07-30,0.016604359135647728
chronos,original,amazon/chronos-t5-large,simple_return,actual,2026-07-31,0.00700361981598796
chronos,original,amazon/chronos-t5-large,simple_return,actual,2026-08-03,0.01479091100582064
chronos,original,amazon/chronos-t5-large,simple_return,actual,2026-08-04,0.01789619360979544
chronos,original,amazon/chronos-t5-large,simple_return,actual,2026-08-05,-0.0016764921193257454
chronos,original,amazon/chronos-t5-large,simple_return,actual,2026-08-06,-0.0017595333873230423
chronos,original,amazon/chronos-t5-large,simple_return,actual,2026-08-07,0.006184231308959065
chronos,original,amazon/chronos-t5-large,simple_return,naive,2026-07-10,0.008142795337428232
chronos,original,amazon/chronos-t5-large,simple_return,naive,2026-07-13,0.008142795337428232
chronos,original,amazon/chronos-t5-large,simple_return,naive,2026-07-14,0.008142795337428232
chronos,original,amazon/chronos-t5-large,simple_return,naive,2026-07-15,0.008142795337428232
chronos,original,amazon/chronos-t5-large,simple_return,naive,2026-07-16,0.008142795337428232
chronos,original,amazon/chronos-t5-large,simple_return,naive,2026-07-17,0.008142795337428232
chronos,original,amazon/chronos-t5-large,simple_return,naive,2026-07-20,0.008142795337428232
chronos,original,amazon/chronos-t5-large,simple_return,naive,2026-07-21,0.008142795337428232
chronos,original,amazon/chronos-t5-large,simple_return,naive,2026-07-22,0.008142795337428232
chronos,original,amazon/chronos-t5-large,simple_return,naive,2026-07-23,0.008142795337428232
chronos,original,amazon/chronos-t5-large,simple_return,naive,2026-07-24,0.008142795337428232
chronos,original,amazon/chronos-t5-large,simple_return,naive,2026-07-27,0.008142795337428232
chronos,original,amazon/chronos-t5-large,simple_return,naive,2026-07-28,0.008142795337428232
chronos,original,amazon/chronos-t5-large,simple_return,naive,2026-07-29,0.008142795337428232
chronos,original,amazon/chronos-t5-large,simple_return,naive,2026-07-30,0.008142795337428232
chronos,original,amazon/chronos-t5-large,simple_return,naive,2026-07-31,0.008142795337428232
chronos,original,amazon/chronos-t5-large,simple_return,naive,2026-08-03,0.008142795337428232
chronos,original,amazon/chronos-t5-large,simple_return,naive,2026-08-04,0.008142795337428232
chronos,original,amazon/chronos-t5-large,simple_return,naive,2026-08-05,0.008142795337428232
chronos,original,amazon/chronos-t5-large,simple_return,naive,2026-08-06,0.008142795337428232
chronos,original,amazon/chronos-t5-large,simple_return,naive,2026-08-07,0.008142795337428232
chronos,original,amazon/chronos-t5-large,simple_return,forecast,2026-07-10,0.0011967868776991963
chronos,original,amazon/chronos-t5-large,simple_return,forecast,2026-07-13,0.0014259587042033672
chronos,original,amazon/chronos-t5-large,simple_return,forecast,2026-07-14,0.0009166877716779709
chronos,original,amazon/chronos-t5-large,simple_return,forecast,2026-07-15,0.0012986409710720181
chronos,original,amazon/chronos-t5-large,simple_return,forecast,2026-07-16,0.0012222504010424018
chronos,original,amazon/chronos-t5-large,simple_return,forecast,2026-07-17,0.0013750316575169563
chronos,original,amazon/chronos-t5-large,simple_return,forecast,2026-07-20,0.0018079120200127363
chronos,original,amazon/chronos-t5-large,simple_return,forecast,2026-07-21,0.0015787399606779218
chronos,original,amazon/chronos-t5-large,simple_return,forecast,2026-07-22,0.0021898653358221054
chronos,original,amazon/chronos-t5-large,simple_return,forecast,2026-07-23,0.0014514222275465727
chronos,original,amazon/chronos-t5-large,simple_return,forecast,2026-07-24,0.0017824484966695309
chronos,original,amazon/chronos-t5-large,simple_return,forecast,2026-07-27,0.0019352296367287636
chronos,original,amazon/chronos-t5-large,simple_return,forecast,2026-07-28,0.0018079120200127363
chronos,original,amazon/chronos-t5-large,simple_return,forecast,2026-07-29,0.0018843025900423527
chronos,original,amazon/chronos-t5-large,simple_return,forecast,2026-07-30,0.002469964325428009
chronos,original,amazon/chronos-t5-large,simple_return,forecast,2026-07-31,0.0015023493906483054
chronos,original,amazon/chronos-t5-large,simple_return,forecast,2026-08-03,0.00129864108748734
chronos,original,amazon/chronos-t5-large,simple_return,forecast,2026-08-04,0.0017315213335677981
chronos,original,amazon/chronos-t5-large,simple_return,forecast,2026-08-05,0.001604203600436449
chronos,original,amazon/chronos-t5-large,simple_return,forecast,2026-08-06,0.0018843025900423527
chronos,original,amazon/chronos-t5-large,simple_return,forecast,2026-08-07,0.0018079120200127363
chronos,original,amazon/chronos-t5-large,log_return,history,2024-06-24,-0.0030698791558664423
chronos,original,amazon/chronos-t5-large,log_return,history,2024-06-25,0.003925873679181344
chronos,original,amazon/chronos-t5-large,log_return,history,2024-06-26,0.0015711962247204525
chronos,original,amazon/chronos-t5-large,log_return,history,2024-06-27,0.0009069098567990731
chronos,original,amazon/chronos-t5-large,log_return,history,2024-06-28,-0.0040920134623695995
chronos,original,amazon/chronos-t5-large,log_return,history,2024-07-01,0.0026719909814295235
chronos,original,amazon/chronos-t5-large,log_return,history,2024-07-02,0.0061762057711850496
chronos,original,amazon/chronos-t5-large,log_return,history,2024-07-03,0.0050715622695336636
chronos,original,amazon/chronos-t5-large,log_return,history,2024-07-05,0.00543397436096954
chronos,original,amazon/chronos-t5-large,log_return,history,2024-07-08,0.0010161824764044329
chronos,original,amazon/chronos-t5-large,log_return,history,2024-07-09,0.0007407974780654752
chronos,original,amazon/chronos-t5-large,log_return,history,2024-07-10,0.010156314878105886
chronos,original,amazon/chronos-t5-large,log_return,history,2024-07-11,-0.008801649969266724
chronos,original,amazon/chronos-t5-large,log_return,history,2024-07-12,0.00550186402496512
chronos,original,amazon/chronos-t5-large,log_return,history,2024-07-15,0.0028222164233526843
chronos,original,amazon/chronos-t5-large,log_return,history,2024-07-16,0.0063690499714532745
chronos,original,amazon/chronos-t5-large,log_return,history,2024-07-17,-0.014025441523645543
chronos,original,amazon/chronos-t5-large,log_return,history,2024-07-18,-0.007847112145350072
chronos,original,amazon/chronos-t5-large,log_return,history,2024-07-19,-0.007165879226406084
chronos,original,amazon/chronos-t5-large,log_return,history,2024-07-22,0.010734217246220293
chronos,original,amazon/chronos-t5-large,log_return,history,2024-07-23,-0.0015593176939461904
chronos,original,amazon/chronos-t5-large,log_return,history,2024-07-24,-0.02342124222289286
chronos,original,amazon/chronos-t5-large,log_return,history,2024-07-25,-0.005155889019717259
chronos,original,amazon/chronos-t5-large,log_return,history,2024-07-26,0.011029420409570924
chronos,original,amazon/chronos-t5-large,log_return,history,2024-07-29,0.0008129795718284517
chronos,original,amazon/chronos-t5-large,log_return,history,2024-07-30,-0.0049725143613676215
chronos,original,amazon/chronos-t5-large,log_return,history,2024-07-31,0.015669980701917767
chronos,original,amazon/chronos-t5-large,log_return,history,2024-08-01,-0.013788123791990166
chronos,original,amazon/chronos-t5-large,log_return,history,2024-08-02,-0.01855290660855327
chronos,original,amazon/chronos-t5-large,log_return,history,2024-08-05,-0.0304270413923931
chronos,original,amazon/chronos-t5-large,log_return,history,2024-08-06,0.010300849493599515
chronos,original,amazon/chronos-t5-large,log_return,history,2024-08-07,-0.007764715388769489
chronos,original,amazon/chronos-t5-large,log_return,history,2024-08-08,0.02278113959089888
chronos,original,amazon/chronos-t5-large,log_return,history,2024-08-09,0.004660798434381699
chronos,original,amazon/chronos-t5-large,log_return,history,2024-08-12,4.30330517200971e-05
chronos,original,amazon/chronos-t5-large,log_return,history,2024-08-13,0.016707233419049988
chronos,original,amazon/chronos-t5-large,log_return,history,2024-08-14,0.00381643656119841
chronos,original,amazon/chronos-t5-large,log_return,history,2024-08-15,0.01600448993130413
chronos,original,amazon/chronos-t5-large,log_return,history,2024-08-16,0.0019878023683961516
chronos,original,amazon/chronos-t5-large,log_return,history,2024-08-19,0.009675327436177775
chronos,original,amazon/chronos-t5-large,log_return,history,2024-08-20,-0.001986527237609709
chronos,original,amazon/chronos-t5-large,log_return,history,2024-08-21,0.004230714721006796
chronos,original,amazon/chronos-t5-large,log_return,history,2024-08-22,-0.00897294225665722
chronos,original,amazon/chronos-t5-large,log_return,history,2024-08-23,0.01141793740166443
chronos,original,amazon/chronos-t5-large,log_return,history,2024-08-26,-0.003158710169605814
chronos,original,amazon/chronos-t5-large,log_return,history,2024-08-27,0.0015939251127232035
chronos,original,amazon/chronos-t5-large,log_return,history,2024-08-28,-0.005993900794735211
chronos,original,amazon/chronos-t5-large,log_return,history,2024-08-29,-3.937984343658622e-05
chronos,original,amazon/chronos-t5-large,log_return,history,2024-08-30,0.010042457079144168
chronos,original,amazon/chronos-t5-large,log_return,history,2024-09-03,-0.021377963372397696
chronos,original,amazon/chronos-t5-large,log_return,history,2024-09-04,-0.0016038290273809634
chronos,original,amazon/chronos-t5-large,log_return,history,2024-09-05,-0.003022581014674196
chronos,original,amazon/chronos-t5-large,log_return,history,2024-09-06,-0.017410944507424406
chronos,original,amazon/chronos-t5-large,log_return,history,2024-09-09,0.011513534435818254
chronos,original,amazon/chronos-t5-large,log_return,history,2024-09-10,0.004462699977793541
chronos,original,amazon/chronos-t5-large,log_return,history,2024-09-11,0.01060855564984334
chronos,original,amazon/chronos-t5-large,log_return,history,2024-09-12,0.00746735215680267
chronos,original,amazon/chronos-t5-large,log_return,history,2024-09-13,0.0053931422343560355
chronos,original,amazon/chronos-t5-large,log_return,history,2024-09-16,0.0012558408673102855
chronos,original,amazon/chronos-t5-large,log_return,history,2024-09-17,0.00026451509389645083
chronos,original,amazon/chronos-t5-large,log_return,history,2024-09-18,-0.0029006587083132912
chronos,original,amazon/chronos-t5-large,log_return,history,2024-09-19,0.016834356892725128
chronos,original,amazon/chronos-t5-large,log_return,history,2024-09-20,-0.0019429136300157341
chronos,original,amazon/chronos-t5-large,log_return,history,2024-09-23,0.0028053344257131223
chronos,original,amazon/chronos-t5-large,log_return,history,2024-09-24,0.002508031103345345
chronos,original,amazon/chronos-t5-large,log_return,history,2024-09-25,-0.001862983206212128
chronos,original,amazon/chronos-t5-large,log_return,history,2024-09-26,0.004030542158199222
chronos,original,amazon/chronos-t5-large,log_return,history,2024-09-27,-0.0012540029000721238
chronos,original,amazon/chronos-t5-large,log_return,history,2024-09-30,0.004227603658441509
chronos,original,amazon/chronos-t5-large,log_return,history,2024-10-01,-0.009367848694454447
chronos,original,amazon/chronos-t5-large,log_return,history,2024-10-02,0.00013838132698647728
chronos,original,amazon/chronos-t5-large,log_return,history,2024-10-03,-0.0016828286544586894
chronos,original,amazon/chronos-t5-large,log_return,history,2024-10-04,0.008930255699186382
chronos,original,amazon/chronos-t5-large,log_return,history,2024-10-07,-0.009632263829388773
chronos,original,amazon/chronos-t5-large,log_return,history,2024-10-08,0.009642706804694385
chronos,original,amazon/chronos-t5-large,log_return,history,2024-10-09,0.007088231016994585
chronos,original,amazon/chronos-t5-large,log_return,history,2024-10-10,-0.0020722685059824846
chronos,original,amazon/chronos-t5-large,log_return,history,2024-10-11,0.00603360870729872
chronos,original,amazon/chronos-t5-large,log_return,history,2024-10-14,0.007678114574594323
chronos,original,amazon/chronos-t5-large,log_return,history,2024-10-15,-0.0076385660375134215
chronos,original,amazon/chronos-t5-large,log_return,history,2024-10-16,0.004668232782779766
chronos,original,amazon/chronos-t5-large,log_return,history,2024-10-17,-0.00017117512853816633
chronos,original,amazon/chronos-t5-large,log_return,history,2024-10-18,0.003963686942774387
chronos,original,amazon/chronos-t5-large,log_return,history,2024-10-21,-0.001824432756419033
chronos,original,amazon/chronos-t5-large,log_return,history,2024-10-22,-0.0004749666671957937
chronos,original,amazon/chronos-t5-large,log_return,history,2024-10-23,-0.009233824267679564
chronos,original,amazon/chronos-t5-large,log_return,history,2024-10-24,0.0021434731305568283
chronos,original,amazon/chronos-t5-large,log_return,history,2024-10-25,-0.00029949201318627087
chronos,original,amazon/chronos-t5-large,log_return,history,2024-10-28,0.002647934626732945
chronos,original,amazon/chronos-t5-large,log_return,history,2024-10-29,0.0016128259449012198
chronos,original,amazon/chronos-t5-large,log_return,history,2024-10-30,-0.0033056916724881185
chronos,original,amazon/chronos-t5-large,log_return,history,2024-10-31,-0.018790134928745348
chronos,original,amazon/chronos-t5-large,log_return,history,2024-11-01,0.004084158004525459
chronos,original,amazon/chronos-t5-large,log_return,history,2024-11-04,-0.0028160448131902913
chronos,original,amazon/chronos-t5-large,log_return,history,2024-11-05,0.012191031029563081
chronos,original,amazon/chronos-t5-large,log_return,history,2024-11-06,0.024981280957186654
chronos,original,amazon/chronos-t5-large,log_return,history,2024-11-07,0.007403754173995657
chronos,original,amazon/chronos-t5-large,log_return,history,2024-11-08,0.0037497940357180464
chronos,original,amazon/chronos-t5-large,log_return,history,2024-11-11,0.0009685941909569238
chronos,original,amazon/chronos-t5-large,log_return,history,2024-11-12,-0.0028968514769364996
chronos,original,amazon/chronos-t5-large,log_return,history,2024-11-13,0.00023220076414018386
chronos,original,amazon/chronos-t5-large,log_return,history,2024-11-14,-0.006068108582244
chronos,original,amazon/chronos-t5-large,log_return,history,2024-11-15,-0.013291430866793769
chronos,original,amazon/chronos-t5-large,log_return,history,2024-11-18,0.003910159746206537
chronos,original,amazon/chronos-t5-large,log_return,history,2024-11-19,0.003955750520596487
chronos,original,amazon/chronos-t5-large,log_return,history,2024-11-20,2.19506213354446e-05
chronos,original,amazon/chronos-t5-large,log_return,history,2024-11-21,0.005326251844288491
chronos,original,amazon/chronos-t5-large,log_return,history,2024-11-22,0.0034619595915364653
chronos,original,amazon/chronos-t5-large,log_return,history,2024-11-25,0.0030159278201245415
chronos,original,amazon/chronos-t5-large,log_return,history,2024-11-26,0.005705697155263866
chronos,original,amazon/chronos-t5-large,log_return,history,2024-11-27,-0.003808481083577712
chronos,original,amazon/chronos-t5-large,log_return,history,2024-11-29,0.005592120396801623
chronos,original,amazon/chronos-t5-large,log_return,history,2024-12-02,0.0024454638805813736
chronos,original,amazon/chronos-t5-large,log_return,history,2024-12-03,0.0004513472420221813
chronos,original,amazon/chronos-t5-large,log_return,history,2024-12-04,0.00603318162813612
chronos,original,amazon/chronos-t5-large,log_return,history,2024-12-05,-0.0018715258393823342
chronos,original,amazon/chronos-t5-large,log_return,history,2024-12-06,0.0024923453675383123
chronos,original,amazon/chronos-t5-large,log_return,history,2024-12-09,-0.006163167285227462
chronos,original,amazon/chronos-t5-large,log_return,history,2024-12-10,-0.002968284314279252
chronos,original,amazon/chronos-t5-large,log_return,history,2024-12-11,0.008132626411368235
chronos,original,amazon/chronos-t5-large,log_return,history,2024-12-12,-0.005428731461463251
chronos,original,amazon/chronos-t5-large,log_return,history,2024-12-13,-2.646698937187397e-05
chronos,original,amazon/chronos-t5-large,log_return,history,2024-12-16,0.0037921550087844295
chronos,original,amazon/chronos-t5-large,log_return,history,2024-12-17,-0.0038714794806554956
chronos,original,amazon/chronos-t5-large,log_return,history,2024-12-18,-0.02993650530451818
chronos,original,amazon/chronos-t5-large,log_return,history,2024-12-19,-0.0008654867505367934
chronos,original,amazon/chronos-t5-large,log_return,history,2024-12-20,0.010810479402397299
chronos,original,amazon/chronos-t5-large,log_return,history,2024-12-23,0.007260849585616372
chronos,original,amazon/chronos-t5-large,log_return,history,2024-12-24,0.010982233165126825
chronos,original,amazon/chronos-t5-large,log_return,history,2024-12-26,-0.0004057410882578191
chronos,original,amazon/chronos-t5-large,log_return,history,2024-12-27,-0.01111730496491221
chronos,original,amazon/chronos-t5-large,log_return,history,2024-12-30,-0.010759673941729728
chronos,original,amazon/chronos-t5-large,log_return,history,2024-12-31,-0.0042940064589823065
chronos,original,amazon/chronos-t5-large,log_return,history,2025-01-02,-0.002226363149448992
chronos,original,amazon/chronos-t5-large,log_return,history,2025-01-03,0.01251735670782609
chronos,original,amazon/chronos-t5-large,log_return,history,2025-01-06,0.005522766496818171
chronos,original,amazon/chronos-t5-large,log_return,history,2025-01-07,-0.011166021516637011
chronos,original,amazon/chronos-t5-large,log_return,history,2025-01-08,0.0015591440938312422
chronos,original,amazon/chronos-t5-large,log_return,history,2025-01-10,-0.015531637650233373
chronos,original,amazon/chronos-t5-large,log_return,history,2025-01-13,0.0015742043780551176
chronos,original,amazon/chronos-t5-large,log_return,history,2025-01-14,0.001145623334164268
chronos,original,amazon/chronos-t5-large,log_return,history,2025-01-15,0.018147132504516373
chronos,original,amazon/chronos-t5-large,log_return,history,2025-01-16,-0.0021149243408667613
chronos,original,amazon/chronos-t5-large,log_return,history,2025-01-17,0.009941478308394033
chronos,original,amazon/chronos-t5-large,log_return,history,2025-01-21,0.00873000944059605
chronos,original,amazon/chronos-t5-large,log_return,history,2025-01-22,0.00611918108699413
chronos,original,amazon/chronos-t5-large,log_return,history,2025-01-23,0.005299419459529372
chronos,original,amazon/chronos-t5-large,log_return,history,2025-01-24,-0.002859215984467759
chronos,original,amazon/chronos-t5-large,log_return,history,2025-01-27,-0.014688059032112328
chronos,original,amazon/chronos-t5-large,log_return,history,2025-01-28,0.009175644177716802
chronos,original,amazon/chronos-t5-large,log_return,history,2025-01-29,-0.004689876056919602
chronos,original,amazon/chronos-t5-large,log_return,history,2025-01-30,0.005261548152180238
chronos,original,amazon/chronos-t5-large,log_return,history,2025-01-31,-0.005059603990267195
chronos,original,amazon/chronos-t5-large,log_return,history,2025-02-03,-0.007637690729495203
chronos,original,amazon/chronos-t5-large,log_return,history,2025-02-04,0.007198907403029114
chronos,original,amazon/chronos-t5-large,log_return,history,2025-02-05,0.003901053915613614
chronos,original,amazon/chronos-t5-large,log_return,history,2025-02-06,0.003637674355266266
chronos,original,amazon/chronos-t5-large,log_return,history,2025-02-07,-0.0095098456936602
chronos,original,amazon/chronos-t5-large,log_return,history,2025-02-10,0.006690112295455172
chronos,original,amazon/chronos-t5-large,log_return,history,2025-02-11,0.00033952514367385523
chronos,original,amazon/chronos-t5-large,log_return,history,2025-02-12,-0.0027275831896475754
chronos,original,amazon/chronos-t5-large,log_return,history,2025-02-13,0.010372313214235747
chronos,original,amazon/chronos-t5-large,log_return,history,2025-02-14,-7.19463955744955e-05
chronos,original,amazon/chronos-t5-large,log_return,history,2025-02-18,0.002442003655551809
chronos,original,amazon/chronos-t5-large,log_return,history,2025-02-19,0.0023741488668242434
chronos,original,amazon/chronos-t5-large,log_return,history,2025-02-20,-0.004343604884290259
chronos,original,amazon/chronos-t5-large,log_return,history,2025-02-21,-0.017211396672539132
chronos,original,amazon/chronos-t5-large,log_return,history,2025-02-24,-0.004981493566252351
chronos,original,amazon/chronos-t5-large,log_return,history,2025-02-25,-0.004690715138395557
chronos,original,amazon/chronos-t5-large,log_return,history,2025-02-26,0.00013601502958346571
chronos,original,amazon/chronos-t5-large,log_return,history,2025-02-27,-0.015991742678524653
chronos,original,amazon/chronos-t5-large,log_return,history,2025-02-28,0.015729780420663385
chronos,original,amazon/chronos-t5-large,log_return,history,2025-03-03,-0.017753402648308866
chronos,original,amazon/chronos-t5-large,log_return,history,2025-03-04,-0.012310288231505477
chronos,original,amazon/chronos-t5-large,log_return,history,2025-03-05,0.011097472528735688
chronos,original,amazon/chronos-t5-large,log_return,history,2025-03-06,-0.017979677107455568
chronos,original,amazon/chronos-t5-large,log_return,history,2025-03-07,0.005505435045454467
chronos,original,amazon/chronos-t5-large,log_return,history,2025-03-10,-0.027343541788428148
chronos,original,amazon/chronos-t5-large,log_return,history,2025-03-11,-0.007596646918536578
chronos,original,amazon/chronos-t5-large,log_return,history,2025-03-12,0.004874967940490777
chronos,original,amazon/chronos-t5-large,log_return,history,2025-03-13,-0.013988366806464148
chronos,original,amazon/chronos-t5-large,log_return,history,2025-03-14,0.02104290595319694
chronos,original,amazon/chronos-t5-large,log_return,history,2025-03-17,0.006395634974606036
chronos,original,amazon/chronos-t5-large,log_return,history,2025-03-18,-0.010710667074319702
chronos,original,amazon/chronos-t5-large,log_return,history,2025-03-19,0.010740608172953766
chronos,original,amazon/chronos-t5-large,log_return,history,2025-03-20,-0.002187283513782985
chronos,original,amazon/chronos-t5-large,log_return,history,2025-03-21,0.0008243136078323211
chronos,original,amazon/chronos-t5-large,log_return,history,2025-03-24,0.01749211712863917
chronos,original,amazon/chronos-t5-large,log_return,history,2025-03-25,0.0015730954906538206
chronos,original,amazon/chronos-t5-large,log_return,history,2025-03-26,-0.011219640357598032
chronos,original,amazon/chronos-t5-large,log_return,history,2025-03-27,-0.0033124610071321114
chronos,original,amazon/chronos-t5-large,log_return,history,2025-03-28,-0.019934601126853548
chronos,original,amazon/chronos-t5-large,log_return,history,2025-03-31,0.005523240357645722
chronos,original,amazon/chronos-t5-large,log_return,history,2025-04-01,0.0037741045552120668
chronos,original,amazon/chronos-t5-large,log_return,history,2025-04-02,0.006705661429484109
chronos,original,amazon/chronos-t5-large,log_return,history,2025-04-03,-0.04960591182899663
chronos,original,amazon/chronos-t5-large,log_return,history,2025-04-04,-0.061609061898230934
chronos,original,amazon/chronos-t5-large,log_return,history,2025-04-07,-0.0023341946059635883
chronos,original,amazon/chronos-t5-large,log_return,history,2025-04-08,-0.015825083277054855
chronos,original,amazon/chronos-t5-large,log_return,history,2025-04-09,0.09089487983303646
chronos,original,amazon/chronos-t5-large,log_return,history,2025-04-10,-0.03522060702411168
chronos,original,amazon/chronos-t5-large,log_return,history,2025-04-11,0.01793038083577807
chronos,original,amazon/chronos-t5-large,log_return,history,2025-04-14,0.007913319326342991
chronos,original,amazon/chronos-t5-large,log_return,history,2025-04-15,-0.001729275225300909
chronos,original,amazon/chronos-t5-large,log_return,history,2025-04-16,-0.022663253964902527
chronos,original,amazon/chronos-t5-large,log_return,history,2025-04-17,0.0013259586237727749
chronos,original,amazon/chronos-t5-large,log_return,history,2025-04-21,-0.02384964833401801
chronos,original,amazon/chronos-t5-large,log_return,history,2025-04-22,0.02480695212545062
chronos,original,amazon/chronos-t5-large,log_return,history,2025-04-23,0.016523864366879457
chronos,original,amazon/chronos-t5-large,log_return,history,2025-04-24,0.020056628082583162
chronos,original,amazon/chronos-t5-large,log_return,history,2025-04-25,0.0073460847957005125
chronos,original,amazon/chronos-t5-large,log_return,history,2025-04-28,0.0006405015390019333
chronos,original,amazon/chronos-t5-large,log_return,history,2025-04-29,0.005785641545556399
chronos,original,amazon/chronos-t5-large,log_return,history,2025-04-30,0.0014788972519335208
chronos,original,amazon/chronos-t5-large,log_return,history,2025-05-01,0.006279345716451974
chronos,original,amazon/chronos-t5-large,log_return,history,2025-05-02,0.014619191109112719
chronos,original,amazon/chronos-t5-large,log_return,history,2025-05-05,-0.006402047029318447
chronos,original,amazon/chronos-t5-large,log_return,history,2025-05-06,-0.007722985278391797
chronos,original,amazon/chronos-t5-large,log_return,history,2025-05-07,0.004336938106710132
chronos,original,amazon/chronos-t5-large,log_return,history,2025-05-08,0.005783021147465641
chronos,original,amazon/chronos-t5-large,log_return,history,2025-05-09,-0.0007117341348763632
chronos,original,amazon/chronos-t5-large,log_return,history,2025-05-12,0.03203997667702081
chronos,original,amazon/chronos-t5-large,log_return,history,2025-05-13,0.007222059020245977
chronos,original,amazon/chronos-t5-large,log_return,history,2025-05-14,0.001023891242276054
chronos,original,amazon/chronos-t5-large,log_return,history,2025-05-15,0.004123817438757677
chronos,original,amazon/chronos-t5-large,log_return,history,2025-05-16,0.006980849368100189
chronos,original,amazon/chronos-t5-large,log_return,history,2025-05-19,0.0008757295660482738
chronos,original,amazon/chronos-t5-large,log_return,history,2025-05-20,-0.0038877770695725784
chronos,original,amazon/chronos-t5-large,log_return,history,2025-05-21,-0.016266719267758897
chronos,original,amazon/chronos-t5-large,log_return,history,2025-05-22,-0.0004449700224211693
chronos,original,amazon/chronos-t5-large,log_return,history,2025-05-23,-0.006730899591473139
chronos,original,amazon/chronos-t5-large,log_return,history,2025-05-27,0.02025258080218437
chronos,original,amazon/chronos-t5-large,log_return,history,2025-05-28,-0.005586802576444734
chronos,original,amazon/chronos-t5-large,log_return,history,2025-05-29,0.0040031708706317415
chronos,original,amazon/chronos-t5-large,log_return,history,2025-05-30,-8.118845699520562e-05
chronos,original,amazon/chronos-t5-large,log_return,history,2025-06-02,0.004093651490626028
chronos,original,amazon/chronos-t5-large,log_return,history,2025-06-03,0.005783533535368979
chronos,original,amazon/chronos-t5-large,log_return,history,2025-06-04,7.368474471916267e-05
chronos,original,amazon/chronos-t5-large,log_return,history,2025-06-05,-0.005291357978698112
chronos,original,amazon/chronos-t5-large,log_return,history,2025-06-06,0.010228196215376713
chronos,original,amazon/chronos-t5-large,log_return,history,2025-06-09,0.0009195251863913659
chronos,original,amazon/chronos-t5-large,log_return,history,2025-06-10,0.005468012541646841
chronos,original,amazon/chronos-t5-large,log_return,history,2025-06-11,-0.002747660318287345
chronos,original,amazon/chronos-t5-large,log_return,history,2025-06-12,0.0038151330716763875
chronos,original,amazon/chronos-t5-large,log_return,history,2025-06-13,-0.01136066859010289
chronos,original,amazon/chronos-t5-large,log_return,history,2025-06-16,0.0093488231481891
chronos,original,amazon/chronos-t5-large,log_return,history,2025-06-17,-0.008387259723643134
chronos,original,amazon/chronos-t5-large,log_return,history,2025-06-18,-0.00030928803472058796
chronos,original,amazon/chronos-t5-large,log_return,history,2025-06-20,-0.002181035215587759
chronos,original,amazon/chronos-t5-large,log_return,history,2025-06-23,0.009560655071259439
chronos,original,amazon/chronos-t5-large,log_return,history,2025-06-24,0.011060328616958607
chronos,original,amazon/chronos-t5-large,log_return,history,2025-06-25,-3.286108349665331e-06
chronos,original,amazon/chronos-t5-large,log_return,history,2025-06-26,0.007988131032516797
chronos,original,amazon/chronos-t5-large,log_return,history,2025-06-27,0.005205399256150098
chronos,original,amazon/chronos-t5-large,log_return,history,2025-06-30,0.005151137506128882
chronos,original,amazon/chronos-t5-large,log_return,history,2025-07-01,-0.0011191571098791433
chronos,original,amazon/chronos-t5-large,log_return,history,2025-07-02,0.0047338743064907745
chronos,original,amazon/chronos-t5-large,log_return,history,2025-07-03,0.00830437821066394
chronos,original,amazon/chronos-t5-large,log_return,history,2025-07-07,-0.007893368104244017
chronos,original,amazon/chronos-t5-large,log_return,history,2025-07-08,-0.0007161432504695748
chronos,original,amazon/chronos-t5-large,log_return,history,2025-07-09,0.00604380277677969
chronos,original,amazon/chronos-t5-large,log_return,history,2025-07-10,0.0027424410729257912
chronos,original,amazon/chronos-t5-large,log_return,history,2025-07-11,-0.0033029717732258423
chronos,original,amazon/chronos-t5-large,log_return,history,2025-07-14,0.0014064243309367943
chronos,original,amazon/chronos-t5-large,log_return,history,2025-07-15,-0.003964145065672561
chronos,original,amazon/chronos-t5-large,log_return,history,2025-07-16,0.0031885685253844154
chronos,original,amazon/chronos-t5-large,log_return,history,2025-07-17,0.005359380240011013
chronos,original,amazon/chronos-t5-large,log_return,history,2025-07-18,-9.049030280841674e-05
chronos,original,amazon/chronos-t5-large,log_return,history,2025-07-21,0.001398157005673256
chronos,original,amazon/chronos-t5-large,log_return,history,2025-07-22,0.0006373284966667569
chronos,original,amazon/chronos-t5-large,log_return,history,2025-07-23,0.007781532145702873
chronos,original,amazon/chronos-t5-large,log_return,history,2025-07-24,0.0006979799969332514
chronos,original,amazon/chronos-t5-large,log_return,history,2025-07-25,0.003966451001680552
chronos,original,amazon/chronos-t5-large,log_return,history,2025-07-28,0.00017684247126657597
chronos,original,amazon/chronos-t5-large,log_return,history,2025-07-29,-0.002963830197466829
chronos,original,amazon/chronos-t5-large,log_return,history,2025-07-30,-0.0012502139385094711
chronos,original,amazon/chronos-t5-large,log_return,history,2025-07-31,-0.003701662046374567
chronos,original,amazon/chronos-t5-large,log_return,history,2025-08-01,-0.0161213871855698
chronos,original,amazon/chronos-t5-large,log_return,history,2025-08-04,0.014629564491414495
chronos,original,amazon/chronos-t5-large,log_return,history,2025-08-05,-0.004869703780462017
chronos,original,amazon/chronos-t5-large,log_return,history,2025-08-06,0.007255522219852605
chronos,original,amazon/chronos-t5-large,log_return,history,2025-08-07,-0.0007977981718278668
chronos,original,amazon/chronos-t5-large,log_return,history,2025-08-08,0.0077694548163894745
chronos,original,amazon/chronos-t5-large,log_return,history,2025-08-11,-0.002507268393885107
chronos,original,amazon/chronos-t5-large,log_return,history,2025-08-12,0.011281559075170764
chronos,original,amazon/chronos-t5-large,log_return,history,2025-08-13,0.0032248733840464015
chronos,original,amazon/chronos-t5-large,log_return,history,2025-08-14,0.00030304487855445177
chronos,original,amazon/chronos-t5-large,log_return,history,2025-08-15,-0.0029013399163647113
chronos,original,amazon/chronos-t5-large,log_return,history,2025-08-18,-0.00010076825773579619
chronos,original,amazon/chronos-t5-large,log_return,history,2025-08-19,-0.005875329112207127
chronos,original,amazon/chronos-t5-large,log_return,history,2025-08-20,-0.002434630632264957
chronos,original,amazon/chronos-t5-large,log_return,history,2025-08-21,-0.004012219728951123
chronos,original,amazon/chronos-t5-large,log_return,history,2025-08-22,0.015072285158779139
chronos,original,amazon/chronos-t5-large,log_return,history,2025-08-25,-0.004275512539646319
chronos,original,amazon/chronos-t5-large,log_return,history,2025-08-26,0.00412547371011636
chronos,original,amazon/chronos-t5-large,log_return,history,2025-08-27,0.0023881304533030262
chronos,original,amazon/chronos-t5-large,log_return,history,2025-08-28,0.003151747441466755
chronos,original,amazon/chronos-t5-large,log_return,history,2025-08-29,-0.006418740402792551
chronos,original,amazon/chronos-t5-large,log_return,history,2025-09-02,-0.006946350061030363
chronos,original,amazon/chronos-t5-large,log_return,history,2025-09-03,0.005087112302941308
chronos,original,amazon/chronos-t5-large,log_return,history,2025-09-04,0.008311847102873573
chronos,original,amazon/chronos-t5-large,log_return,history,2025-09-05,-0.00317017266993674
chronos,original,amazon/chronos-t5-large,log_return,history,2025-09-08,0.0021037644508885675
chronos,original,amazon/chronos-t5-large,log_return,history,2025-09-09,0.0026845470300734414
chronos,original,amazon/chronos-t5-large,log_return,history,2025-09-10,0.0029790282293981275
chronos,original,amazon/chronos-t5-large,log_return,history,2025-09-11,0.008450087623093565
chronos,original,amazon/chronos-t5-large,log_return,history,2025-09-12,-0.00048287788142832935
chronos,original,amazon/chronos-t5-large,log_return,history,2025-09-15,0.004695577726559718
chronos,original,amazon/chronos-t5-large,log_return,history,2025-09-16,-0.0012887604333313247
chronos,original,amazon/chronos-t5-large,log_return,history,2025-09-17,-0.0009706390782443865
chronos,original,amazon/chronos-t5-large,log_return,history,2025-09-18,0.004777687836708263
chronos,original,amazon/chronos-t5-large,log_return,history,2025-09-19,0.004873523937481177
chronos,original,amazon/chronos-t5-large,log_return,history,2025-09-22,0.004400350714762291
chronos,original,amazon/chronos-t5-large,log_return,history,2025-09-23,-0.005517351828739721
chronos,original,amazon/chronos-t5-large,log_return,history,2025-09-24,-0.0028506771652953692
chronos,original,amazon/chronos-t5-large,log_return,history,2025-09-25,-0.005021648742526333
chronos,original,amazon/chronos-t5-large,log_return,history,2025-09-26,0.005884489130413512
chronos,original,amazon/chronos-t5-large,log_return,history,2025-09-29,0.002632077259912619
chronos,original,amazon/chronos-t5-large,log_return,history,2025-09-30,0.00408250361350792
chronos,original,amazon/chronos-t5-large,log_return,history,2025-10-01,0.0033941541712235066
chronos,original,amazon/chronos-t5-large,log_return,history,2025-10-02,0.0006181636213842448
chronos,original,amazon/chronos-t5-large,log_return,history,2025-10-03,6.55106568658717e-05
chronos,original,amazon/chronos-t5-large,log_return,history,2025-10-06,0.003639959282762629
chronos,original,amazon/chronos-t5-large,log_return,history,2025-10-07,-0.003818687706853079
chronos,original,amazon/chronos-t5-large,log_return,history,2025-10-08,0.005810748494187323
chronos,original,amazon/chronos-t5-large,log_return,history,2025-10-09,-0.0027593739802789824
chronos,original,amazon/chronos-t5-large,log_return,history,2025-10-10,-0.027485975439899807
chronos,original,amazon/chronos-t5-large,log_return,history,2025-10-13,0.015478263036934031
chronos,original,amazon/chronos-t5-large,log_return,history,2025-10-14,-0.00156555149694257
chronos,original,amazon/chronos-t5-large,log_return,history,2025-10-15,0.004017918503427979
chronos,original,amazon/chronos-t5-large,log_return,history,2025-10-16,-0.006314280275141975
chronos,original,amazon/chronos-t5-large,log_return,history,2025-10-17,0.0052568739445263
chronos,original,amazon/chronos-t5-large,log_return,history,2025-10-20,0.010615724136144117
chronos,original,amazon/chronos-t5-large,log_return,history,2025-10-21,3.269591641698797e-05
chronos,original,amazon/chronos-t5-large,log_return,history,2025-10-22,-0.005351834774743029
chronos,original,amazon/chronos-t5-large,log_return,history,2025-10-23,0.0058104798620133855
chronos,original,amazon/chronos-t5-large,log_return,history,2025-10-24,0.007871361975244857
chronos,original,amazon/chronos-t5-large,log_return,history,2025-10-27,0.012215141327379352
chronos,original,amazon/chronos-t5-large,log_return,history,2025-10-28,0.0022853305022299255
chronos,original,amazon/chronos-t5-large,log_return,history,2025-10-29,-4.3579204733175357e-05
chronos,original,amazon/chronos-t5-large,log_return,history,2025-10-30,-0.009954191424534511
chronos,original,amazon/chronos-t5-large,log_return,history,2025-10-31,0.0026145009178832708
chronos,original,amazon/chronos-t5-large,log_return,history,2025-11-03,0.0017192339969181521
chronos,original,amazon/chronos-t5-large,log_return,history,2025-11-04,-0.011806250392326717
chronos,original,amazon/chronos-t5-large,log_return,history,2025-11-05,0.0036468976756877185
chronos,original,amazon/chronos-t5-large,log_return,history,2025-11-06,-0.011241134514722728
chronos,original,amazon/chronos-t5-large,log_return,history,2025-11-07,0.0012610463474931072
chronos,original,amazon/chronos-t5-large,log_return,history,2025-11-10,0.015283626703501814
chronos,original,amazon/chronos-t5-large,log_return,history,2025-11-11,0.0020731999523923177
chronos,original,amazon/chronos-t5-large,log_return,history,2025-11-12,0.0006293191259445972
chronos,original,amazon/chronos-t5-large,log_return,history,2025-11-13,-0.01669545163092778
chronos,original,amazon/chronos-t5-large,log_return,history,2025-11-14,-0.0005018514712717733
chronos,original,amazon/chronos-t5-large,log_return,history,2025-11-17,-0.009204497894305158
chronos,original,amazon/chronos-t5-large,log_return,history,2025-11-18,-0.008290709844169318
chronos,original,amazon/chronos-t5-large,log_return,history,2025-11-19,0.00374680773726533
chronos,original,amazon/chronos-t5-large,log_return,history,2025-11-20,-0.01568972611631523
chronos,original,amazon/chronos-t5-large,log_return,history,2025-11-21,0.009775103041592069
chronos,original,amazon/chronos-t5-large,log_return,history,2025-11-24,0.015348818899081837
chronos,original,amazon/chronos-t5-large,log_return,history,2025-11-25,0.009020886000832944
chronos,original,amazon/chronos-t5-large,log_return,history,2025-11-26,0.006882969436149685
chronos,original,amazon/chronos-t5-large,log_return,history,2025-11-28,0.005340487341137372
chronos,original,amazon/chronos-t5-large,log_return,history,2025-12-01,-0.005337548746055966
chronos,original,amazon/chronos-t5-large,log_return,history,2025-12-02,0.002454221195936617
chronos,original,amazon/chronos-t5-large,log_return,history,2025-12-03,0.0029753605210852863
chronos,original,amazon/chronos-t5-large,log_return,history,2025-12-04,0.001079738711974404
chronos,original,amazon/chronos-t5-large,log_return,history,2025-12-05,0.0019347688846794776
chronos,original,amazon/chronos-t5-large,log_return,history,2025-12-08,-0.0034833153316476935
chronos,original,amazon/chronos-t5-large,log_return,history,2025-12-09,-0.0008767431610132386
chronos,original,amazon/chronos-t5-large,log_return,history,2025-12-10,0.006726880659139976
chronos,original,amazon/chronos-t5-large,log_return,history,2025-12-11,0.00207719198371703
chronos,original,amazon/chronos-t5-large,log_return,history,2025-12-12,-0.010720913458554537
chronos,original,amazon/chronos-t5-large,log_return,history,2025-12-15,-0.0015978388918367072
chronos,original,amazon/chronos-t5-large,log_return,history,2025-12-16,-0.00238676400843967
chronos,original,amazon/chronos-t5-large,log_return,history,2025-12-17,-0.01165985661137129
chronos,original,amazon/chronos-t5-large,log_return,history,2025-12-18,0.007902951520479156
chronos,original,amazon/chronos-t5-large,log_return,history,2025-12-19,0.008779407421828872
chronos,original,amazon/chronos-t5-large,log_return,history,2025-12-22,0.006415870575561936
chronos,original,amazon/chronos-t5-large,log_return,history,2025-12-23,0.004540067046788208
chronos,original,amazon/chronos-t5-large,log_return,history,2025-12-24,0.0032163043447007086
chronos,original,amazon/chronos-t5-large,log_return,history,2025-12-26,-0.00030440987710828846
chronos,original,amazon/chronos-t5-large,log_return,history,2025-12-29,-0.0034981629239373116
chronos,original,amazon/chronos-t5-large,log_return,history,2025-12-30,-0.0013766142506534472
chronos,original,amazon/chronos-t5-large,log_return,history,2025-12-31,-0.007384867434248815
chronos,original,amazon/chronos-t5-large,log_return,history,2026-01-02,0.0018929140261155547
chronos,original,amazon/chronos-t5-large,log_return,history,2026-01-05,0.006334024511051582
chronos,original,amazon/chronos-t5-large,log_return,history,2026-01-06,0.0061775920038938375
chronos,original,amazon/chronos-t5-large,log_return,history,2026-01-07,-0.0034458535710101927
chronos,original,amazon/chronos-t5-large,log_return,history,2026-01-08,7.654532942294603e-05
chronos,original,amazon/chronos-t5-large,log_return,history,2026-01-09,0.006454611138321038
chronos,original,amazon/chronos-t5-large,log_return,history,2026-01-12,0.0015763900591805138
chronos,original,amazon/chronos-t5-large,log_return,history,2026-01-13,-0.0019410055882070072
chronos,original,amazon/chronos-t5-large,log_return,history,2026-01-14,-0.005347633584135448
chronos,original,amazon/chronos-t5-large,log_return,history,2026-01-15,0.002576603920444464
chronos,original,amazon/chronos-t5-large,log_return,history,2026-01-16,-0.0006425086684515026
chronos,original,amazon/chronos-t5-large,log_return,history,2026-01-20,-0.020842460953261224
chronos,original,amazon/chronos-t5-large,log_return,history,2026-01-21,0.01152111763356032
chronos,original,amazon/chronos-t5-large,log_return,history,2026-01-22,0.0054725007079021405
chronos,original,amazon/chronos-t5-large,log_return,history,2026-01-23,0.0003268164274822459
chronos,original,amazon/chronos-t5-large,log_return,history,2026-01-26,0.00499359426016032
chronos,original,amazon/chronos-t5-large,log_return,history,2026-01-27,0.004073587840441241
chronos,original,amazon/chronos-t5-large,log_return,history,2026-01-28,-8.172639170147053e-05
chronos,original,amazon/chronos-t5-large,log_return,history,2026-01-29,-0.0012934674424623016
chronos,original,amazon/chronos-t5-large,log_return,history,2026-01-30,-0.0043111794144580756
chronos,original,amazon/chronos-t5-large,log_return,history,2026-02-02,0.005376785277364613
chronos,original,amazon/chronos-t5-large,log_return,history,2026-02-03,-0.008439495590663714
chronos,original,amazon/chronos-t5-large,log_return,history,2026-02-04,-0.005085300155013826
chronos,original,amazon/chronos-t5-large,log_return,history,2026-02-05,-0.012326677853832891
chronos,original,amazon/chronos-t5-large,log_return,history,2026-02-06,0.019504344282200718
chronos,original,amazon/chronos-t5-large,log_return,history,2026-02-09,0.004680117860123293
chronos,original,amazon/chronos-t5-large,log_return,history,2026-02-10,-0.0033091822845107053
chronos,original,amazon/chronos-t5-large,log_return,history,2026-02-11,-4.89572699497733e-05
chronos,original,amazon/chronos-t5-large,log_return,history,2026-02-12,-0.01578494138611745
chronos,original,amazon/chronos-t5-large,log_return,history,2026-02-13,0.0004989646444475858
chronos,original,amazon/chronos-t5-large,log_return,history,2026-02-17,0.0010307906306565179
chronos,original,amazon/chronos-t5-large,log_return,history,2026-02-18,0.005550636821134019
chronos,original,amazon/chronos-t5-large,log_return,history,2026-02-19,-0.0028261153915347848
chronos,original,amazon/chronos-t5-large,log_return,history,2026-02-20,0.006915755702175204
chronos,original,amazon/chronos-t5-large,log_return,history,2026-02-23,-0.01043995947145646
chronos,original,amazon/chronos-t5-large,log_return,history,2026-02-24,0.007622488962383376
chronos,original,amazon/chronos-t5-large,log_return,history,2026-02-25,0.0081034339701294
chronos,original,amazon/chronos-t5-large,log_return,history,2026-02-26,-0.005380026995566101
chronos,original,amazon/chronos-t5-large,log_return,history,2026-02-27,-0.004348795128037643
chronos,original,amazon/chronos-t5-large,log_return,history,2026-03-02,0.0003982754131349892
chronos,original,amazon/chronos-t5-large,log_return,history,2026-03-03,-0.009488908731312503
chronos,original,amazon/chronos-t5-large,log_return,history,2026-03-04,0.00772612574014956
chronos,original,amazon/chronos-t5-large,log_return,history,2026-03-05,-0.005662707772703004
chronos,original,amazon/chronos-t5-large,log_return,history,2026-03-06,-0.013365720432496335
chronos,original,amazon/chronos-t5-large,log_return,history,2026-03-09,0.008269871665388671
chronos,original,amazon/chronos-t5-large,log_return,history,2026-03-10,-0.002137402505887721
chronos,original,amazon/chronos-t5-large,log_return,history,2026-03-11,-0.0008379521856348736
chronos,original,amazon/chronos-t5-large,log_return,history,2026-03-12,-0.015344808189494536
chronos,original,amazon/chronos-t5-large,log_return,history,2026-03-13,-0.006077546398501344
chronos,original,amazon/chronos-t5-large,log_return,history,2026-03-16,0.010079909746818997
chronos,original,amazon/chronos-t5-large,log_return,history,2026-03-17,0.002491149384952951
chronos,original,amazon/chronos-t5-large,log_return,history,2026-03-18,-0.013700999383730839
chronos,original,amazon/chronos-t5-large,log_return,history,2026-03-19,-0.002752582623899739
chronos,original,amazon/chronos-t5-large,log_return,history,2026-03-20,-0.015253934307770226
chronos,original,amazon/chronos-t5-large,log_return,history,2026-03-23,0.0113881090950741
chronos,original,amazon/chronos-t5-large,log_return,history,2026-03-24,-0.0037495954593205535
chronos,original,amazon/chronos-t5-large,log_return,history,2026-03-25,0.0054044937599492145
chronos,original,amazon/chronos-t5-large,log_return,history,2026-03-26,-0.017559440961209507
chronos,original,amazon/chronos-t5-large,log_return,history,2026-03-27,-0.01686323194605131
chronos,original,amazon/chronos-t5-large,log_return,history,2026-03-30,-0.003953553833355896
chronos,original,amazon/chronos-t5-large,log_return,history,2026-03-31,0.028714893309798716
chronos,original,amazon/chronos-t5-large,log_return,history,2026-04-01,0.0071429450037592815
chronos,original,amazon/chronos-t5-large,log_return,history,2026-04-02,0.0011202481362370179
chronos,original,amazon/chronos-t5-large,log_return,history,2026-04-06,0.004417013131605809
chronos,original,amazon/chronos-t5-large,log_return,history,2026-04-07,0.0007589600331270599
chronos,original,amazon/chronos-t5-large,log_return,history,2026-04-08,0.024772038357183543
chronos,original,amazon/chronos-t5-large,log_return,history,2026-04-09,0.006151066869514015
chronos,original,amazon/chronos-t5-large,log_return,history,2026-04-10,-0.0011391696991393636
chronos,original,amazon/chronos-t5-large,log_return,history,2026-04-13,0.010121875493741075
chronos,original,amazon/chronos-t5-large,log_return,history,2026-04-14,0.011713988916143619
chronos,original,amazon/chronos-t5-large,log_return,history,2026-04-15,0.00794414491156507
chronos,original,amazon/chronos-t5-large,log_return,history,2026-04-16,0.002606555815286028
chronos,original,amazon/chronos-t5-large,log_return,history,2026-04-17,0.011968553928737802
chronos,original,amazon/chronos-t5-large,log_return,history,2026-04-20,-0.0023771959102520377
chronos,original,amazon/chronos-t5-large,log_return,history,2026-04-21,-0.0063684535808531395
chronos,original,amazon/chronos-t5-large,log_return,history,2026-04-22,0.010405756011537825
chronos,original,amazon/chronos-t5-large,log_return,history,2026-04-23,-0.004141432170939999
chronos,original,amazon/chronos-t5-large,log_return,history,2026-04-24,0.007942067917632457
chronos,original,amazon/chronos-t5-large,log_return,history,2026-04-27,0.0012316180005498539
chronos,original,amazon/chronos-t5-large,log_return,history,2026-04-28,-0.0049061878687959495
chronos,original,amazon/chronos-t5-large,log_return,history,2026-04-29,-0.00039925174351248426
chronos,original,amazon/chronos-t5-large,log_return,history,2026-04-30,0.010186184168105012
chronos,original,amazon/chronos-t5-large,log_return,history,2026-05-01,0.0029240496865214705
chronos,original,amazon/chronos-t5-large,log_return,history,2026-05-04,-0.004070462487840939
chronos,original,amazon/chronos-t5-large,log_return,history,2026-05-05,0.008087227380575185
chronos,original,amazon/chronos-t5-large,log_return,history,2026-05-06,0.014482944327746902
chronos,original,amazon/chronos-t5-large,log_return,history,2026-05-07,-0.0038103454826786936
chronos,original,amazon/chronos-t5-large,log_return,history,2026-05-08,0.008390405429031966
chronos,original,amazon/chronos-t5-large,log_return,history,2026-05-11,0.0018781917406753333
chronos,original,amazon/chronos-t5-large,log_return,history,2026-05-12,-0.0016038944114079717
chronos,original,amazon/chronos-t5-large,log_return,history,2026-05-13,0.005832206062995343
chronos,original,amazon/chronos-t5-large,log_return,history,2026-05-14,0.007626449143738461
chronos,original,amazon/chronos-t5-large,log_return,history,2026-05-15,-0.012440381787730354
chronos,original,amazon/chronos-t5-large,log_return,history,2026-05-18,-0.0007359385925655567
chronos,original,amazon/chronos-t5-large,log_return,history,2026-05-19,-0.006700720556670582
chronos,original,amazon/chronos-t5-large,log_return,history,2026-05-20,0.010734208066325955
chronos,original,amazon/chronos-t5-large,log_return,history,2026-05-21,0.0017138609316666425
chronos,original,amazon/chronos-t5-large,log_return,history,2026-05-22,0.003720045284340991
chronos,original,amazon/chronos-t5-large,log_return,history,2026-05-26,0.006089680623147164
chronos,original,amazon/chronos-t5-large,log_return,history,2026-05-27,0.00016486555361860245
chronos,original,amazon/chronos-t5-large,log_return,history,2026-05-28,0.0057372272122164095
chronos,original,amazon/chronos-t5-large,log_return,history,2026-05-29,0.0021699047314878454
chronos,original,amazon/chronos-t5-large,log_return,history,2026-06-01,0.0026218560604907887
chronos,original,amazon/chronos-t5-large,log_return,history,2026-06-02,0.0012912549125880068
chronos,original,amazon/chronos-t5-large,log_return,history,2026-06-03,-0.007399348892067432
chronos,original,amazon/chronos-t5-large,log_return,history,2026-06-04,0.0040467623691873905
chronos,original,amazon/chronos-t5-large,log_return,history,2026-06-05,-0.026801330315360895
chronos,original,amazon/chronos-t5-large,log_return,history,2026-06-08,0.0029737052076611974
chronos,original,amazon/chronos-t5-large,log_return,history,2026-06-09,-0.0025797185926219454
chronos,original,amazon/chronos-t5-large,log_return,history,2026-06-10,-0.016332095868206012
chronos,original,amazon/chronos-t5-large,log_return,history,2026-06-11,0.01736719891346488
chronos,original,amazon/chronos-t5-large,log_return,history,2026-06-12,0.005012928127161434
chronos,original,amazon/chronos-t5-large,log_return,history,2026-06-15,0.01639328413858115
chronos,original,amazon/chronos-t5-large,log_return,history,2026-06-16,-0.005700396039273383
chronos,original,amazon/chronos-t5-large,log_return,history,2026-06-17,-0.012222675603360275
chronos,original,amazon/chronos-t5-large,log_return,history,2026-06-18,0.010787813962926182
chronos,original,amazon/chronos-t5-large,log_return,history,2026-06-22,-0.003711932684976348
chronos,original,amazon/chronos-t5-large,log_return,history,2026-06-23,-0.014466928386098657
chronos,original,amazon/chronos-t5-large,log_return,history,2026-06-24,-0.000983415367731934
chronos,original,amazon/chronos-t5-large,log_return,history,2026-06-25,-9.921104004703284e-05
chronos,original,amazon/chronos-t5-large,log_return,history,2026-06-26,-0.0004717686829183932
chronos,original,amazon/chronos-t5-large,log_return,history,2026-06-29,0.01168156135934559
chronos,original,amazon/chronos-t5-large,log_return,history,2026-06-30,0.007888998838148293
chronos,original,amazon/chronos-t5-large,log_return,history,2026-07-01,-0.0021531509855513085
chronos,original,amazon/chronos-t5-large,log_return,history,2026-07-02,1.370250446897007e-06
chronos,original,amazon/chronos-t5-large,log_return,history,2026-07-06,0.0072154138304445295
chronos,original,amazon/chronos-t5-large,log_return,history,2026-07-07,-0.004465063253185491
chronos,original,amazon/chronos-t5-large,log_return,history,2026-07-08,-0.0028212145626126694
chronos,original,amazon/chronos-t5-large,log_return,history,2026-07-09,0.008109821657156896
chronos,original,amazon/chronos-t5-large,log_return,actual,2026-07-10,0.004200010992571727
chronos,original,amazon/chronos-t5-large,log_return,actual,2026-07-13,-0.007958609028043705
chronos,original,amazon/chronos-t5-large,log_return,actual,2026-07-14,0.003751931076883282
chronos,original,amazon/chronos-t5-large,log_return,actual,2026-07-15,0.003811869942054222
chronos,original,amazon/chronos-t5-large,log_return,actual,2026-07-16,-0.005114462132765812
chronos,original,amazon/chronos-t5-large,log_return,actual,2026-07-17,-0.010149876192112738
chronos,original,amazon/chronos-t5-large,log_return,actual,2026-07-20,-0.0019341238867804414
chronos,original,amazon/chronos-t5-large,log_return,actual,2026-07-21,0.008817378432212827
chronos,original,amazon/chronos-t5-large,log_return,actual,2026-07-22,-0.0013646224263997142
chronos,original,amazon/chronos-t5-large,log_return,actual,2026-07-23,-0.012163372131276511
chronos,original,amazon/chronos-t5-large,log_return,actual,2026-07-24,0.0004966405371888175
chronos,original,amazon/chronos-t5-large,log_return,actual,2026-07-27,0.00016191330177520104
chronos,original,amazon/chronos-t5-large,log_return,actual,2026-07-28,0.0021020963754603476
chronos,original,amazon/chronos-t5-large,log_return,actual,2026-07-29,-0.015277397157074194
chronos,original,amazon/chronos-t5-large,log_return,actual,2026-07-30,0.016468013977056842
chronos,original,amazon/chronos-t5-large,log_return,actual,2026-07-31,0.006979208383378553
chronos,original,amazon/chronos-t5-large,log_return,actual,2026-08-03,0.014682592263996739
chronos,original,amazon/chronos-t5-large,log_return,actual,2026-08-04,0.01773794201518698
chronos,original,amazon/chronos-t5-large,log_return,actual,2026-08-05,-0.0016778990048803989
chronos,original,amazon/chronos-t5-large,log_return,actual,2026-08-06,-0.0017610831844068816
chronos,original,amazon/chronos-t5-large,log_return,actual,2026-08-07,0.006165187424711444
chronos,original,amazon/chronos-t5-large,log_return,naive,2026-07-10,0.008109821657156896
chronos,original,amazon/chronos-t5-large,log_return,naive,2026-07-13,0.008109821657156896
chronos,original,amazon/chronos-t5-large,log_return,naive,2026-07-14,0.008109821657156896
chronos,original,amazon/chronos-t5-large,log_return,naive,2026-07-15,0.008109821657156896
chronos,original,amazon/chronos-t5-large,log_return,naive,2026-07-16,0.008109821657156896
chronos,original,amazon/chronos-t5-large,log_return,naive,2026-07-17,0.008109821657156896
chronos,original,amazon/chronos-t5-large,log_return,naive,2026-07-20,0.008109821657156896
chronos,original,amazon/chronos-t5-large,log_return,naive,2026-07-21,0.008109821657156896
chronos,original,amazon/chronos-t5-large,log_return,naive,2026-07-22,0.008109821657156896
chronos,original,amazon/chronos-t5-large,log_return,naive,2026-07-23,0.008109821657156896
chronos,original,amazon/chronos-t5-large,log_return,naive,2026-07-24,0.008109821657156896
chronos,original,amazon/chronos-t5-large,log_return,naive,2026-07-27,0.008109821657156896
chronos,original,amazon/chronos-t5-large,log_return,naive,2026-07-28,0.008109821657156896
chronos,original,amazon/chronos-t5-large,log_return,naive,2026-07-29,0.008109821657156896
chronos,original,amazon/chronos-t5-large,log_return,naive,2026-07-30,0.008109821657156896
chronos,original,amazon/chronos-t5-large,log_return,naive,2026-07-31,0.008109821657156896
chronos,original,amazon/chronos-t5-large,log_return,naive,2026-08-03,0.008109821657156896
chronos,original,amazon/chronos-t5-large,log_return,naive,2026-08-04,0.008109821657156896
chronos,original,amazon/chronos-t5-large,log_return,naive,2026-08-05,0.008109821657156896
chronos,original,amazon/chronos-t5-large,log_return,naive,2026-08-06,0.008109821657156896
chronos,original,amazon/chronos-t5-large,log_return,naive,2026-08-07,0.008109821657156896
chronos,original,amazon/chronos-t5-large,log_return,forecast,2026-07-10,0.001298215938732028
chronos,original,amazon/chronos-t5-large,log_return,forecast,2026-07-13,0.000890932569745928
chronos,original,amazon/chronos-t5-large,log_return,forecast,2026-07-14,0.0017054994823411107
chronos,original,amazon/chronos-t5-large,log_return,forecast,2026-07-15,0.000890932627953589
chronos,original,amazon/chronos-t5-large,log_return,forecast,2026-07-16,0.001170939882285893
chronos,original,amazon/chronos-t5-large,log_return,forecast,2026-07-17,0.0011709399987012148
chronos,original,amazon/chronos-t5-large,log_return,forecast,2026-07-20,0.0012473055394366384
chronos,original,amazon/chronos-t5-large,log_return,forecast,2026-07-21,0.001934596337378025
chronos,original,amazon/chronos-t5-large,log_return,forecast,2026-07-22,0.0017309546237811446
chronos,original,amazon/chronos-t5-large,log_return,forecast,2026-07-23,0.0022909692488610744
chronos,original,amazon/chronos-t5-large,log_return,forecast,2026-07-24,0.0022146038245409727
chronos,original,amazon/chronos-t5-large,log_return,forecast,2026-07-27,0.001934596337378025
chronos,original,amazon/chronos-t5-large,log_return,forecast,2026-07-28,0.0022146038245409727
chronos,original,amazon/chronos-t5-large,log_return,forecast,2026-07-29,0.002087327651679516
chronos,original,amazon/chronos-t5-large,log_return,forecast,2026-07-30,0.0016291337087750435
chronos,original,amazon/chronos-t5-large,log_return,forecast,2026-07-31,0.0017564098816365004
chronos,original,amazon/chronos-t5-large,log_return,forecast,2026-08-03,0.0016036785673350096
chronos,original,amazon/chronos-t5-large,log_return,forecast,2026-08-04,0.0015273129101842642
chronos,original,amazon/chronos-t5-large,log_return,forecast,2026-08-05,0.0012473055394366384
chronos,original,amazon/chronos-t5-large,log_return,forecast,2026-08-06,0.001680044224485755
chronos,original,amazon/chronos-t5-large,log_return,forecast,2026-08-07,0.001400036970153451
chronos,bolt,amazon/chronos-bolt-base,price,history,2024-06-24,5447.8701171875
chronos,bolt,amazon/chronos-bolt-base,price,history,2024-06-25,5469.2998046875
chronos,bolt,amazon/chronos-bolt-base,price,history,2024-06-26,5477.89990234375
chronos,bolt,amazon/chronos-bolt-base,price,history,2024-06-27,5482.8701171875
chronos,bolt,amazon/chronos-bolt-base,price,history,2024-06-28,5460.47998046875
chronos,bolt,amazon/chronos-bolt-base,price,history,2024-07-01,5475.08984375
chronos,bolt,amazon/chronos-bolt-base,price,history,2024-07-02,5509.009765625
chronos,bolt,amazon/chronos-bolt-base,price,history,2024-07-03,5537.02001953125
chronos,bolt,amazon/chronos-bolt-base,price,history,2024-07-05,5567.18994140625
chronos,bolt,amazon/chronos-bolt-base,price,history,2024-07-08,5572.85009765625
chronos,bolt,amazon/chronos-bolt-base,price,history,2024-07-09,5576.97998046875
chronos,bolt,amazon/chronos-bolt-base,price,history,2024-07-10,5633.91015625
chronos,bolt,amazon/chronos-bolt-base,price,history,2024-07-11,5584.5400390625
chronos,bolt,amazon/chronos-bolt-base,price,history,2024-07-12,5615.35009765625
chronos,bolt,amazon/chronos-bolt-base,price,history,2024-07-15,5631.22021484375
chronos,bolt,amazon/chronos-bolt-base,price,history,2024-07-16,5667.2001953125
chronos,bolt,amazon/chronos-bolt-base,price,history,2024-07-17,5588.27001953125
chronos,bolt,amazon/chronos-bolt-base,price,history,2024-07-18,5544.58984375
chronos,bolt,amazon/chronos-bolt-base,price,history,2024-07-19,5505.0
chronos,bolt,amazon/chronos-bolt-base,price,history,2024-07-22,5564.41015625
chronos,bolt,amazon/chronos-bolt-base,price,history,2024-07-23,5555.740234375
chronos,bolt,amazon/chronos-bolt-base,price,history,2024-07-24,5427.1298828125
chronos,bolt,amazon/chronos-bolt-base,price,history,2024-07-25,5399.22021484375
chronos,bolt,amazon/chronos-bolt-base,price,history,2024-07-26,5459.10009765625
chronos,bolt,amazon/chronos-bolt-base,price,history,2024-07-29,5463.5400390625
chronos,bolt,amazon/chronos-bolt-base,price,history,2024-07-30,5436.43994140625
chronos,bolt,amazon/chronos-bolt-base,price,history,2024-07-31,5522.2998046875
chronos,bolt,amazon/chronos-bolt-base,price,history,2024-08-01,5446.68017578125
chronos,bolt,amazon/chronos-bolt-base,price,history,2024-08-02,5346.56005859375
chronos,bolt,amazon/chronos-bolt-base,price,history,2024-08-05,5186.330078125
chronos,bolt,amazon/chronos-bolt-base,price,history,2024-08-06,5240.02978515625
chronos,bolt,amazon/chronos-bolt-base,price,history,2024-08-07,5199.5
chronos,bolt,amazon/chronos-bolt-base,price,history,2024-08-08,5319.31005859375
chronos,bolt,amazon/chronos-bolt-base,price,history,2024-08-09,5344.16015625
chronos,bolt,amazon/chronos-bolt-base,price,history,2024-08-12,5344.39013671875
chronos,bolt,amazon/chronos-bolt-base,price,history,2024-08-13,5434.43017578125
chronos,bolt,amazon/chronos-bolt-base,price,history,2024-08-14,5455.2099609375
chronos,bolt,amazon/chronos-bolt-base,price,history,2024-08-15,5543.22021484375
chronos,bolt,amazon/chronos-bolt-base,price,history,2024-08-16,5554.25
chronos,bolt,amazon/chronos-bolt-base,price,history,2024-08-19,5608.25
chronos,bolt,amazon/chronos-bolt-base,price,history,2024-08-20,5597.1201171875
chronos,bolt,amazon/chronos-bolt-base,price,history,2024-08-21,5620.85009765625
chronos,bolt,amazon/chronos-bolt-base,price,history,2024-08-22,5570.64013671875
chronos,bolt,amazon/chronos-bolt-base,price,history,2024-08-23,5634.60986328125
chronos,bolt,amazon/chronos-bolt-base,price,history,2024-08-26,5616.83984375
chronos,bolt,amazon/chronos-bolt-base,price,history,2024-08-27,5625.7998046875
chronos,bolt,amazon/chronos-bolt-base,price,history,2024-08-28,5592.18017578125
chronos,bolt,amazon/chronos-bolt-base,price,history,2024-08-29,5591.9599609375
chronos,bolt,amazon/chronos-bolt-base,price,history,2024-08-30,5648.39990234375
chronos,bolt,amazon/chronos-bolt-base,price,history,2024-09-03,5528.93017578125
chronos,bolt,amazon/chronos-bolt-base,price,history,2024-09-04,5520.06982421875
chronos,bolt,amazon/chronos-bolt-base,price,history,2024-09-05,5503.41015625
chronos,bolt,amazon/chronos-bolt-base,price,history,2024-09-06,5408.419921875
chronos,bolt,amazon/chronos-bolt-base,price,history,2024-09-09,5471.0498046875
chronos,bolt,amazon/chronos-bolt-base,price,history,2024-09-10,5495.52001953125
chronos,bolt,amazon/chronos-bolt-base,price,history,2024-09-11,5554.1298828125
chronos,bolt,amazon/chronos-bolt-base,price,history,2024-09-12,5595.759765625
chronos,bolt,amazon/chronos-bolt-base,price,history,2024-09-13,5626.02001953125
chronos,bolt,amazon/chronos-bolt-base,price,history,2024-09-16,5633.08984375
chronos,bolt,amazon/chronos-bolt-base,price,history,2024-09-17,5634.580078125
chronos,bolt,amazon/chronos-bolt-base,price,history,2024-09-18,5618.259765625
chronos,bolt,amazon/chronos-bolt-base,price,history,2024-09-19,5713.64013671875
chronos,bolt,amazon/chronos-bolt-base,price,history,2024-09-20,5702.5498046875
chronos,bolt,amazon/chronos-bolt-base,price,history,2024-09-23,5718.56982421875
chronos,bolt,amazon/chronos-bolt-base,price,history,2024-09-24,5732.93017578125
chronos,bolt,amazon/chronos-bolt-base,price,history,2024-09-25,5722.259765625
chronos,bolt,amazon/chronos-bolt-base,price,history,2024-09-26,5745.3701171875
chronos,bolt,amazon/chronos-bolt-base,price,history,2024-09-27,5738.169921875
chronos,bolt,amazon/chronos-bolt-base,price,history,2024-09-30,5762.47998046875
chronos,bolt,amazon/chronos-bolt-base,price,history,2024-10-01,5708.75
chronos,bolt,amazon/chronos-bolt-base,price,history,2024-10-02,5709.5400390625
chronos,bolt,amazon/chronos-bolt-base,price,history,2024-10-03,5699.93994140625
chronos,bolt,amazon/chronos-bolt-base,price,history,2024-10-04,5751.06982421875
chronos,bolt,amazon/chronos-bolt-base,price,history,2024-10-07,5695.93994140625
chronos,bolt,amazon/chronos-bolt-base,price,history,2024-10-08,5751.1298828125
chronos,bolt,amazon/chronos-bolt-base,price,history,2024-10-09,5792.0400390625
chronos,bolt,amazon/chronos-bolt-base,price,history,2024-10-10,5780.0498046875
chronos,bolt,amazon/chronos-bolt-base,price,history,2024-10-11,5815.02978515625
chronos,bolt,amazon/chronos-bolt-base,price,history,2024-10-14,5859.85009765625
chronos,bolt,amazon/chronos-bolt-base,price,history,2024-10-15,5815.259765625
chronos,bolt,amazon/chronos-bolt-base,price,history,2024-10-16,5842.47021484375
chronos,bolt,amazon/chronos-bolt-base,price,history,2024-10-17,5841.47021484375
chronos,bolt,amazon/chronos-bolt-base,price,history,2024-10-18,5864.669921875
chronos,bolt,amazon/chronos-bolt-base,price,history,2024-10-21,5853.97998046875
chronos,bolt,amazon/chronos-bolt-base,price,history,2024-10-22,5851.2001953125
chronos,bolt,amazon/chronos-bolt-base,price,history,2024-10-23,5797.419921875
chronos,bolt,amazon/chronos-bolt-base,price,history,2024-10-24,5809.85986328125
chronos,bolt,amazon/chronos-bolt-base,price,history,2024-10-25,5808.1201171875
chronos,bolt,amazon/chronos-bolt-base,price,history,2024-10-28,5823.52001953125
chronos,bolt,amazon/chronos-bolt-base,price,history,2024-10-29,5832.919921875
chronos,bolt,amazon/chronos-bolt-base,price,history,2024-10-30,5813.669921875
chronos,bolt,amazon/chronos-bolt-base,price,history,2024-10-31,5705.4501953125
chronos,bolt,amazon/chronos-bolt-base,price,history,2024-11-01,5728.7998046875
chronos,bolt,amazon/chronos-bolt-base,price,history,2024-11-04,5712.68994140625
chronos,bolt,amazon/chronos-bolt-base,price,history,2024-11-05,5782.759765625
chronos,bolt,amazon/chronos-bolt-base,price,history,2024-11-06,5929.0400390625
chronos,bolt,amazon/chronos-bolt-base,price,history,2024-11-07,5973.10009765625
chronos,bolt,amazon/chronos-bolt-base,price,history,2024-11-08,5995.5400390625
chronos,bolt,amazon/chronos-bolt-base,price,history,2024-11-11,6001.35009765625
chronos,bolt,amazon/chronos-bolt-base,price,history,2024-11-12,5983.990234375
chronos,bolt,amazon/chronos-bolt-base,price,history,2024-11-13,5985.3798828125
chronos,bolt,amazon/chronos-bolt-base,price,history,2024-11-14,5949.169921875
chronos,bolt,amazon/chronos-bolt-base,price,history,2024-11-15,5870.6201171875
chronos,bolt,amazon/chronos-bolt-base,price,history,2024-11-18,5893.6201171875
chronos,bolt,amazon/chronos-bolt-base,price,history,2024-11-19,5916.97998046875
chronos,bolt,amazon/chronos-bolt-base,price,history,2024-11-20,5917.10986328125
chronos,bolt,amazon/chronos-bolt-base,price,history,2024-11-21,5948.7099609375
chronos,bolt,amazon/chronos-bolt-base,price,history,2024-11-22,5969.33984375
chronos,bolt,amazon/chronos-bolt-base,price,history,2024-11-25,5987.3701171875
chronos,bolt,amazon/chronos-bolt-base,price,history,2024-11-26,6021.6298828125
chronos,bolt,amazon/chronos-bolt-base,price,history,2024-11-27,5998.740234375
chronos,bolt,amazon/chronos-bolt-base,price,history,2024-11-29,6032.3798828125
chronos,bolt,amazon/chronos-bolt-base,price,history,2024-12-02,6047.14990234375
chronos,bolt,amazon/chronos-bolt-base,price,history,2024-12-03,6049.8798828125
chronos,bolt,amazon/chronos-bolt-base,price,history,2024-12-04,6086.490234375
chronos,bolt,amazon/chronos-bolt-base,price,history,2024-12-05,6075.10986328125
chronos,bolt,amazon/chronos-bolt-base,price,history,2024-12-06,6090.27001953125
chronos,bolt,amazon/chronos-bolt-base,price,history,2024-12-09,6052.85009765625
chronos,bolt,amazon/chronos-bolt-base,price,history,2024-12-10,6034.91015625
chronos,bolt,amazon/chronos-bolt-base,price,history,2024-12-11,6084.18994140625
chronos,bolt,amazon/chronos-bolt-base,price,history,2024-12-12,6051.25
chronos,bolt,amazon/chronos-bolt-base,price,history,2024-12-13,6051.08984375
chronos,bolt,amazon/chronos-bolt-base,price,history,2024-12-16,6074.080078125
chronos,bolt,amazon/chronos-bolt-base,price,history,2024-12-17,6050.60986328125
chronos,bolt,amazon/chronos-bolt-base,price,history,2024-12-18,5872.16015625
chronos,bolt,amazon/chronos-bolt-base,price,history,2024-12-19,5867.080078125
chronos,bolt,amazon/chronos-bolt-base,price,history,2024-12-20,5930.85009765625
chronos,bolt,amazon/chronos-bolt-base,price,history,2024-12-23,5974.06982421875
chronos,bolt,amazon/chronos-bolt-base,price,history,2024-12-24,6040.0400390625
chronos,bolt,amazon/chronos-bolt-base,price,history,2024-12-26,6037.58984375
chronos,bolt,amazon/chronos-bolt-base,price,history,2024-12-27,5970.83984375
chronos,bolt,amazon/chronos-bolt-base,price,history,2024-12-30,5906.93994140625
chronos,bolt,amazon/chronos-bolt-base,price,history,2024-12-31,5881.6298828125
chronos,bolt,amazon/chronos-bolt-base,price,history,2025-01-02,5868.5498046875
chronos,bolt,amazon/chronos-bolt-base,price,history,2025-01-03,5942.47021484375
chronos,bolt,amazon/chronos-bolt-base,price,history,2025-01-06,5975.3798828125
chronos,bolt,amazon/chronos-bolt-base,price,history,2025-01-07,5909.02978515625
chronos,bolt,amazon/chronos-bolt-base,price,history,2025-01-08,5918.25
chronos,bolt,amazon/chronos-bolt-base,price,history,2025-01-10,5827.0400390625
chronos,bolt,amazon/chronos-bolt-base,price,history,2025-01-13,5836.22021484375
chronos,bolt,amazon/chronos-bolt-base,price,history,2025-01-14,5842.91015625
chronos,bolt,amazon/chronos-bolt-base,price,history,2025-01-15,5949.91015625
chronos,bolt,amazon/chronos-bolt-base,price,history,2025-01-16,5937.33984375
chronos,bolt,amazon/chronos-bolt-base,price,history,2025-01-17,5996.66015625
chronos,bolt,amazon/chronos-bolt-base,price,history,2025-01-21,6049.240234375
chronos,bolt,amazon/chronos-bolt-base,price,history,2025-01-22,6086.3701171875
chronos,bolt,amazon/chronos-bolt-base,price,history,2025-01-23,6118.7099609375
chronos,bolt,amazon/chronos-bolt-base,price,history,2025-01-24,6101.240234375
chronos,bolt,amazon/chronos-bolt-base,price,history,2025-01-27,6012.27978515625
chronos,bolt,amazon/chronos-bolt-base,price,history,2025-01-28,6067.7001953125
chronos,bolt,amazon/chronos-bolt-base,price,history,2025-01-29,6039.31005859375
chronos,bolt,amazon/chronos-bolt-base,price,history,2025-01-30,6071.169921875
chronos,bolt,amazon/chronos-bolt-base,price,history,2025-01-31,6040.52978515625
chronos,bolt,amazon/chronos-bolt-base,price,history,2025-02-03,5994.56982421875
chronos,bolt,amazon/chronos-bolt-base,price,history,2025-02-04,6037.8798828125
chronos,bolt,amazon/chronos-bolt-base,price,history,2025-02-05,6061.47998046875
chronos,bolt,amazon/chronos-bolt-base,price,history,2025-02-06,6083.56982421875
chronos,bolt,amazon/chronos-bolt-base,price,history,2025-02-07,6025.990234375
chronos,bolt,amazon/chronos-bolt-base,price,history,2025-02-10,6066.43994140625
chronos,bolt,amazon/chronos-bolt-base,price,history,2025-02-11,6068.5
chronos,bolt,amazon/chronos-bolt-base,price,history,2025-02-12,6051.97021484375
chronos,bolt,amazon/chronos-bolt-base,price,history,2025-02-13,6115.06982421875
chronos,bolt,amazon/chronos-bolt-base,price,history,2025-02-14,6114.6298828125
chronos,bolt,amazon/chronos-bolt-base,price,history,2025-02-18,6129.580078125
chronos,bolt,amazon/chronos-bolt-base,price,history,2025-02-19,6144.14990234375
chronos,bolt,amazon/chronos-bolt-base,price,history,2025-02-20,6117.52001953125
chronos,bolt,amazon/chronos-bolt-base,price,history,2025-02-21,6013.1298828125
chronos,bolt,amazon/chronos-bolt-base,price,history,2025-02-24,5983.25
chronos,bolt,amazon/chronos-bolt-base,price,history,2025-02-25,5955.25
chronos,bolt,amazon/chronos-bolt-base,price,history,2025-02-26,5956.06005859375
chronos,bolt,amazon/chronos-bolt-base,price,history,2025-02-27,5861.56982421875
chronos,bolt,amazon/chronos-bolt-base,price,history,2025-02-28,5954.5
chronos,bolt,amazon/chronos-bolt-base,price,history,2025-03-03,5849.72021484375
chronos,bolt,amazon/chronos-bolt-base,price,history,2025-03-04,5778.14990234375
chronos,bolt,amazon/chronos-bolt-base,price,history,2025-03-05,5842.6298828125
chronos,bolt,amazon/chronos-bolt-base,price,history,2025-03-06,5738.52001953125
chronos,bolt,amazon/chronos-bolt-base,price,history,2025-03-07,5770.2001953125
chronos,bolt,amazon/chronos-bolt-base,price,history,2025-03-10,5614.56005859375
chronos,bolt,amazon/chronos-bolt-base,price,history,2025-03-11,5572.06982421875
chronos,bolt,amazon/chronos-bolt-base,price,history,2025-03-12,5599.2998046875
chronos,bolt,amazon/chronos-bolt-base,price,history,2025-03-13,5521.52001953125
chronos,bolt,amazon/chronos-bolt-base,price,history,2025-03-14,5638.93994140625
chronos,bolt,amazon/chronos-bolt-base,price,history,2025-03-17,5675.1201171875
chronos,bolt,amazon/chronos-bolt-base,price,history,2025-03-18,5614.66015625
chronos,bolt,amazon/chronos-bolt-base,price,history,2025-03-19,5675.2900390625
chronos,bolt,amazon/chronos-bolt-base,price,history,2025-03-20,5662.89013671875
chronos,bolt,amazon/chronos-bolt-base,price,history,2025-03-21,5667.56005859375
chronos,bolt,amazon/chronos-bolt-base,price,history,2025-03-24,5767.56982421875
chronos,bolt,amazon/chronos-bolt-base,price,history,2025-03-25,5776.64990234375
chronos,bolt,amazon/chronos-bolt-base,price,history,2025-03-26,5712.2001953125
chronos,bolt,amazon/chronos-bolt-base,price,history,2025-03-27,5693.31005859375
chronos,bolt,amazon/chronos-bolt-base,price,history,2025-03-28,5580.93994140625
chronos,bolt,amazon/chronos-bolt-base,price,history,2025-03-31,5611.85009765625
chronos,bolt,amazon/chronos-bolt-base,price,history,2025-04-01,5633.06982421875
chronos,bolt,amazon/chronos-bolt-base,price,history,2025-04-02,5670.97021484375
chronos,bolt,amazon/chronos-bolt-base,price,history,2025-04-03,5396.52001953125
chronos,bolt,amazon/chronos-bolt-base,price,history,2025-04-04,5074.080078125
chronos,bolt,amazon/chronos-bolt-base,price,history,2025-04-07,5062.25
chronos,bolt,amazon/chronos-bolt-base,price,history,2025-04-08,4982.77001953125
chronos,bolt,amazon/chronos-bolt-base,price,history,2025-04-09,5456.89990234375
chronos,bolt,amazon/chronos-bolt-base,price,history,2025-04-10,5268.0498046875
chronos,bolt,amazon/chronos-bolt-base,price,history,2025-04-11,5363.35986328125
chronos,bolt,amazon/chronos-bolt-base,price,history,2025-04-14,5405.97021484375
chronos,bolt,amazon/chronos-bolt-base,price,history,2025-04-15,5396.6298828125
chronos,bolt,amazon/chronos-bolt-base,price,history,2025-04-16,5275.7001953125
chronos,bolt,amazon/chronos-bolt-base,price,history,2025-04-17,5282.7001953125
chronos,bolt,amazon/chronos-bolt-base,price,history,2025-04-21,5158.2001953125
chronos,bolt,amazon/chronos-bolt-base,price,history,2025-04-22,5287.759765625
chronos,bolt,amazon/chronos-bolt-base,price,history,2025-04-23,5375.85986328125
chronos,bolt,amazon/chronos-bolt-base,price,history,2025-04-24,5484.77001953125
chronos,bolt,amazon/chronos-bolt-base,price,history,2025-04-25,5525.2099609375
chronos,bolt,amazon/chronos-bolt-base,price,history,2025-04-28,5528.75
chronos,bolt,amazon/chronos-bolt-base,price,history,2025-04-29,5560.830078125
chronos,bolt,amazon/chronos-bolt-base,price,history,2025-04-30,5569.06005859375
chronos,bolt,amazon/chronos-bolt-base,price,history,2025-05-01,5604.14013671875
chronos,bolt,amazon/chronos-bolt-base,price,history,2025-05-02,5686.669921875
chronos,bolt,amazon/chronos-bolt-base,price,history,2025-05-05,5650.3798828125
chronos,bolt,amazon/chronos-bolt-base,price,history,2025-05-06,5606.91015625
chronos,bolt,amazon/chronos-bolt-base,price,history,2025-05-07,5631.27978515625
chronos,bolt,amazon/chronos-bolt-base,price,history,2025-05-08,5663.93994140625
chronos,bolt,amazon/chronos-bolt-base,price,history,2025-05-09,5659.91015625
chronos,bolt,amazon/chronos-bolt-base,price,history,2025-05-12,5844.18994140625
chronos,bolt,amazon/chronos-bolt-base,price,history,2025-05-13,5886.5498046875
chronos,bolt,amazon/chronos-bolt-base,price,history,2025-05-14,5892.580078125
chronos,bolt,amazon/chronos-bolt-base,price,history,2025-05-15,5916.93017578125
chronos,bolt,amazon/chronos-bolt-base,price,history,2025-05-16,5958.3798828125
chronos,bolt,amazon/chronos-bolt-base,price,history,2025-05-19,5963.60009765625
chronos,bolt,amazon/chronos-bolt-base,price,history,2025-05-20,5940.4599609375
chronos,bolt,amazon/chronos-bolt-base,price,history,2025-05-21,5844.60986328125
chronos,bolt,amazon/chronos-bolt-base,price,history,2025-05-22,5842.009765625
chronos,bolt,amazon/chronos-bolt-base,price,history,2025-05-23,5802.81982421875
chronos,bolt,amazon/chronos-bolt-base,price,history,2025-05-27,5921.5400390625
chronos,bolt,amazon/chronos-bolt-base,price,history,2025-05-28,5888.5498046875
chronos,bolt,amazon/chronos-bolt-base,price,history,2025-05-29,5912.169921875
chronos,bolt,amazon/chronos-bolt-base,price,history,2025-05-30,5911.68994140625
chronos,bolt,amazon/chronos-bolt-base,price,history,2025-06-02,5935.93994140625
chronos,bolt,amazon/chronos-bolt-base,price,history,2025-06-03,5970.3701171875
chronos,bolt,amazon/chronos-bolt-base,price,history,2025-06-04,5970.81005859375
chronos,bolt,amazon/chronos-bolt-base,price,history,2025-06-05,5939.2998046875
chronos,bolt,amazon/chronos-bolt-base,price,history,2025-06-06,6000.35986328125
chronos,bolt,amazon/chronos-bolt-base,price,history,2025-06-09,6005.8798828125
chronos,bolt,amazon/chronos-bolt-base,price,history,2025-06-10,6038.81005859375
chronos,bolt,amazon/chronos-bolt-base,price,history,2025-06-11,6022.240234375
chronos,bolt,amazon/chronos-bolt-base,price,history,2025-06-12,6045.259765625
chronos,bolt,amazon/chronos-bolt-base,price,history,2025-06-13,5976.97021484375
chronos,bolt,amazon/chronos-bolt-base,price,history,2025-06-16,6033.10986328125
chronos,bolt,amazon/chronos-bolt-base,price,history,2025-06-17,5982.72021484375
chronos,bolt,amazon/chronos-bolt-base,price,history,2025-06-18,5980.8701171875
chronos,bolt,amazon/chronos-bolt-base,price,history,2025-06-20,5967.83984375
chronos,bolt,amazon/chronos-bolt-base,price,history,2025-06-23,6025.169921875
chronos,bolt,amazon/chronos-bolt-base,price,history,2025-06-24,6092.18017578125
chronos,bolt,amazon/chronos-bolt-base,price,history,2025-06-25,6092.16015625
chronos,bolt,amazon/chronos-bolt-base,price,history,2025-06-26,6141.02001953125
chronos,bolt,amazon/chronos-bolt-base,price,history,2025-06-27,6173.06982421875
chronos,bolt,amazon/chronos-bolt-base,price,history,2025-06-30,6204.9501953125
chronos,bolt,amazon/chronos-bolt-base,price,history,2025-07-01,6198.009765625
chronos,bolt,amazon/chronos-bolt-base,price,history,2025-07-02,6227.419921875
chronos,bolt,amazon/chronos-bolt-base,price,history,2025-07-03,6279.35009765625
chronos,bolt,amazon/chronos-bolt-base,price,history,2025-07-07,6229.97998046875
chronos,bolt,amazon/chronos-bolt-base,price,history,2025-07-08,6225.52001953125
chronos,bolt,amazon/chronos-bolt-base,price,history,2025-07-09,6263.259765625
chronos,bolt,amazon/chronos-bolt-base,price,history,2025-07-10,6280.4599609375
chronos,bolt,amazon/chronos-bolt-base,price,history,2025-07-11,6259.75
chronos,bolt,amazon/chronos-bolt-base,price,history,2025-07-14,6268.56005859375
chronos,bolt,amazon/chronos-bolt-base,price,history,2025-07-15,6243.759765625
chronos,bolt,amazon/chronos-bolt-base,price,history,2025-07-16,6263.7001953125
chronos,bolt,amazon/chronos-bolt-base,price,history,2025-07-17,6297.35986328125
chronos,bolt,amazon/chronos-bolt-base,price,history,2025-07-18,6296.7900390625
chronos,bolt,amazon/chronos-bolt-base,price,history,2025-07-21,6305.60009765625
chronos,bolt,amazon/chronos-bolt-base,price,history,2025-07-22,6309.6201171875
chronos,bolt,amazon/chronos-bolt-base,price,history,2025-07-23,6358.91015625
chronos,bolt,amazon/chronos-bolt-base,price,history,2025-07-24,6363.35009765625
chronos,bolt,amazon/chronos-bolt-base,price,history,2025-07-25,6388.64013671875
chronos,bolt,amazon/chronos-bolt-base,price,history,2025-07-28,6389.77001953125
chronos,bolt,amazon/chronos-bolt-base,price,history,2025-07-29,6370.85986328125
chronos,bolt,amazon/chronos-bolt-base,price,history,2025-07-30,6362.89990234375
chronos,bolt,amazon/chronos-bolt-base,price,history,2025-07-31,6339.39013671875
chronos,bolt,amazon/chronos-bolt-base,price,history,2025-08-01,6238.009765625
chronos,bolt,amazon/chronos-bolt-base,price,history,2025-08-04,6329.93994140625
chronos,bolt,amazon/chronos-bolt-base,price,history,2025-08-05,6299.18994140625
chronos,bolt,amazon/chronos-bolt-base,price,history,2025-08-06,6345.06005859375
chronos,bolt,amazon/chronos-bolt-base,price,history,2025-08-07,6340.0
chronos,bolt,amazon/chronos-bolt-base,price,history,2025-08-08,6389.4501953125
chronos,bolt,amazon/chronos-bolt-base,price,history,2025-08-11,6373.4501953125
chronos,bolt,amazon/chronos-bolt-base,price,history,2025-08-12,6445.759765625
chronos,bolt,amazon/chronos-bolt-base,price,history,2025-08-13,6466.580078125
chronos,bolt,amazon/chronos-bolt-base,price,history,2025-08-14,6468.5400390625
chronos,bolt,amazon/chronos-bolt-base,price,history,2025-08-15,6449.7998046875
chronos,bolt,amazon/chronos-bolt-base,price,history,2025-08-18,6449.14990234375
chronos,bolt,amazon/chronos-bolt-base,price,history,2025-08-19,6411.3701171875
chronos,bolt,amazon/chronos-bolt-base,price,history,2025-08-20,6395.77978515625
chronos,bolt,amazon/chronos-bolt-base,price,history,2025-08-21,6370.169921875
chronos,bolt,amazon/chronos-bolt-base,price,history,2025-08-22,6466.91015625
chronos,bolt,amazon/chronos-bolt-base,price,history,2025-08-25,6439.31982421875
chronos,bolt,amazon/chronos-bolt-base,price,history,2025-08-26,6465.93994140625
chronos,bolt,amazon/chronos-bolt-base,price,history,2025-08-27,6481.39990234375
chronos,bolt,amazon/chronos-bolt-base,price,history,2025-08-28,6501.85986328125
chronos,bolt,amazon/chronos-bolt-base,price,history,2025-08-29,6460.259765625
chronos,bolt,amazon/chronos-bolt-base,price,history,2025-09-02,6415.5400390625
chronos,bolt,amazon/chronos-bolt-base,price,history,2025-09-03,6448.259765625
chronos,bolt,amazon/chronos-bolt-base,price,history,2025-09-04,6502.080078125
chronos,bolt,amazon/chronos-bolt-base,price,history,2025-09-05,6481.5
chronos,bolt,amazon/chronos-bolt-base,price,history,2025-09-08,6495.14990234375
chronos,bolt,amazon/chronos-bolt-base,price,history,2025-09-09,6512.60986328125
chronos,bolt,amazon/chronos-bolt-base,price,history,2025-09-10,6532.0400390625
chronos,bolt,amazon/chronos-bolt-base,price,history,2025-09-11,6587.47021484375
chronos,bolt,amazon/chronos-bolt-base,price,history,2025-09-12,6584.2900390625
chronos,bolt,amazon/chronos-bolt-base,price,history,2025-09-15,6615.27978515625
chronos,bolt,amazon/chronos-bolt-base,price,history,2025-09-16,6606.759765625
chronos,bolt,amazon/chronos-bolt-base,price,history,2025-09-17,6600.35009765625
chronos,bolt,amazon/chronos-bolt-base,price,history,2025-09-18,6631.9599609375
chronos,bolt,amazon/chronos-bolt-base,price,history,2025-09-19,6664.35986328125
chronos,bolt,amazon/chronos-bolt-base,price,history,2025-09-22,6693.75
chronos,bolt,amazon/chronos-bolt-base,price,history,2025-09-23,6656.919921875
chronos,bolt,amazon/chronos-bolt-base,price,history,2025-09-24,6637.97021484375
chronos,bolt,amazon/chronos-bolt-base,price,history,2025-09-25,6604.72021484375
chronos,bolt,amazon/chronos-bolt-base,price,history,2025-09-26,6643.7001953125
chronos,bolt,amazon/chronos-bolt-base,price,history,2025-09-29,6661.2099609375
chronos,bolt,amazon/chronos-bolt-base,price,history,2025-09-30,6688.4599609375
chronos,bolt,amazon/chronos-bolt-base,price,history,2025-10-01,6711.2001953125
chronos,bolt,amazon/chronos-bolt-base,price,history,2025-10-02,6715.35009765625
chronos,bolt,amazon/chronos-bolt-base,price,history,2025-10-03,6715.7900390625
chronos,bolt,amazon/chronos-bolt-base,price,history,2025-10-06,6740.27978515625
chronos,bolt,amazon/chronos-bolt-base,price,history,2025-10-07,6714.58984375
chronos,bolt,amazon/chronos-bolt-base,price,history,2025-10-08,6753.72021484375
chronos,bolt,amazon/chronos-bolt-base,price,history,2025-10-09,6735.10986328125
chronos,bolt,amazon/chronos-bolt-base,price,history,2025-10-10,6552.509765625
chronos,bolt,amazon/chronos-bolt-base,price,history,2025-10-13,6654.72021484375
chronos,bolt,amazon/chronos-bolt-base,price,history,2025-10-14,6644.31005859375
chronos,bolt,amazon/chronos-bolt-base,price,history,2025-10-15,6671.06005859375
chronos,bolt,amazon/chronos-bolt-base,price,history,2025-10-16,6629.06982421875
chronos,bolt,amazon/chronos-bolt-base,price,history,2025-10-17,6664.009765625
chronos,bolt,amazon/chronos-bolt-base,price,history,2025-10-20,6735.1298828125
chronos,bolt,amazon/chronos-bolt-base,price,history,2025-10-21,6735.35009765625
chronos,bolt,amazon/chronos-bolt-base,price,history,2025-10-22,6699.39990234375
chronos,bolt,amazon/chronos-bolt-base,price,history,2025-10-23,6738.43994140625
chronos,bolt,amazon/chronos-bolt-base,price,history,2025-10-24,6791.68994140625
chronos,bolt,amazon/chronos-bolt-base,price,history,2025-10-27,6875.16015625
chronos,bolt,amazon/chronos-bolt-base,price,history,2025-10-28,6890.89013671875
chronos,bolt,amazon/chronos-bolt-base,price,history,2025-10-29,6890.58984375
chronos,bolt,amazon/chronos-bolt-base,price,history,2025-10-30,6822.33984375
chronos,bolt,amazon/chronos-bolt-base,price,history,2025-10-31,6840.2001953125
chronos,bolt,amazon/chronos-bolt-base,price,history,2025-11-03,6851.97021484375
chronos,bolt,amazon/chronos-bolt-base,price,history,2025-11-04,6771.5498046875
chronos,bolt,amazon/chronos-bolt-base,price,history,2025-11-05,6796.2900390625
chronos,bolt,amazon/chronos-bolt-base,price,history,2025-11-06,6720.31982421875
chronos,bolt,amazon/chronos-bolt-base,price,history,2025-11-07,6728.7998046875
chronos,bolt,amazon/chronos-bolt-base,price,history,2025-11-10,6832.43017578125
chronos,bolt,amazon/chronos-bolt-base,price,history,2025-11-11,6846.60986328125
chronos,bolt,amazon/chronos-bolt-base,price,history,2025-11-12,6850.919921875
chronos,bolt,amazon/chronos-bolt-base,price,history,2025-11-13,6737.490234375
chronos,bolt,amazon/chronos-bolt-base,price,history,2025-11-14,6734.10986328125
chronos,bolt,amazon/chronos-bolt-base,price,history,2025-11-17,6672.41015625
chronos,bolt,amazon/chronos-bolt-base,price,history,2025-11-18,6617.31982421875
chronos,bolt,amazon/chronos-bolt-base,price,history,2025-11-19,6642.16015625
chronos,bolt,amazon/chronos-bolt-base,price,history,2025-11-20,6538.759765625
chronos,bolt,amazon/chronos-bolt-base,price,history,2025-11-21,6602.990234375
chronos,bolt,amazon/chronos-bolt-base,price,history,2025-11-24,6705.1201171875
chronos,bolt,amazon/chronos-bolt-base,price,history,2025-11-25,6765.8798828125
chronos,bolt,amazon/chronos-bolt-base,price,history,2025-11-26,6812.60986328125
chronos,bolt,amazon/chronos-bolt-base,price,history,2025-11-28,6849.08984375
chronos,bolt,amazon/chronos-bolt-base,price,history,2025-12-01,6812.6298828125
chronos,bolt,amazon/chronos-bolt-base,price,history,2025-12-02,6829.3701171875
chronos,bolt,amazon/chronos-bolt-base,price,history,2025-12-03,6849.72021484375
chronos,bolt,amazon/chronos-bolt-base,price,history,2025-12-04,6857.1201171875
chronos,bolt,amazon/chronos-bolt-base,price,history,2025-12-05,6870.39990234375
chronos,bolt,amazon/chronos-bolt-base,price,history,2025-12-08,6846.509765625
chronos,bolt,amazon/chronos-bolt-base,price,history,2025-12-09,6840.509765625
chronos,bolt,amazon/chronos-bolt-base,price,history,2025-12-10,6886.68017578125
chronos,bolt,amazon/chronos-bolt-base,price,history,2025-12-11,6901.0
chronos,bolt,amazon/chronos-bolt-base,price,history,2025-12-12,6827.41015625
chronos,bolt,amazon/chronos-bolt-base,price,history,2025-12-15,6816.509765625
chronos,bolt,amazon/chronos-bolt-base,price,history,2025-12-16,6800.259765625
chronos,bolt,amazon/chronos-bolt-base,price,history,2025-12-17,6721.43017578125
chronos,bolt,amazon/chronos-bolt-base,price,history,2025-12-18,6774.759765625
chronos,bolt,amazon/chronos-bolt-base,price,history,2025-12-19,6834.5
chronos,bolt,amazon/chronos-bolt-base,price,history,2025-12-22,6878.490234375
chronos,bolt,amazon/chronos-bolt-base,price,history,2025-12-23,6909.7900390625
chronos,bolt,amazon/chronos-bolt-base,price,history,2025-12-24,6932.0498046875
chronos,bolt,amazon/chronos-bolt-base,price,history,2025-12-26,6929.93994140625
chronos,bolt,amazon/chronos-bolt-base,price,history,2025-12-29,6905.740234375
chronos,bolt,amazon/chronos-bolt-base,price,history,2025-12-30,6896.240234375
chronos,bolt,amazon/chronos-bolt-base,price,history,2025-12-31,6845.5
chronos,bolt,amazon/chronos-bolt-base,price,history,2026-01-02,6858.47021484375
chronos,bolt,amazon/chronos-bolt-base,price,history,2026-01-05,6902.0498046875
chronos,bolt,amazon/chronos-bolt-base,price,history,2026-01-06,6944.81982421875
chronos,bolt,amazon/chronos-bolt-base,price,history,2026-01-07,6920.93017578125
chronos,bolt,amazon/chronos-bolt-base,price,history,2026-01-08,6921.4599609375
chronos,bolt,amazon/chronos-bolt-base,price,history,2026-01-09,6966.27978515625
chronos,bolt,amazon/chronos-bolt-base,price,history,2026-01-12,6977.27001953125
chronos,bolt,amazon/chronos-bolt-base,price,history,2026-01-13,6963.740234375
chronos,bolt,amazon/chronos-bolt-base,price,history,2026-01-14,6926.60009765625
chronos,bolt,amazon/chronos-bolt-base,price,history,2026-01-15,6944.47021484375
chronos,bolt,amazon/chronos-bolt-base,price,history,2026-01-16,6940.009765625
chronos,bolt,amazon/chronos-bolt-base,price,history,2026-01-20,6796.85986328125
chronos,bolt,amazon/chronos-bolt-base,price,history,2026-01-21,6875.6201171875
chronos,bolt,amazon/chronos-bolt-base,price,history,2026-01-22,6913.35009765625
chronos,bolt,amazon/chronos-bolt-base,price,history,2026-01-23,6915.60986328125
chronos,bolt,amazon/chronos-bolt-base,price,history,2026-01-26,6950.22998046875
chronos,bolt,amazon/chronos-bolt-base,price,history,2026-01-27,6978.60009765625
chronos,bolt,amazon/chronos-bolt-base,price,history,2026-01-28,6978.02978515625
chronos,bolt,amazon/chronos-bolt-base,price,history,2026-01-29,6969.009765625
chronos,bolt,amazon/chronos-bolt-base,price,history,2026-01-30,6939.02978515625
chronos,bolt,amazon/chronos-bolt-base,price,history,2026-02-02,6976.43994140625
chronos,bolt,amazon/chronos-bolt-base,price,history,2026-02-03,6917.81005859375
chronos,bolt,amazon/chronos-bolt-base,price,history,2026-02-04,6882.72021484375
chronos,bolt,amazon/chronos-bolt-base,price,history,2026-02-05,6798.39990234375
chronos,bolt,amazon/chronos-bolt-base,price,history,2026-02-06,6932.2998046875
chronos,bolt,amazon/chronos-bolt-base,price,history,2026-02-09,6964.81982421875
chronos,bolt,amazon/chronos-bolt-base,price,history,2026-02-10,6941.81005859375
chronos,bolt,amazon/chronos-bolt-base,price,history,2026-02-11,6941.47021484375
chronos,bolt,amazon/chronos-bolt-base,price,history,2026-02-12,6832.759765625
chronos,bolt,amazon/chronos-bolt-base,price,history,2026-02-13,6836.169921875
chronos,bolt,amazon/chronos-bolt-base,price,history,2026-02-17,6843.22021484375
chronos,bolt,amazon/chronos-bolt-base,price,history,2026-02-18,6881.31005859375
chronos,bolt,amazon/chronos-bolt-base,price,history,2026-02-19,6861.89013671875
chronos,bolt,amazon/chronos-bolt-base,price,history,2026-02-20,6909.509765625
chronos,bolt,amazon/chronos-bolt-base,price,history,2026-02-23,6837.75
chronos,bolt,amazon/chronos-bolt-base,price,history,2026-02-24,6890.06982421875
chronos,bolt,amazon/chronos-bolt-base,price,history,2026-02-25,6946.1298828125
chronos,bolt,amazon/chronos-bolt-base,price,history,2026-02-26,6908.85986328125
chronos,bolt,amazon/chronos-bolt-base,price,history,2026-02-27,6878.8798828125
chronos,bolt,amazon/chronos-bolt-base,price,history,2026-03-02,6881.6201171875
chronos,bolt,amazon/chronos-bolt-base,price,history,2026-03-03,6816.6298828125
chronos,bolt,amazon/chronos-bolt-base,price,history,2026-03-04,6869.5
chronos,bolt,amazon/chronos-bolt-base,price,history,2026-03-05,6830.7099609375
chronos,bolt,amazon/chronos-bolt-base,price,history,2026-03-06,6740.02001953125
chronos,bolt,amazon/chronos-bolt-base,price,history,2026-03-09,6795.990234375
chronos,bolt,amazon/chronos-bolt-base,price,history,2026-03-10,6781.47998046875
chronos,bolt,amazon/chronos-bolt-base,price,history,2026-03-11,6775.7998046875
chronos,bolt,amazon/chronos-bolt-base,price,history,2026-03-12,6672.6201171875
chronos,bolt,amazon/chronos-bolt-base,price,history,2026-03-13,6632.18994140625
chronos,bolt,amazon/chronos-bolt-base,price,history,2026-03-16,6699.3798828125
chronos,bolt,amazon/chronos-bolt-base,price,history,2026-03-17,6716.08984375
chronos,bolt,amazon/chronos-bolt-base,price,history,2026-03-18,6624.7001953125
chronos,bolt,amazon/chronos-bolt-base,price,history,2026-03-19,6606.490234375
chronos,bolt,amazon/chronos-bolt-base,price,history,2026-03-20,6506.47998046875
chronos,bolt,amazon/chronos-bolt-base,price,history,2026-03-23,6581.0
chronos,bolt,amazon/chronos-bolt-base,price,history,2026-03-24,6556.3701171875
chronos,bolt,amazon/chronos-bolt-base,price,history,2026-03-25,6591.89990234375
chronos,bolt,amazon/chronos-bolt-base,price,history,2026-03-26,6477.16015625
chronos,bolt,amazon/chronos-bolt-base,price,history,2026-03-27,6368.85009765625
chronos,bolt,amazon/chronos-bolt-base,price,history,2026-03-30,6343.72021484375
chronos,bolt,amazon/chronos-bolt-base,price,history,2026-03-31,6528.52001953125
chronos,bolt,amazon/chronos-bolt-base,price,history,2026-04-01,6575.31982421875
chronos,bolt,amazon/chronos-bolt-base,price,history,2026-04-02,6582.68994140625
chronos,bolt,amazon/chronos-bolt-base,price,history,2026-04-06,6611.830078125
chronos,bolt,amazon/chronos-bolt-base,price,history,2026-04-07,6616.85009765625
chronos,bolt,amazon/chronos-bolt-base,price,history,2026-04-08,6782.81005859375
chronos,bolt,amazon/chronos-bolt-base,price,history,2026-04-09,6824.66015625
chronos,bolt,amazon/chronos-bolt-base,price,history,2026-04-10,6816.89013671875
chronos,bolt,amazon/chronos-bolt-base,price,history,2026-04-13,6886.240234375
chronos,bolt,amazon/chronos-bolt-base,price,history,2026-04-14,6967.3798828125
chronos,bolt,amazon/chronos-bolt-base,price,history,2026-04-15,7022.9501953125
chronos,bolt,amazon/chronos-bolt-base,price,history,2026-04-16,7041.27978515625
chronos,bolt,amazon/chronos-bolt-base,price,history,2026-04-17,7126.06005859375
chronos,bolt,amazon/chronos-bolt-base,price,history,2026-04-20,7109.14013671875
chronos,bolt,amazon/chronos-bolt-base,price,history,2026-04-21,7064.009765625
chronos,bolt,amazon/chronos-bolt-base,price,history,2026-04-22,7137.89990234375
chronos,bolt,amazon/chronos-bolt-base,price,history,2026-04-23,7108.39990234375
chronos,bolt,amazon/chronos-bolt-base,price,history,2026-04-24,7165.080078125
chronos,bolt,amazon/chronos-bolt-base,price,history,2026-04-27,7173.91015625
chronos,bolt,amazon/chronos-bolt-base,price,history,2026-04-28,7138.7998046875
chronos,bolt,amazon/chronos-bolt-base,price,history,2026-04-29,7135.9501953125
chronos,bolt,amazon/chronos-bolt-base,price,history,2026-04-30,7209.009765625
chronos,bolt,amazon/chronos-bolt-base,price,history,2026-05-01,7230.1201171875
chronos,bolt,amazon/chronos-bolt-base,price,history,2026-05-04,7200.75
chronos,bolt,amazon/chronos-bolt-base,price,history,2026-05-05,7259.22021484375
chronos,bolt,amazon/chronos-bolt-base,price,history,2026-05-06,7365.1201171875
chronos,bolt,amazon/chronos-bolt-base,price,history,2026-05-07,7337.10986328125
chronos,bolt,amazon/chronos-bolt-base,price,history,2026-05-08,7398.93017578125
chronos,bolt,amazon/chronos-bolt-base,price,history,2026-05-11,7412.83984375
chronos,bolt,amazon/chronos-bolt-base,price,history,2026-05-12,7400.9599609375
chronos,bolt,amazon/chronos-bolt-base,price,history,2026-05-13,7444.25
chronos,bolt,amazon/chronos-bolt-base,price,history,2026-05-14,7501.240234375
chronos,bolt,amazon/chronos-bolt-base,price,history,2026-05-15,7408.5
chronos,bolt,amazon/chronos-bolt-base,price,history,2026-05-18,7403.0498046875
chronos,bolt,amazon/chronos-bolt-base,price,history,2026-05-19,7353.60986328125
chronos,bolt,amazon/chronos-bolt-base,price,history,2026-05-20,7432.97021484375
chronos,bolt,amazon/chronos-bolt-base,price,history,2026-05-21,7445.72021484375
chronos,bolt,amazon/chronos-bolt-base,price,history,2026-05-22,7473.47021484375
chronos,bolt,amazon/chronos-bolt-base,price,history,2026-05-26,7519.1201171875
chronos,bolt,amazon/chronos-bolt-base,price,history,2026-05-27,7520.35986328125
chronos,bolt,amazon/chronos-bolt-base,price,history,2026-05-28,7563.6298828125
chronos,bolt,amazon/chronos-bolt-base,price,history,2026-05-29,7580.06005859375
chronos,bolt,amazon/chronos-bolt-base,price,history,2026-06-01,7599.9599609375
chronos,bolt,amazon/chronos-bolt-base,price,history,2026-06-02,7609.77978515625
chronos,bolt,amazon/chronos-bolt-base,price,history,2026-06-03,7553.68017578125
chronos,bolt,amazon/chronos-bolt-base,price,history,2026-06-04,7584.31005859375
chronos,bolt,amazon/chronos-bolt-base,price,history,2026-06-05,7383.740234375
chronos,bolt,amazon/chronos-bolt-base,price,history,2026-06-08,7405.72998046875
chronos,bolt,amazon/chronos-bolt-base,price,history,2026-06-09,7386.64990234375
chronos,bolt,amazon/chronos-bolt-base,price,history,2026-06-10,7266.990234375
chronos,bolt,amazon/chronos-bolt-base,price,history,2026-06-11,7394.2998046875
chronos,bolt,amazon/chronos-bolt-base,price,history,2026-06-12,7431.4599609375
chronos,bolt,amazon/chronos-bolt-base,price,history,2026-06-15,7554.2900390625
chronos,bolt,amazon/chronos-bolt-base,price,history,2026-06-16,7511.35009765625
chronos,bolt,amazon/chronos-bolt-base,price,history,2026-06-17,7420.10009765625
chronos,bolt,amazon/chronos-bolt-base,price,history,2026-06-18,7500.580078125
chronos,bolt,amazon/chronos-bolt-base,price,history,2026-06-22,7472.7900390625
chronos,bolt,amazon/chronos-bolt-base,price,history,2026-06-23,7365.4599609375
chronos,bolt,amazon/chronos-bolt-base,price,history,2026-06-24,7358.22021484375
chronos,bolt,amazon/chronos-bolt-base,price,history,2026-06-25,7357.490234375
chronos,bolt,amazon/chronos-bolt-base,price,history,2026-06-26,7354.02001953125
chronos,bolt,amazon/chronos-bolt-base,price,history,2026-06-29,7440.43017578125
chronos,bolt,amazon/chronos-bolt-base,price,history,2026-06-30,7499.35986328125
chronos,bolt,amazon/chronos-bolt-base,price,history,2026-07-01,7483.22998046875
chronos,bolt,amazon/chronos-bolt-base,price,history,2026-07-02,7483.240234375
chronos,bolt,amazon/chronos-bolt-base,price,history,2026-07-06,7537.43017578125
chronos,bolt,amazon/chronos-bolt-base,price,history,2026-07-07,7503.85009765625
chronos,bolt,amazon/chronos-bolt-base,price,history,2026-07-08,7482.7099609375
chronos,bolt,amazon/chronos-bolt-base,price,history,2026-07-09,7543.64013671875
chronos,bolt,amazon/chronos-bolt-base,price,actual,2026-07-10,7575.39013671875
chronos,bolt,amazon/chronos-bolt-base,price,actual,2026-07-13,7515.33984375
chronos,bolt,amazon/chronos-bolt-base,price,actual,2026-07-14,7543.58984375
chronos,bolt,amazon/chronos-bolt-base,price,actual,2026-07-15,7572.39990234375
chronos,bolt,amazon/chronos-bolt-base,price,actual,2026-07-16,7533.77001953125
chronos,bolt,amazon/chronos-bolt-base,price,actual,2026-07-17,7457.68994140625
chronos,bolt,amazon/chronos-bolt-base,price,actual,2026-07-20,7443.27978515625
chronos,bolt,amazon/chronos-bolt-base,price,actual,2026-07-21,7509.2001953125
chronos,bolt,amazon/chronos-bolt-base,price,actual,2026-07-22,7498.9599609375
chronos,bolt,amazon/chronos-bolt-base,price,actual,2026-07-23,7408.2998046875
chronos,bolt,amazon/chronos-bolt-base,price,actual,2026-07-24,7411.97998046875
chronos,bolt,amazon/chronos-bolt-base,price,actual,2026-07-27,7413.18017578125
chronos,bolt,amazon/chronos-bolt-base,price,actual,2026-07-28,7428.77978515625
chronos,bolt,amazon/chronos-bolt-base,price,actual,2026-07-29,7316.14990234375
chronos,bolt,amazon/chronos-bolt-base,price,actual,2026-07-30,7437.6298828125
chronos,bolt,amazon/chronos-bolt-base,price,actual,2026-07-31,7489.72021484375
chronos,bolt,amazon/chronos-bolt-base,price,actual,2026-08-03,7600.5
chronos,bolt,amazon/chronos-bolt-base,price,actual,2026-08-04,7736.52001953125
chronos,bolt,amazon/chronos-bolt-base,price,actual,2026-08-05,7723.5498046875
chronos,bolt,amazon/chronos-bolt-base,price,actual,2026-08-06,7709.9599609375
chronos,bolt,amazon/chronos-bolt-base,price,actual,2026-08-07,7757.64013671875
chronos,bolt,amazon/chronos-bolt-base,price,naive,2026-07-10,7543.64013671875
chronos,bolt,amazon/chronos-bolt-base,price,naive,2026-07-13,7543.64013671875
chronos,bolt,amazon/chronos-bolt-base,price,naive,2026-07-14,7543.64013671875
chronos,bolt,amazon/chronos-bolt-base,price,naive,2026-07-15,7543.64013671875
chronos,bolt,amazon/chronos-bolt-base,price,naive,2026-07-16,7543.64013671875
chronos,bolt,amazon/chronos-bolt-base,price,naive,2026-07-17,7543.64013671875
chronos,bolt,amazon/chronos-bolt-base,price,naive,2026-07-20,7543.64013671875
chronos,bolt,amazon/chronos-bolt-base,price,naive,2026-07-21,7543.64013671875
chronos,bolt,amazon/chronos-bolt-base,price,naive,2026-07-22,7543.64013671875
chronos,bolt,amazon/chronos-bolt-base,price,naive,2026-07-23,7543.64013671875
chronos,bolt,amazon/chronos-bolt-base,price,naive,2026-07-24,7543.64013671875
chronos,bolt,amazon/chronos-bolt-base,price,naive,2026-07-27,7543.64013671875
chronos,bolt,amazon/chronos-bolt-base,price,naive,2026-07-28,7543.64013671875
chronos,bolt,amazon/chronos-bolt-base,price,naive,2026-07-29,7543.64013671875
chronos,bolt,amazon/chronos-bolt-base,price,naive,2026-07-30,7543.64013671875
chronos,bolt,amazon/chronos-bolt-base,price,naive,2026-07-31,7543.64013671875
chronos,bolt,amazon/chronos-bolt-base,price,naive,2026-08-03,7543.64013671875
chronos,bolt,amazon/chronos-bolt-base,price,naive,2026-08-04,7543.64013671875
chronos,bolt,amazon/chronos-bolt-base,price,naive,2026-08-05,7543.64013671875
chronos,bolt,amazon/chronos-bolt-base,price,naive,2026-08-06,7543.64013671875
chronos,bolt,amazon/chronos-bolt-base,price,naive,2026-08-07,7543.64013671875
chronos,bolt,amazon/chronos-bolt-base,price,forecast,2026-07-10,7584.0
chronos,bolt,amazon/chronos-bolt-base,price,forecast,2026-07-13,7584.0
chronos,bolt,amazon/chronos-bolt-base,price,forecast,2026-07-14,7584.0
chronos,bolt,amazon/chronos-bolt-base,price,forecast,2026-07-15,7584.0
chronos,bolt,amazon/chronos-bolt-base,price,forecast,2026-07-16,7584.0
chronos,bolt,amazon/chronos-bolt-base,price,forecast,2026-07-17,7584.0
chronos,bolt,amazon/chronos-bolt-base,price,forecast,2026-07-20,7584.0
chronos,bolt,amazon/chronos-bolt-base,price,forecast,2026-07-21,7616.0
chronos,bolt,amazon/chronos-bolt-base,price,forecast,2026-07-22,7616.0
chronos,bolt,amazon/chronos-bolt-base,price,forecast,2026-07-23,7616.0
chronos,bolt,amazon/chronos-bolt-base,price,forecast,2026-07-24,7616.0
chronos,bolt,amazon/chronos-bolt-base,price,forecast,2026-07-27,7616.0
chronos,bolt,amazon/chronos-bolt-base,price,forecast,2026-07-28,7616.0
chronos,bolt,amazon/chronos-bolt-base,price,forecast,2026-07-29,7616.0
chronos,bolt,amazon/chronos-bolt-base,price,forecast,2026-07-30,7616.0
chronos,bolt,amazon/chronos-bolt-base,price,forecast,2026-07-31,7616.0
chronos,bolt,amazon/chronos-bolt-base,price,forecast,2026-08-03,7616.0
chronos,bolt,amazon/chronos-bolt-base,price,forecast,2026-08-04,7616.0
chronos,bolt,amazon/chronos-bolt-base,price,forecast,2026-08-05,7616.0
chronos,bolt,amazon/chronos-bolt-base,price,forecast,2026-08-06,7616.0
chronos,bolt,amazon/chronos-bolt-base,price,forecast,2026-08-07,7616.0
chronos,bolt,amazon/chronos-bolt-base,simple_return,history,2024-06-24,-0.003065171894990004
chronos,bolt,amazon/chronos-bolt-base,simple_return,history,2024-06-25,0.003933590015736899
chronos,bolt,amazon/chronos-bolt-base,simple_return,history,2024-06-26,0.0015724312002203256
chronos,bolt,amazon/chronos-bolt-base,simple_return,history,2024-06-27,0.0009073212238914774
chronos,bolt,amazon/chronos-bolt-base,simple_return,history,2024-06-28,-0.004083652583445674
chronos,bolt,amazon/chronos-bolt-base,simple_return,history,2024-07-01,0.0026755639309195
chronos,bolt,amazon/chronos-bolt-base,simple_return,history,2024-07-02,0.006195317856513505
chronos,bolt,amazon/chronos-bolt-base,simple_return,history,2024-07-03,0.005084444409779065
chronos,bolt,amazon/chronos-bolt-base,simple_return,history,2024-07-05,0.005448765178485582
chronos,bolt,amazon/chronos-bolt-base,simple_return,history,2024-07-08,0.0010166989647510949
chronos,bolt,amazon/chronos-bolt-base,simple_return,history,2024-07-09,0.0007410719362856977
chronos,bolt,amazon/chronos-bolt-base,simple_return,history,2024-07-10,0.010208065293514812
chronos,bolt,amazon/chronos-bolt-base,simple_return,history,2024-07-11,-0.008763028841120457
chronos,bolt,amazon/chronos-bolt-base,simple_return,history,2024-07-12,0.0055170270744306915
chronos,bolt,amazon/chronos-bolt-base,simple_return,history,2024-07-15,0.0028262026252154904
chronos,bolt,amazon/chronos-bolt-base,simple_return,history,2024-07-16,0.006389375498743188
chronos,bolt,amazon/chronos-bolt-base,simple_return,history,2024-07-17,-0.013927543241993745
chronos,bolt,amazon/chronos-bolt-base,simple_return,history,2024-07-18,-0.007816403936922511
chronos,bolt,amazon/chronos-bolt-base,simple_return,history,2024-07-19,-0.007140265531926926
chronos,bolt,amazon/chronos-bolt-base,simple_return,history,2024-07-22,0.01079203564940956
chronos,bolt,amazon/chronos-bolt-base,simple_return,history,2024-07-23,-0.001558102589770738
chronos,bolt,amazon/chronos-bolt-base,simple_return,history,2024-07-24,-0.02314909375473495
chronos,bolt,amazon/chronos-bolt-base,simple_return,history,2024-07-25,-0.005142620237842288
chronos,bolt,amazon/chronos-bolt-base,simple_return,history,2024-07-26,0.011090468702846357
chronos,bolt,amazon/chronos-bolt-base,simple_return,history,2024-07-29,0.0008133101292933098
chronos,bolt,amazon/chronos-bolt-base,simple_return,history,2024-07-30,-0.004960171878030217
chronos,bolt,amazon/chronos-bolt-base,simple_return,history,2024-07-31,0.0157933986591674
chronos,bolt,amazon/chronos-bolt-base,simple_return,history,2024-08-01,-0.013693502993456064
chronos,bolt,amazon/chronos-bolt-base,simple_return,history,2024-08-02,-0.018381860868696753
chronos,bolt,amazon/chronos-bolt-base,simple_return,history,2024-08-05,-0.02996879838863975
chronos,bolt,amazon/chronos-bolt-base,simple_return,history,2024-08-06,0.010354085880061037
chronos,bolt,amazon/chronos-bolt-base,simple_return,history,2024-08-07,-0.007734647858502863
chronos,bolt,amazon/chronos-bolt-base,simple_return,history,2024-08-08,0.023042611519136447
chronos,bolt,amazon/chronos-bolt-base,simple_return,history,2024-08-09,0.004671676849538509
chronos,bolt,amazon/chronos-bolt-base,simple_return,history,2024-08-12,4.303397765514916e-05
chronos,bolt,amazon/chronos-bolt-base,simple_return,history,2024-08-13,0.016847579753558328
chronos,bolt,amazon/chronos-bolt-base,simple_return,history,2024-08-14,0.0038237284285767004
chronos,bolt,amazon/chronos-bolt-base,simple_return,history,2024-08-15,0.016133247764330783
chronos,bolt,amazon/chronos-bolt-base,simple_return,history,2024-08-16,0.001989779357261412
chronos,bolt,amazon/chronos-bolt-base,simple_return,history,2024-08-19,0.009722284736913167
chronos,bolt,amazon/chronos-bolt-base,simple_return,history,2024-08-20,-0.0019845553982971165
chronos,bolt,amazon/chronos-bolt-base,simple_return,history,2024-08-21,0.004239676828782013
chronos,bolt,amazon/chronos-bolt-base,simple_return,history,2024-08-22,-0.008932805548120926
chronos,bolt,amazon/chronos-bolt-base,simple_return,history,2024-08-23,0.01148337085011919
chronos,bolt,amazon/chronos-bolt-base,simple_return,history,2024-08-26,-0.0031537266931381813
chronos,bolt,amazon/chronos-bolt-base,simple_return,history,2024-08-27,0.0015951960865450143
chronos,bolt,amazon/chronos-bolt-base,simple_return,history,2024-08-28,-0.00597597320797616
chronos,bolt,amazon/chronos-bolt-base,simple_return,history,2024-08-29,-3.937906806072977e-05
chronos,bolt,amazon/chronos-bolt-base,simple_return,history,2024-08-30,0.010093051774424433
chronos,bolt,amazon/chronos-bolt-base,simple_return,history,2024-09-03,-0.02115107439771169
chronos,bolt,amazon/chronos-bolt-base,simple_return,history,2024-09-04,-0.0016025435809103872
chronos,bolt,amazon/chronos-bolt-base,simple_return,history,2024-09-05,-0.003018017615584734
chronos,bolt,amazon/chronos-bolt-base,simple_return,history,2024-09-06,-0.01726024985928465
chronos,bolt,amazon/chronos-bolt-base,simple_return,history,2024-09-09,0.0115800702824842
chronos,bolt,amazon/chronos-bolt-base,simple_return,history,2024-09-10,0.004472672652839682
chronos,bolt,amazon/chronos-bolt-base,simple_return,history,2024-09-11,0.010665025888896507
chronos,bolt,amazon/chronos-bolt-base,simple_return,history,2024-09-12,0.007495302358939249
chronos,bolt,amazon/chronos-bolt-base,simple_return,history,2024-09-13,0.005407711405364557
chronos,bolt,amazon/chronos-bolt-base,simple_return,history,2024-09-16,0.0012566297656613212
chronos,bolt,amazon/chronos-bolt-base,simple_return,history,2024-09-17,0.00026455008109871336
chronos,bolt,amazon/chronos-bolt-base,simple_return,history,2024-09-18,-0.002896455862498093
chronos,bolt,amazon/chronos-bolt-base,simple_return,history,2024-09-19,0.01697685316676334
chronos,bolt,amazon/chronos-bolt-base,simple_return,history,2024-09-20,-0.0019410273951238066
chronos,bolt,amazon/chronos-bolt-base,simple_return,history,2024-09-23,0.0028092730585327352
chronos,bolt,amazon/chronos-bolt-base,simple_return,history,2024-09-24,0.0025111788443470395
chronos,bolt,amazon/chronos-bolt-base,simple_return,history,2024-09-25,-0.0018612489301417234
chronos,bolt,amazon/chronos-bolt-base,simple_return,history,2024-09-26,0.00403867571712313
chronos,bolt,amazon/chronos-bolt-base,simple_return,history,2024-09-27,-0.0012532169669905446
chronos,bolt,amazon/chronos-bolt-base,simple_return,history,2024-09-30,0.004236552581176722
chronos,bolt,amazon/chronos-bolt-base,simple_return,history,2024-10-01,-0.009324107094664358
chronos,bolt,amazon/chronos-bolt-base,simple_return,history,2024-10-02,0.00013839090212397487
chronos,bolt,amazon/chronos-bolt-base,simple_return,history,2024-10-03,-0.001681413492255035
chronos,bolt,amazon/chronos-bolt-base,simple_return,history,2024-10-04,0.008970249395274354
chronos,bolt,amazon/chronos-bolt-base,simple_return,history,2024-10-07,-0.009586022165882668
chronos,bolt,amazon/chronos-bolt-base,simple_return,history,2024-10-08,0.009689347495581924
chronos,bolt,amazon/chronos-bolt-base,simple_return,history,2024-10-09,0.007113411987488272
chronos,bolt,amazon/chronos-bolt-base,simple_return,history,2024-10-10,-0.002070122839989974
chronos,bolt,amazon/chronos-bolt-base,simple_return,history,2024-10-11,0.006051847587953629
chronos,bolt,amazon/chronos-bolt-base,simple_return,history,2024-10-14,0.0077076668832223305
chronos,bolt,amazon/chronos-bolt-base,simple_return,history,2024-10-15,-0.007609466332438197
chronos,bolt,amazon/chronos-bolt-base,simple_return,history,2024-10-16,0.004679145956573816
chronos,bolt,amazon/chronos-bolt-base,simple_return,history,2024-10-17,-0.00017116047891174713
chronos,bolt,amazon/chronos-bolt-base,simple_return,history,2024-10-18,0.00397155273894878
chronos,bolt,amazon/chronos-bolt-base,simple_return,history,2024-10-21,-0.0018227694906369774
chronos,bolt,amazon/chronos-bolt-base,simple_return,history,2024-10-22,-0.0004748538883844189
chronos,bolt,amazon/chronos-bolt-base,simple_return,history,2024-10-23,-0.009191323428069387
chronos,bolt,amazon/chronos-bolt-base,simple_return,history,2024-10-24,0.002145772011323821
chronos,bolt,amazon/chronos-bolt-base,simple_return,history,2024-10-25,-0.00029944716993013376
chronos,bolt,amazon/chronos-bolt-base,simple_return,history,2024-10-28,0.0026514435020339455
chronos,bolt,amazon/chronos-bolt-base,simple_return,history,2024-10-29,0.001614127248163344
chronos,bolt,amazon/chronos-bolt-base,simple_return,history,2024-10-30,-0.003300233889343751
chronos,bolt,amazon/chronos-bolt-base,simple_return,history,2024-10-31,-0.018614700871699585
chronos,bolt,amazon/chronos-bolt-base,simple_return,history,2024-11-01,0.004092509543626166
chronos,bolt,amazon/chronos-bolt-base,simple_return,history,2024-11-04,-0.002812083478299976
chronos,bolt,amazon/chronos-bolt-base,simple_return,history,2024-11-05,0.012265644545291332
chronos,bolt,amazon/chronos-bolt-base,simple_return,history,2024-11-06,0.025295927786425976
chronos,bolt,amazon/chronos-bolt-base,simple_return,history,2024-11-07,0.007431229727488331
chronos,bolt,amazon/chronos-bolt-base,simple_return,history,2024-11-08,0.0037568333092317108
chronos,bolt,amazon/chronos-bolt-base,simple_return,history,2024-11-11,0.0009690634297987444
chronos,bolt,amazon/chronos-bolt-base,simple_return,history,2024-11-12,-0.00289265965137242
chronos,bolt,amazon/chronos-bolt-base,simple_return,history,2024-11-13,0.00023222772482434095
chronos,bolt,amazon/chronos-bolt-base,simple_return,history,2024-11-14,-0.006049734794859041
chronos,bolt,amazon/chronos-bolt-base,simple_return,history,2024-11-15,-0.013203489851361216
chronos,bolt,amazon/chronos-bolt-base,simple_return,history,2024-11-18,0.003917814394541086
chronos,bolt,amazon/chronos-bolt-base,simple_return,history,2024-11-19,0.003963584828470035
chronos,bolt,amazon/chronos-bolt-base,simple_return,history,2024-11-20,2.195086225209586e-05
chronos,bolt,amazon/chronos-bolt-base,simple_return,history,2024-11-21,0.0053404615405816536
chronos,bolt,amazon/chronos-bolt-base,simple_return,history,2024-11-22,0.003467959094991535
chronos,bolt,amazon/chronos-bolt-base,simple_return,history,2024-11-25,0.003020480305938378
chronos,bolt,amazon/chronos-bolt-base,simple_return,history,2024-11-26,0.005722005647630368
chronos,bolt,amazon/chronos-bolt-base,simple_return,history,2024-11-27,-0.003801238017440034
chronos,bolt,amazon/chronos-bolt-base,simple_return,history,2024-11-29,0.005607785488815242
chronos,bolt,amazon/chronos-bolt-base,simple_return,history,2024-12-02,0.0024484564662998753
chronos,bolt,amazon/chronos-bolt-base,simple_return,history,2024-12-03,0.0004514491145146682
chronos,bolt,amazon/chronos-bolt-base,simple_return,history,2024-12-04,0.006051417924264779
chronos,bolt,amazon/chronos-bolt-base,simple_return,history,2024-12-05,-0.0018697756269248078
chronos,bolt,amazon/chronos-bolt-base,simple_return,history,2024-12-06,0.0024954538421815275
chronos,bolt,amazon/chronos-bolt-base,simple_return,history,2024-12-09,-0.006144213927296471
chronos,bolt,amazon/chronos-bolt-base,simple_return,history,2024-12-10,-0.002963883313944371
chronos,bolt,amazon/chronos-bolt-base,simple_return,history,2024-12-11,0.008165786048233592
chronos,bolt,amazon/chronos-bolt-base,simple_return,history,2024-12-12,-0.005414022527810203
chronos,bolt,amazon/chronos-bolt-base,simple_return,history,2024-12-13,-2.6466639124200775e-05
chronos,bolt,amazon/chronos-bolt-base,simple_return,history,2024-12-16,0.0037993543260221863
chronos,bolt,amazon/chronos-bolt-base,simple_return,history,2024-12-17,-0.003863994965801476
chronos,bolt,amazon/chronos-bolt-base,simple_return,history,2024-12-18,-0.02949284635160343
chronos,bolt,amazon/chronos-bolt-base,simple_return,history,2024-12-19,-0.0008651123249070469
chronos,bolt,amazon/chronos-bolt-base,simple_return,history,2024-12-20,0.010869123768910471
chronos,bolt,amazon/chronos-bolt-base,simple_return,history,2024-12-23,0.007287273468533639
chronos,bolt,amazon/chronos-bolt-base,simple_return,history,2024-12-24,0.01104275925539211
chronos,bolt,amazon/chronos-bolt-base,simple_return,history,2024-12-26,-0.00040565878647391695
chronos,bolt,amazon/chronos-bolt-base,simple_return,history,2024-12-27,-0.011055736101235558
chronos,bolt,amazon/chronos-bolt-base,simple_return,history,2024-12-30,-0.010701995701766776
chronos,bolt,amazon/chronos-bolt-base,simple_return,history,2024-12-31,-0.004284800394927402
chronos,bolt,amazon/chronos-bolt-base,simple_return,history,2025-01-02,-0.0022238866412221947
chronos,bolt,amazon/chronos-bolt-base,simple_return,history,2025-01-03,0.01259602672149196
chronos,bolt,amazon/chronos-bolt-base,simple_return,history,2025-01-06,0.005538045085450305
chronos,bolt,amazon/chronos-bolt-base,simple_return,history,2025-01-07,-0.01110391288210788
chronos,bolt,amazon/chronos-bolt-base,simple_return,history,2025-01-08,0.001560360190925314
chronos,bolt,amazon/chronos-bolt-base,simple_return,history,2025-01-10,-0.01541164380306681
chronos,bolt,amazon/chronos-bolt-base,simple_return,history,2025-01-13,0.0015754440882007614
chronos,bolt,amazon/chronos-bolt-base,simple_return,history,2025-01-14,0.0011462798112440442
chronos,bolt,amazon/chronos-bolt-base,simple_return,history,2025-01-15,0.018312792279639112
chronos,bolt,amazon/chronos-bolt-base,simple_return,history,2025-01-16,-0.0021126894641922966
chronos,bolt,amazon/chronos-bolt-base,simple_return,history,2025-01-17,0.009991058969353706
chronos,bolt,amazon/chronos-bolt-base,simple_return,history,2025-01-21,0.008768227105582893
chronos,bolt,amazon/chronos-bolt-base,simple_return,history,2025-01-22,0.006137941522227575
chronos,bolt,amazon/chronos-bolt-base,simple_return,history,2025-01-23,0.00531348622041139
chronos,bolt,amazon/chronos-bolt-base,simple_return,history,2025-01-24,-0.002855132319398823
chronos,bolt,amazon/chronos-bolt-base,simple_return,history,2025-01-27,-0.014580715690809543
chronos,bolt,amazon/chronos-bolt-base,simple_return,history,2025-01-28,0.009217869449967608
chronos,bolt,amazon/chronos-bolt-base,simple_return,history,2025-01-29,-0.004678895760321544
chronos,bolt,amazon/chronos-bolt-base,simple_return,history,2025-01-30,0.005275414405311762
chronos,bolt,amazon/chronos-bolt-base,simple_return,history,2025-01-31,-0.005046825754019935
chronos,bolt,amazon/chronos-bolt-base,simple_return,history,2025-02-03,-0.007608597684666707
chronos,bolt,amazon/chronos-bolt-base,simple_return,history,2025-02-04,0.007224881828679752
chronos,bolt,amazon/chronos-bolt-base,simple_return,history,2025-02-05,0.003908672930614365
chronos,bolt,amazon/chronos-bolt-base,simple_return,history,2025-02-06,0.003644298722618622
chronos,bolt,amazon/chronos-bolt-base,simple_return,history,2025-02-07,-0.009464770111542897
chronos,bolt,amazon/chronos-bolt-base,simple_return,history,2025-02-10,0.006712541085862833
chronos,bolt,amazon/chronos-bolt-base,simple_return,history,2025-02-11,0.00033958278885926063
chronos,bolt,amazon/chronos-bolt-base,simple_return,history,2025-02-12,-0.0027238667143857365
chronos,bolt,amazon/chronos-bolt-base,simple_return,history,2025-02-13,0.010426292122230674
chronos,bolt,amazon/chronos-bolt-base,simple_return,history,2025-02-14,-7.194380749464546e-05
chronos,bolt,amazon/chronos-bolt-base,simple_return,history,2025-02-18,0.0024449877750611915
chronos,bolt,amazon/chronos-bolt-base,simple_return,history,2025-02-19,0.0023769693899173827
chronos,bolt,amazon/chronos-bolt-base,simple_return,history,2025-02-20,-0.0043341850761716705
chronos,bolt,amazon/chronos-bolt-base,simple_return,history,2025-02-21,-0.01706412670256352
chronos,bolt,amazon/chronos-bolt-base,simple_return,history,2025-02-24,-0.00496910650440241
chronos,bolt,amazon/chronos-bolt-base,simple_return,history,2025-02-25,-0.004679730915472358
chronos,bolt,amazon/chronos-bolt-base,simple_return,history,2025-02-26,0.00013602428004699796
chronos,bolt,amazon/chronos-bolt-base,simple_return,history,2025-02-27,-0.015864553655509872
chronos,bolt,amazon/chronos-bolt-base,simple_return,history,2025-02-28,0.01585414463498891
chronos,bolt,amazon/chronos-bolt-base,simple_return,history,2025-03-03,-0.0175967394669998
chronos,bolt,amazon/chronos-bolt-base,simple_return,history,2025-03-04,-0.012234826602200433
chronos,bolt,amazon/chronos-bolt-base,simple_return,history,2025-03-05,0.011159277893187936
chronos,bolt,amazon/chronos-bolt-base,simple_return,history,2025-03-06,-0.017819007085749905
chronos,bolt,amazon/chronos-bolt-base,simple_return,history,2025-03-07,0.00552061780274804
chronos,bolt,amazon/chronos-bolt-base,simple_return,history,2025-03-10,-0.0269730913054258
chronos,bolt,amazon/chronos-bolt-base,simple_return,history,2025-03-11,-0.007567865323653167
chronos,bolt,amazon/chronos-bolt-base,simple_return,history,2025-03-12,0.004886869929446425
chronos,bolt,amazon/chronos-bolt-base,simple_return,history,2025-03-13,-0.013890984206835322
chronos,bolt,amazon/chronos-bolt-base,simple_return,history,2025-03-14,0.021265869083087807
chronos,bolt,amazon/chronos-bolt-base,simple_return,history,2025-03-17,0.006416130719105961
chronos,bolt,amazon/chronos-bolt-base,simple_return,history,2025-03-18,-0.010653512117636543
chronos,bolt,amazon/chronos-bolt-base,simple_return,history,2025-03-19,0.010798495567894584
chronos,bolt,amazon/chronos-bolt-base,simple_return,history,2025-03-20,-0.0021848931523151816
chronos,bolt,amazon/chronos-bolt-base,simple_return,history,2025-03-21,0.0008246534476661349
chronos,bolt,amazon/chronos-bolt-base,simple_return,history,2025-03-24,0.017646000146633645
chronos,bolt,amazon/chronos-bolt-base,simple_return,history,2025-03-25,0.0015743334544251475
chronos,bolt,amazon/chronos-bolt-base,simple_return,history,2025-03-26,-0.011156934922627149
chronos,bolt,amazon/chronos-bolt-base,simple_return,history,2025-03-27,-0.003306980860763864
chronos,bolt,amazon/chronos-bolt-base,simple_return,history,2025-03-28,-0.01973722070834405
chronos,bolt,amazon/chronos-bolt-base,simple_return,history,2025-03-31,0.005538521570653376
chronos,bolt,amazon/chronos-bolt-base,simple_return,history,2025-04-01,0.0037812354559083605
chronos,bolt,amazon/chronos-bolt-base,simple_return,history,2025-04-02,0.006728194715792668
chronos,bolt,amazon/chronos-bolt-base,simple_return,history,2025-04-03,-0.04839563335990149
chronos,bolt,amazon/chronos-bolt-base,simple_return,history,2025-04-04,-0.05974960534553109
chronos,bolt,amazon/chronos-bolt-base,simple_return,history,2025-04-07,-0.0023314724921273955
chronos,bolt,amazon/chronos-bolt-base,simple_return,history,2025-04-08,-0.015700524562941354
chronos,bolt,amazon/chronos-bolt-base,simple_return,history,2025-04-09,0.09515387644904849
chronos,bolt,amazon/chronos-bolt-base,simple_return,history,2025-04-10,-0.03460757958472693
chronos,bolt,amazon/chronos-bolt-base,simple_return,history,2025-04-11,0.018092095201708958
chronos,bolt,amazon/chronos-bolt-base,simple_return,history,2025-04-14,0.007944712390868913
chronos,bolt,amazon/chronos-bolt-base,simple_return,history,2025-04-15,-0.0017277808903947145
chronos,bolt,amazon/chronos-bolt-base,simple_return,history,2025-04-16,-0.0224083715440897
chronos,bolt,amazon/chronos-bolt-base,simple_return,history,2025-04-17,0.0013268380955802073
chronos,bolt,amazon/chronos-bolt-base,simple_return,history,2025-04-21,-0.023567493023827546
chronos,bolt,amazon/chronos-bolt-base,simple_return,history,2025-04-22,0.025117204723895226
chronos,bolt,amazon/chronos-bolt-base,simple_return,history,2025-04-23,0.01666113847096007
chronos,bolt,amazon/chronos-bolt-base,simple_return,history,2025-04-24,0.020259113708281262
chronos,bolt,amazon/chronos-bolt-base,simple_return,history,2025-04-25,0.007373133469998461
chronos,bolt,amazon/chronos-bolt-base,simple_return,history,2025-04-28,0.0006407067039131409
chronos,bolt,amazon/chronos-bolt-base,simple_return,history,2025-04-29,0.005802410694099036
chronos,bolt,amazon/chronos-bolt-base,simple_return,history,2025-04-30,0.00147999135976562
chronos,bolt,amazon/chronos-bolt-base,simple_return,history,2025-05-01,0.006299102138585644
chronos,bolt,amazon/chronos-bolt-base,simple_return,history,2025-05-02,0.01472657412963474
chronos,bolt,amazon/chronos-bolt-base,simple_return,history,2025-05-05,-0.006381597588933863
chronos,bolt,amazon/chronos-bolt-base,simple_return,history,2025-05-06,-0.007693239651855532
chronos,bolt,amazon/chronos-bolt-base,simple_return,history,2025-05-07,0.00434635623313584
chronos,bolt,amazon/chronos-bolt-base,simple_return,history,2025-05-08,0.005799775094835535
chronos,bolt,amazon/chronos-bolt-base,simple_return,history,2025-05-09,-0.0007114809122162891
chronos,bolt,amazon/chronos-bolt-base,simple_return,history,2025-05-12,0.032558782749008364
chronos,bolt,amazon/chronos-bolt-base,simple_return,history,2025-05-13,0.0072482009835321826
chronos,bolt,amazon/chronos-bolt-base,simple_return,history,2025-05-14,0.001024415597859818
chronos,bolt,amazon/chronos-bolt-base,simple_return,history,2025-05-15,0.004132332074135769
chronos,bolt,amazon/chronos-bolt-base,simple_return,history,2025-05-16,0.007005272294898557
chronos,bolt,amazon/chronos-bolt-base,simple_return,history,2025-05-19,0.0008761131291423752
chronos,bolt,amazon/chronos-bolt-base,simple_return,history,2025-05-20,-0.0038802294486252054
chronos,bolt,amazon/chronos-bolt-base,simple_return,history,2025-05-21,-0.01613513066101424
chronos,bolt,amazon/chronos-bolt-base,simple_return,history,2025-05-22,-0.00044487103794299543
chronos,bolt,amazon/chronos-bolt-base,simple_return,history,2025-05-23,-0.006708297825321674
chronos,bolt,amazon/chronos-bolt-base,simple_return,history,2025-05-27,0.0204590558452733
chronos,bolt,amazon/chronos-bolt-base,simple_return,history,2025-05-28,-0.005571225417268844
chronos,bolt,amazon/chronos-bolt-base,simple_return,history,2025-05-29,0.004011194261904327
chronos,bolt,amazon/chronos-bolt-base,simple_return,history,2025-05-30,-8.118516130162234e-05
chronos,bolt,amazon/chronos-bolt-base,simple_return,history,2025-06-02,0.0041020419271569075
chronos,bolt,amazon/chronos-bolt-base,simple_return,history,2025-06-03,0.005800290454605506
chronos,bolt,amazon/chronos-bolt-base,simple_return,history,2025-06-04,7.36874595066439e-05
chronos,bolt,amazon/chronos-bolt-base,simple_return,history,2025-06-05,-0.005277383403094138
chronos,bolt,amazon/chronos-bolt-base,simple_return,history,2025-06-06,0.010280683010067904
chronos,bolt,amazon/chronos-bolt-base,simple_return,history,2025-06-09,0.0009199480792858594
chronos,bolt,amazon/chronos-bolt-base,simple_return,history,2025-06-10,0.00548298940767844
chronos,bolt,amazon/chronos-bolt-base,simple_return,history,2025-06-11,-0.002743888954607865
chronos,bolt,amazon/chronos-bolt-base,simple_return,history,2025-06-12,0.0038224199557175265
chronos,bolt,amazon/chronos-bolt-base,simple_return,history,2025-06-13,-0.011296379879250695
chronos,bolt,amazon/chronos-bolt-base,simple_return,history,2025-06-16,0.009392659896159117
chronos,bolt,amazon/chronos-bolt-base,simple_return,history,2025-06-17,-0.008352184790166306
chronos,bolt,amazon/chronos-bolt-base,simple_return,history,2025-06-18,-0.0003092402101070313
chronos,bolt,amazon/chronos-bolt-base,simple_return,history,2025-06-20,-0.002178658486505891
chronos,bolt,amazon/chronos-bolt-base,simple_return,history,2025-06-23,0.009606504133156335
chronos,bolt,amazon/chronos-bolt-base,simple_return,history,2025-06-24,0.01112172017970181
chronos,bolt,amazon/chronos-bolt-base,simple_return,history,2025-06-25,-3.2861029504172024e-06
chronos,bolt,amazon/chronos-bolt-base,simple_return,history,2025-06-26,0.008020121275230219
chronos,bolt,amazon/chronos-bolt-base,simple_return,history,2025-06-27,0.005218970885222163
chronos,bolt,amazon/chronos-bolt-base,simple_return,history,2025-06-30,0.005164427424532603
chronos,bolt,amazon/chronos-bolt-base,simple_return,history,2025-07-01,-0.001118531087121899
chronos,bolt,amazon/chronos-bolt-base,simple_return,history,2025-07-02,0.004745096791088033
chronos,bolt,amazon/chronos-bolt-base,simple_return,history,2025-07-03,0.008338955206607324
chronos,bolt,amazon/chronos-bolt-base,simple_return,history,2025-07-07,-0.007862297279128794
chronos,bolt,amazon/chronos-bolt-base,simple_return,history,2025-07-08,-0.0007158868810946961
chronos,bolt,amazon/chronos-bolt-base,simple_return,history,2025-07-09,0.0060621034026635545
chronos,bolt,amazon/chronos-bolt-base,simple_return,history,2025-07-10,0.0027462050044453346
chronos,bolt,amazon/chronos-bolt-base,simple_return,history,2025-07-11,-0.0032975229626984737
chronos,bolt,amazon/chronos-bolt-base,simple_return,history,2025-07-14,0.001407413809457303
chronos,bolt,amazon/chronos-bolt-base,simple_return,history,2025-07-15,-0.003956298214731202
chronos,bolt,amazon/chronos-bolt-base,simple_return,history,2025-07-16,0.003193657417327689
chronos,bolt,amazon/chronos-bolt-base,simple_return,history,2025-07-17,0.00537376740890938
chronos,bolt,amazon/chronos-bolt-base,simple_return,history,2025-07-18,-9.048620868445933e-05
chronos,bolt,amazon/chronos-bolt-base,simple_return,history,2025-07-21,0.001399134882868358
chronos,bolt,amazon/chronos-bolt-base,simple_return,history,2025-07-22,0.0006375316336257875
chronos,bolt,amazon/chronos-bolt-base,simple_return,history,2025-07-23,0.007811886951519131
chronos,bolt,amazon/chronos-bolt-base,simple_return,history,2025-07-24,0.0006982236416543941
chronos,bolt,amazon/chronos-bolt-base,simple_return,history,2025-07-25,0.00397432777929585
chronos,bolt,amazon/chronos-bolt-base,simple_return,history,2025-07-28,0.00017685810881817865
chronos,bolt,amazon/chronos-bolt-base,simple_return,history,2025-07-29,-0.002959442388724254
chronos,bolt,amazon/chronos-bolt-base,simple_return,history,2025-07-30,-0.0012494327466496813
chronos,bolt,amazon/chronos-bolt-base,simple_return,history,2025-07-31,-0.0036948193411530106
chronos,bolt,amazon/chronos-bolt-base,simple_return,history,2025-08-01,-0.015992133140148468
chronos,bolt,amazon/chronos-bolt-base,simple_return,history,2025-08-04,0.01473710033091602
chronos,bolt,amazon/chronos-bolt-base,simple_return,history,2025-08-05,-0.004857865996303334
chronos,bolt,amazon/chronos-bolt-base,simple_return,history,2025-08-06,0.007281907295092482
chronos,bolt,amazon/chronos-bolt-base,simple_return,history,2025-08-07,-0.0007974800154801898
chronos,bolt,amazon/chronos-bolt-base,simple_return,history,2025-08-08,0.007799715348974834
chronos,bolt,amazon/chronos-bolt-base,simple_return,history,2025-08-11,-0.0025041278217863283
chronos,bolt,amazon/chronos-bolt-base,simple_return,history,2025-08-12,0.01134543584661274
chronos,bolt,amazon/chronos-bolt-base,simple_return,history,2025-08-13,0.0032300788824048965
chronos,bolt,amazon/chronos-bolt-base,simple_return,history,2025-08-14,0.00030309080129242716
chronos,bolt,amazon/chronos-bolt-base,simple_return,history,2025-08-15,-0.0028971350972291088
chronos,bolt,amazon/chronos-bolt-base,simple_return,history,2025-08-18,-0.00010076318078544588
chronos,bolt,amazon/chronos-bolt-base,simple_return,history,2025-08-19,-0.005858103118756786
chronos,bolt,amazon/chronos-bolt-base,simple_return,history,2025-08-20,-0.0024316693228262354
chronos,bolt,amazon/chronos-bolt-base,simple_return,history,2025-08-21,-0.004004181529308926
chronos,bolt,amazon/chronos-bolt-base,simple_return,history,2025-08-22,0.015186444876893468
chronos,bolt,amazon/chronos-bolt-base,simple_return,history,2025-08-25,-0.004266385548063467
chronos,bolt,amazon/chronos-bolt-base,simple_return,history,2025-08-26,0.004133995191134998
chronos,bolt,amazon/chronos-bolt-base,simple_return,history,2025-08-27,0.0023909843081744153
chronos,bolt,amazon/chronos-bolt-base,simple_return,history,2025-08-28,0.0031567194195349924
chronos,bolt,amazon/chronos-bolt-base,simple_return,history,2025-08-29,-0.00639818429357164
chronos,bolt,amazon/chronos-bolt-base,simple_return,history,2025-09-02,-0.006922279936861564
chronos,bolt,amazon/chronos-bolt-base,simple_return,history,2025-09-03,0.0051000736279842585
chronos,bolt,amazon/chronos-bolt-base,simple_return,history,2025-09-04,0.008346486409699372
chronos,bolt,amazon/chronos-bolt-base,simple_return,history,2025-09-05,-0.003165152978388819
chronos,bolt,amazon/chronos-bolt-base,simple_return,history,2025-09-08,0.0021059789159529885
chronos,bolt,amazon/chronos-bolt-base,simple_return,history,2025-09-09,0.0026881536531127015
chronos,bolt,amazon/chronos-bolt-base,simple_return,history,2025-09-10,0.002983469943562689
chronos,bolt,amazon/chronos-bolt-base,simple_return,history,2025-09-11,0.008485890387959882
chronos,bolt,amazon/chronos-bolt-base,simple_return,history,2025-09-12,-0.00048276131466740146
chronos,bolt,amazon/chronos-bolt-base,simple_return,history,2025-09-15,0.004706619226962694
chronos,bolt,amazon/chronos-bolt-base,simple_return,history,2025-09-16,-0.0012879303382402618
chronos,bolt,amazon/chronos-bolt-base,simple_return,history,2025-09-17,-0.0009701681605103207
chronos,bolt,amazon/chronos-bolt-base,simple_return,history,2025-09-18,0.004789119185128365
chronos,bolt,amazon/chronos-bolt-base,simple_return,history,2025-09-19,0.004885418870829605
chronos,bolt,amazon/chronos-bolt-base,simple_return,history,2025-09-22,0.004410046474333074
chronos,bolt,amazon/chronos-bolt-base,simple_return,history,2025-09-23,-0.005502159197012135
chronos,bolt,amazon/chronos-bolt-base,simple_return,history,2025-09-24,-0.002846617843333288
chronos,bolt,amazon/chronos-bolt-base,simple_return,history,2025-09-25,-0.0050090613431266195
chronos,bolt,amazon/chronos-bolt-base,simple_return,history,2025-09-26,0.005901836747171263
chronos,bolt,amazon/chronos-bolt-base,simple_return,history,2025-09-29,0.00263554421636214
chronos,bolt,amazon/chronos-bolt-base,simple_return,history,2025-09-30,0.0040908483833717035
chronos,bolt,amazon/chronos-bolt-base,simple_return,history,2025-10-01,0.003399920834961989
chronos,bolt,amazon/chronos-bolt-base,simple_return,history,2025-10-02,0.0006183547238911569
chronos,bolt,amazon/chronos-bolt-base,simple_return,history,2025-10-03,6.551280273581206e-05
chronos,bolt,amazon/chronos-bolt-base,simple_return,history,2025-10-06,0.0036465919796933033
chronos,bolt,amazon/chronos-bolt-base,simple_return,history,2025-10-07,-0.0038114057910215715
chronos,bolt,amazon/chronos-bolt-base,simple_return,history,2025-10-08,0.0058276636405680815
chronos,bolt,amazon/chronos-bolt-base,simple_return,history,2025-10-09,-0.002755570407195318
chronos,bolt,amazon/chronos-bolt-base,simple_return,history,2025-10-10,-0.02711167321141361
chronos,bolt,amazon/chronos-bolt-base,simple_return,history,2025-10-13,0.015598671787557583
chronos,bolt,amazon/chronos-bolt-base,simple_return,history,2025-10-14,-0.0015643266604626893
chronos,bolt,amazon/chronos-bolt-base,simple_return,history,2025-10-15,0.004026001159503689
chronos,bolt,amazon/chronos-bolt-base,simple_return,history,2025-10-16,-0.006294387099829435
chronos,bolt,amazon/chronos-bolt-base,simple_return,history,2025-10-17,0.0052707155502571545
chronos,bolt,amazon/chronos-bolt-base,simple_return,history,2025-10-20,0.010672270853256949
chronos,bolt,amazon/chronos-bolt-base,simple_return,history,2025-10-21,3.2696450934288634e-05
chronos,bolt,amazon/chronos-bolt-base,simple_return,history,2025-10-22,-0.005337539220865439
chronos,bolt,amazon/chronos-bolt-base,simple_return,history,2025-10-23,0.0058273934429324825
chronos,bolt,amazon/chronos-bolt-base,simple_return,history,2025-10-24,0.00790242258787388
chronos,bolt,amazon/chronos-bolt-base,simple_return,history,2025-10-27,0.012290050865671143
chronos,bolt,amazon/chronos-bolt-base,simple_return,history,2025-10-28,0.0022879438603986557
chronos,bolt,amazon/chronos-bolt-base,simple_return,history,2025-10-29,-4.3578255173426506e-05
chronos,bolt,amazon/chronos-bolt-base,simple_return,history,2025-10-30,-0.00990481243951924
chronos,bolt,amazon/chronos-bolt-base,simple_return,history,2025-10-31,0.0026179217059763005
chronos,bolt,amazon/chronos-bolt-base,simple_return,history,2025-11-03,0.0017207127269924793
chronos,bolt,amazon/chronos-bolt-base,simple_return,history,2025-11-04,-0.011736830084583816
chronos,bolt,amazon/chronos-bolt-base,simple_return,history,2025-11-05,0.0036535556982648654
chronos,bolt,amazon/chronos-bolt-base,simple_return,history,2025-11-06,-0.011178189042419073
chronos,bolt,amazon/chronos-bolt-base,simple_return,history,2025-11-07,0.0012618418007710464
chronos,bolt,amazon/chronos-bolt-base,simple_return,history,2025-11-10,0.01540101862170995
chronos,bolt,amazon/chronos-bolt-base,simple_return,history,2025-11-11,0.002075350517340535
chronos,bolt,amazon/chronos-bolt-base,simple_return,history,2025-11-12,0.0006295171887717999
chronos,bolt,amazon/chronos-bolt-base,simple_return,history,2025-11-13,-0.01655685496159698
chronos,bolt,amazon/chronos-bolt-base,simple_return,history,2025-11-14,-0.0005017255648851471
chronos,bolt,amazon/chronos-bolt-base,simple_return,history,2025-11-17,-0.00916226617680782
chronos,bolt,amazon/chronos-bolt-base,simple_return,history,2025-11-18,-0.008256436690967983
chronos,bolt,amazon/chronos-bolt-base,simple_return,history,2025-11-19,0.0037538357962292324
chronos,bolt,amazon/chronos-bolt-base,simple_return,history,2025-11-20,-0.015567283563270418
chronos,bolt,amazon/chronos-bolt-base,simple_return,history,2025-11-21,0.009823035415319481
chronos,bolt,amazon/chronos-bolt-base,simple_return,history,2025-11-24,0.015467217001293498
chronos,bolt,amazon/chronos-bolt-base,simple_return,history,2025-11-25,0.009061696817220577
chronos,bolt,amazon/chronos-bolt-base,simple_return,history,2025-11-26,0.006906711511012631
chronos,bolt,amazon/chronos-bolt-base,simple_return,history,2025-11-28,0.005354773163420257
chronos,bolt,amazon/chronos-bolt-base,simple_return,history,2025-12-01,-0.005323329342915684
chronos,bolt,amazon/chronos-bolt-base,simple_return,history,2025-12-02,0.002457235261999813
chronos,bolt,amazon/chronos-bolt-base,simple_return,history,2025-12-03,0.0029797912994984355
chronos,bolt,amazon/chronos-bolt-base,simple_return,history,2025-12-04,0.0010803218396737702
chronos,bolt,amazon/chronos-bolt-base,simple_return,history,2025-12-05,0.001936641757662061
chronos,bolt,amazon/chronos-bolt-base,simple_return,history,2025-12-08,-0.003477255626794018
chronos,bolt,amazon/chronos-bolt-base,simple_return,history,2025-12-09,-0.0008763589340257116
chronos,bolt,amazon/chronos-bolt-base,simple_return,history,2025-12-10,0.00674955693920154
chronos,bolt,amazon/chronos-bolt-base,simple_return,history,2025-12-11,0.002079350841514227
chronos,bolt,amazon/chronos-bolt-base,simple_return,history,2025-12-12,-0.010663649289958
chronos,bolt,amazon/chronos-bolt-base,simple_return,history,2025-12-15,-0.0015965630269072495
chronos,bolt,amazon/chronos-bolt-base,simple_return,history,2025-12-16,-0.0023839179519623555
chronos,bolt,amazon/chronos-bolt-base,simple_return,history,2025-12-17,-0.011592143912241393
chronos,bolt,amazon/chronos-bolt-base,simple_return,history,2025-12-18,0.007934262269941872
chronos,bolt,amazon/chronos-bolt-base,simple_return,history,2025-12-19,0.008818059450332205
chronos,bolt,amazon/chronos-bolt-base,simple_return,history,2025-12-22,0.006436496360377575
chronos,bolt,amazon/chronos-bolt-base,simple_return,history,2025-12-23,0.004550388765703239
chronos,bolt,amazon/chronos-bolt-base,simple_return,history,2025-12-24,0.0032214822012188726
chronos,bolt,amazon/chronos-bolt-base,simple_return,history,2025-12-26,-0.00030436354912266594
chronos,bolt,amazon/chronos-bolt-base,simple_return,history,2025-12-29,-0.00349205148036813
chronos,bolt,amazon/chronos-bolt-base,simple_return,history,2025-12-30,-0.0013756671519022934
chronos,bolt,amazon/chronos-bolt-base,simple_return,history,2025-12-31,-0.007357666300846111
chronos,bolt,amazon/chronos-bolt-base,simple_return,history,2026-01-02,0.0018947067188299638
chronos,bolt,amazon/chronos-bolt-base,simple_return,history,2026-01-05,0.006354126864826393
chronos,bolt,amazon/chronos-bolt-base,simple_return,history,2026-01-06,0.006196712678341321
chronos,bolt,amazon/chronos-bolt-base,simple_return,history,2026-01-07,-0.003439923431013958
chronos,bolt,amazon/chronos-bolt-base,simple_return,history,2026-01-08,7.65482590914246e-05
chronos,bolt,amazon/chronos-bolt-base,simple_return,history,2026-01-09,0.006475487031883276
chronos,bolt,amazon/chronos-bolt-base,simple_return,history,2026-01-12,0.001577633215136931
chronos,bolt,amazon/chronos-bolt-base,simple_return,history,2026-01-13,-0.0019391230550597216
chronos,bolt,amazon/chronos-bolt-base,simple_return,history,2026-01-14,-0.005333360445499591
chronos,bolt,amazon/chronos-bolt-base,simple_return,history,2026-01-15,0.0025799262171273263
chronos,bolt,amazon/chronos-bolt-base,simple_return,history,2026-01-16,-0.0006423023039563436
chronos,bolt,amazon/chronos-bolt-base,simple_return,history,2026-01-20,-0.02062675805627745
chronos,bolt,amazon/chronos-bolt-base,simple_return,history,2026-01-21,0.011587741323274559
chronos,bolt,amazon/chronos-bolt-base,simple_return,history,2026-01-22,0.005487502192628835
chronos,bolt,amazon/chronos-bolt-base,simple_return,history,2026-01-23,0.0003268698377891788
chronos,bolt,amazon/chronos-bolt-base,simple_return,history,2026-01-26,0.005006083031276365
chronos,bolt,amazon/chronos-bolt-base,simple_return,history,2026-01-27,0.004081896177137168
chronos,bolt,amazon/chronos-bolt-base,simple_return,history,2026-01-28,-8.172305219089626e-05
chronos,bolt,amazon/chronos-bolt-base,simple_return,history,2026-01-29,-0.001292631274007694
chronos,bolt,amazon/chronos-bolt-base,simple_return,history,2026-01-30,-0.004301899620894223
chronos,bolt,amazon/chronos-bolt-base,simple_return,history,2026-02-02,0.00539126612916796
chronos,bolt,amazon/chronos-bolt-base,simple_return,history,2026-02-03,-0.008403983020698336
chronos,bolt,amazon/chronos-bolt-base,simple_return,history,2026-02-04,-0.005072391906223106
chronos,bolt,amazon/chronos-bolt-base,simple_return,history,2026-02-05,-0.012251015567674717
chronos,bolt,amazon/chronos-bolt-base,simple_return,history,2026-02-06,0.0196957966973359
chronos,bolt,amazon/chronos-bolt-base,simple_return,history,2026-02-09,0.004691086716887227
chronos,bolt,amazon/chronos-bolt-base,simple_return,history,2026-02-10,-0.003303712975458173
chronos,bolt,amazon/chronos-bolt-base,simple_return,history,2026-02-11,-4.895607156218951e-05
chronos,bolt,amazon/chronos-bolt-base,simple_return,history,2026-02-12,-0.01566101212770199
chronos,bolt,amazon/chronos-bolt-base,simple_return,history,2026-02-13,0.0004990891480125548
chronos,bolt,amazon/chronos-bolt-base,simple_return,history,2026-02-17,0.0010313220779065713
chronos,bolt,amazon/chronos-bolt-base,simple_return,history,2026-02-18,0.005566070147410729
chronos,bolt,amazon/chronos-bolt-base,simple_return,history,2026-02-19,-0.0028221256867719813
chronos,bolt,amazon/chronos-bolt-base,simple_return,history,2026-02-20,0.006939724763506794
chronos,bolt,amazon/chronos-bolt-base,simple_return,history,2026-02-23,-0.010385652247284827
chronos,bolt,amazon/chronos-bolt-base,simple_return,history,2026-02-24,0.0076516140863223114
chronos,bolt,amazon/chronos-bolt-base,simple_return,history,2026-02-25,0.008136355657339944
chronos,bolt,amazon/chronos-bolt-base,simple_return,history,2026-02-26,-0.005365580569328343
chronos,bolt,amazon/chronos-bolt-base,simple_return,history,2026-02-27,-0.00433935281103115
chronos,bolt,amazon/chronos-bolt-base,simple_return,history,2026-03-02,0.0003983547353176853
chronos,bolt,amazon/chronos-bolt-base,simple_return,history,2026-03-03,-0.009444031095625416
chronos,bolt,amazon/chronos-bolt-base,simple_return,history,2026-03-04,0.007756049264286302
chronos,bolt,amazon/chronos-bolt-base,simple_return,history,2026-03-05,-0.005646704863891072
chronos,bolt,amazon/chronos-bolt-base,simple_return,history,2026-03-06,-0.013276795812569242
chronos,bolt,amazon/chronos-bolt-base,simple_return,history,2026-03-09,0.008304161513105202
chronos,bolt,amazon/chronos-bolt-base,simple_return,history,2026-03-10,-0.0021351198877325173
chronos,bolt,amazon/chronos-bolt-base,simple_return,history,2026-03-11,-0.0008376012017449197
chronos,bolt,amazon/chronos-bolt-base,simple_return,history,2026-03-12,-0.015227676506708532
chronos,bolt,amazon/chronos-bolt-base,simple_return,history,2026-03-13,-0.006059115470564369
chronos,bolt,amazon/chronos-bolt-base,simple_return,history,2026-03-16,0.010130883162251969
chronos,bolt,amazon/chronos-bolt-base,simple_return,history,2026-03-17,0.0024942548757938
chronos,bolt,amazon/chronos-bolt-base,simple_return,history,2026-03-18,-0.013607567880073446
chronos,bolt,amazon/chronos-bolt-base,simple_return,history,2026-03-19,-0.002748797741878972
chronos,bolt,amazon/chronos-bolt-base,simple_return,history,2026-03-20,-0.015138182356779217
chronos,bolt,amazon/chronos-bolt-base,simple_return,history,2026-03-23,0.011453200463990454
chronos,bolt,amazon/chronos-bolt-base,simple_return,history,2026-03-24,-0.0037425745042546366
chronos,bolt,amazon/chronos-bolt-base,simple_return,history,2026-03-25,0.005419124381509377
chronos,bolt,amazon/chronos-bolt-base,simple_return,history,2026-03-26,-0.017406172392416708
chronos,bolt,amazon/chronos-bolt-base,simple_return,history,2026-03-27,-0.01672184352107431
chronos,bolt,amazon/chronos-bolt-base,simple_return,history,2026-03-30,-0.003945748828622642
chronos,bolt,amazon/chronos-bolt-base,simple_return,history,2026-03-31,0.02913114047102594
chronos,bolt,amazon/chronos-bolt-base,simple_return,history,2026-04-01,0.007168516684867399
chronos,bolt,amazon/chronos-bolt-base,simple_return,history,2026-04-02,0.0011208758485563575
chronos,bolt,amazon/chronos-bolt-base,simple_return,history,2026-04-06,0.0044267825126402816
chronos,bolt,amazon/chronos-bolt-base,simple_return,history,2026-04-07,0.0007592481161695641
chronos,bolt,amazon/chronos-bolt-base,simple_return,history,2026-04-08,0.025081414644149813
chronos,bolt,amazon/chronos-bolt-base,simple_return,history,2026-04-09,0.006170023529293189
chronos,bolt,amazon/chronos-bolt-base,simple_return,history,2026-04-10,-0.0011385210916523558
chronos,bolt,amazon/chronos-bolt-base,simple_return,history,2026-04-13,0.010173274948748201
chronos,bolt,amazon/chronos-bolt-base,simple_return,history,2026-04-14,0.011782866364792755
chronos,bolt,amazon/chronos-bolt-base,simple_return,history,2026-04-15,0.007975783355387733
chronos,bolt,amazon/chronos-bolt-base,simple_return,history,2026-04-16,0.0026099558353673835
chronos,bolt,amazon/chronos-bolt-base,simple_return,history,2026-04-17,0.012040463669150903
chronos,bolt,amazon/chronos-bolt-base,simple_return,history,2026-04-20,-0.002374372617670484
chronos,bolt,amazon/chronos-bolt-base,simple_return,history,2026-04-21,-0.006348217959672997
chronos,bolt,amazon/chronos-bolt-base,simple_return,history,2026-04-22,0.010460084168953943
chronos,bolt,amazon/chronos-bolt-base,simple_return,history,2026-04-23,-0.004132868267081369
chronos,bolt,amazon/chronos-bolt-base,simple_return,history,2026-04-24,0.007973689797975636
chronos,bolt,amazon/chronos-bolt-base,simple_return,history,2026-04-27,0.0012323767534654362
chronos,bolt,amazon/chronos-bolt-base,simple_return,history,2026-04-28,-0.004894172187521972
chronos,bolt,amazon/chronos-bolt-base,simple_return,history,2026-04-29,-0.0003991720531409948
chronos,bolt,amazon/chronos-bolt-base,simple_return,history,2026-04-30,0.010238239941821936
chronos,bolt,amazon/chronos-bolt-base,simple_return,history,2026-05-01,0.002928328889657106
chronos,bolt,amazon/chronos-bolt-base,simple_return,history,2026-05-04,-0.004062189384334225
chronos,bolt,amazon/chronos-bolt-base,simple_return,history,2026-05-05,0.008120017337603702
chronos,bolt,amazon/chronos-bolt-base,simple_return,history,2026-05-06,0.014588330317794274
chronos,bolt,amazon/chronos-bolt-base,simple_return,history,2026-05-07,-0.003803095327784889
chronos,bolt,amazon/chronos-bolt-base,simple_return,history,2026-05-08,0.008425703533400997
chronos,bolt,amazon/chronos-bolt-base,simple_return,history,2026-05-11,0.0018799566475542484
chronos,bolt,amazon/chronos-bolt-base,simple_return,history,2026-05-12,-0.0016026088601545085
chronos,bolt,amazon/chronos-bolt-base,simple_return,history,2026-05-13,0.005849246488426552
chronos,bolt,amazon/chronos-bolt-base,simple_return,history,2026-05-14,0.007655604577358366
chronos,bolt,amazon/chronos-bolt-base,simple_return,history,2026-05-15,-0.012363320128051747
chronos,bolt,amazon/chronos-bolt-base,simple_return,history,2026-05-18,-0.0007356678561787344
chronos,bolt,amazon/chronos-bolt-base,simple_return,history,2026-05-19,-0.006678320788135905
chronos,bolt,amazon/chronos-bolt-base,simple_return,history,2026-05-20,0.010792026370445518
chronos,bolt,amazon/chronos-bolt-base,simple_return,history,2026-05-21,0.0017153304306989359
chronos,bolt,amazon/chronos-bolt-base,simple_return,history,2026-05-22,0.0037269732409066503
chronos,bolt,amazon/chronos-bolt-base,simple_return,history,2026-05-26,0.006108260424063872
chronos,bolt,amazon/chronos-bolt-base,simple_return,history,2026-05-27,0.00016487914469087706
chronos,bolt,amazon/chronos-bolt-base,simple_return,history,2026-05-28,0.005753716619668614
chronos,bolt,amazon/chronos-bolt-base,simple_return,history,2026-05-29,0.002172260678511728
chronos,bolt,amazon/chronos-bolt-base,simple_return,history,2026-06-01,0.0026252961308912415
chronos,bolt,amazon/chronos-bolt-base,simple_return,history,2026-06-02,0.0012920889411551784
chronos,bolt,amazon/chronos-bolt-base,simple_return,history,2026-06-03,-0.007372041104846239
chronos,bolt,amazon/chronos-bolt-base,simple_return,history,2026-06-04,0.004054961568363158
chronos,bolt,amazon/chronos-bolt-base,simple_return,history,2026-06-05,-0.026445361894386843
chronos,bolt,amazon/chronos-bolt-base,simple_return,history,2026-06-08,0.0029781310549599205
chronos,bolt,amazon/chronos-bolt-base,simple_return,history,2026-06-09,-0.0025763939780845124
chronos,bolt,amazon/chronos-bolt-base,simple_return,history,2026-06-10,-0.016199450298948426
chronos,bolt,amazon/chronos-bolt-base,simple_return,history,2026-06-11,0.017518885564244746
chronos,bolt,amazon/chronos-bolt-base,simple_return,history,2026-06-12,0.0050255138730570525
chronos,bolt,amazon/chronos-bolt-base,simple_return,history,2026-06-15,0.016528391294663436
chronos,bolt,amazon/chronos-bolt-base,simple_return,history,2026-06-16,-0.005684179609759754
chronos,bolt,amazon/chronos-bolt-base,simple_return,history,2026-06-17,-0.012148282108228825
chronos,bolt,amazon/chronos-bolt-base,simple_return,history,2026-06-18,0.010846212235623431
chronos,bolt,amazon/chronos-bolt-base,simple_return,history,2026-06-22,-0.003705051979052687
chronos,bolt,amazon/chronos-bolt-base,simple_return,history,2026-06-23,-0.014362785193208105
chronos,bolt,amazon/chronos-bolt-base,simple_return,history,2026-06-24,-0.0009829319733113406
chronos,bolt,amazon/chronos-bolt-base,simple_return,history,2026-06-25,-9.92061187945481e-05
chronos,bolt,amazon/chronos-bolt-base,simple_return,history,2026-06-26,-0.00047165741757115853
chronos,bolt,amazon/chronos-bolt-base,simple_return,history,2026-06-29,0.011750057250389023
chronos,bolt,amazon/chronos-bolt-base,simple_return,history,2026-06-30,0.007920198981480553
chronos,bolt,amazon/chronos-bolt-base,simple_return,history,2026-07-01,-0.0021508346187620875
chronos,bolt,amazon/chronos-bolt-base,simple_return,history,2026-07-02,1.3702513856905796e-06
chronos,bolt,amazon/chronos-bolt-base,simple_return,history,2026-07-06,0.00724150765029874
chronos,bolt,amazon/chronos-bolt-base,simple_return,history,2026-07-07,-0.0044551096782159405
chronos,bolt,amazon/chronos-bolt-base,simple_return,history,2026-07-08,-0.002817238676629863
chronos,bolt,amazon/chronos-bolt-base,simple_return,history,2026-07-09,0.008142795337428232
chronos,bolt,amazon/chronos-bolt-base,simple_return,actual,2026-07-10,0.004208843399813977
chronos,bolt,amazon/chronos-bolt-base,simple_return,actual,2026-07-13,-0.007927023147980106
chronos,bolt,amazon/chronos-bolt-base,simple_return,actual,2026-07-14,0.0037589783811964317
chronos,bolt,amazon/chronos-bolt-base,simple_return,actual,2026-07-15,0.003819144358387927
chronos,bolt,amazon/chronos-bolt-base,simple_return,actual,2026-07-16,-0.005101405539945647
chronos,bolt,amazon/chronos-bolt-base,simple_return,actual,2026-07-17,-0.010098540030789804
chronos,bolt,amazon/chronos-bolt-base,simple_return,actual,2026-07-20,-0.0019322546744660052
chronos,bolt,amazon/chronos-bolt-base,simple_return,actual,2026-07-21,0.008856366018608064
chronos,bolt,amazon/chronos-bolt-base,simple_return,actual,2026-07-22,-0.0013636917526039793
chronos,bolt,amazon/chronos-bolt-base,simple_return,actual,2026-07-23,-0.012089697334330851
chronos,bolt,amazon/chronos-bolt-base,simple_return,actual,2026-07-24,0.0004967638835191579
chronos,bolt,amazon/chronos-bolt-base,simple_return,actual,2026-07-27,0.0001619264104413265
chronos,bolt,amazon/chronos-bolt-base,simple_return,actual,2026-07-28,0.002104307328987254
chronos,bolt,amazon/chronos-bolt-base,simple_return,actual,2026-07-29,-0.015161289750108109
chronos,bolt,amazon/chronos-bolt-base,simple_return,actual,2026-07-30,0.016604359135647728
chronos,bolt,amazon/chronos-bolt-base,simple_return,actual,2026-07-31,0.00700361981598796
chronos,bolt,amazon/chronos-bolt-base,simple_return,actual,2026-08-03,0.01479091100582064
chronos,bolt,amazon/chronos-bolt-base,simple_return,actual,2026-08-04,0.01789619360979544
chronos,bolt,amazon/chronos-bolt-base,simple_return,actual,2026-08-05,-0.0016764921193257454
chronos,bolt,amazon/chronos-bolt-base,simple_return,actual,2026-08-06,-0.0017595333873230423
chronos,bolt,amazon/chronos-bolt-base,simple_return,actual,2026-08-07,0.006184231308959065
chronos,bolt,amazon/chronos-bolt-base,simple_return,naive,2026-07-10,0.008142795337428232
chronos,bolt,amazon/chronos-bolt-base,simple_return,naive,2026-07-13,0.008142795337428232
chronos,bolt,amazon/chronos-bolt-base,simple_return,naive,2026-07-14,0.008142795337428232
chronos,bolt,amazon/chronos-bolt-base,simple_return,naive,2026-07-15,0.008142795337428232
chronos,bolt,amazon/chronos-bolt-base,simple_return,naive,2026-07-16,0.008142795337428232
chronos,bolt,amazon/chronos-bolt-base,simple_return,naive,2026-07-17,0.008142795337428232
chronos,bolt,amazon/chronos-bolt-base,simple_return,naive,2026-07-20,0.008142795337428232
chronos,bolt,amazon/chronos-bolt-base,simple_return,naive,2026-07-21,0.008142795337428232
chronos,bolt,amazon/chronos-bolt-base,simple_return,naive,2026-07-22,0.008142795337428232
chronos,bolt,amazon/chronos-bolt-base,simple_return,naive,2026-07-23,0.008142795337428232
chronos,bolt,amazon/chronos-bolt-base,simple_return,naive,2026-07-24,0.008142795337428232
chronos,bolt,amazon/chronos-bolt-base,simple_return,naive,2026-07-27,0.008142795337428232
chronos,bolt,amazon/chronos-bolt-base,simple_return,naive,2026-07-28,0.008142795337428232
chronos,bolt,amazon/chronos-bolt-base,simple_return,naive,2026-07-29,0.008142795337428232
chronos,bolt,amazon/chronos-bolt-base,simple_return,naive,2026-07-30,0.008142795337428232
chronos,bolt,amazon/chronos-bolt-base,simple_return,naive,2026-07-31,0.008142795337428232
chronos,bolt,amazon/chronos-bolt-base,simple_return,naive,2026-08-03,0.008142795337428232
chronos,bolt,amazon/chronos-bolt-base,simple_return,naive,2026-08-04,0.008142795337428232
chronos,bolt,amazon/chronos-bolt-base,simple_return,naive,2026-08-05,0.008142795337428232
chronos,bolt,amazon/chronos-bolt-base,simple_return,naive,2026-08-06,0.008142795337428232
chronos,bolt,amazon/chronos-bolt-base,simple_return,naive,2026-08-07,0.008142795337428232
chronos,bolt,amazon/chronos-bolt-base,simple_return,forecast,2026-07-10,0.001434326171875
chronos,bolt,amazon/chronos-bolt-base,simple_return,forecast,2026-07-13,0.00115966796875
chronos,bolt,amazon/chronos-bolt-base,simple_return,forecast,2026-07-14,0.001129150390625
chronos,bolt,amazon/chronos-bolt-base,simple_return,forecast,2026-07-15,0.0011444091796875
chronos,bolt,amazon/chronos-bolt-base,simple_return,forecast,2026-07-16,0.0012359619140625
chronos,bolt,amazon/chronos-bolt-base,simple_return,forecast,2026-07-17,0.0012969970703125
chronos,bolt,amazon/chronos-bolt-base,simple_return,forecast,2026-07-20,0.00139617919921875
chronos,bolt,amazon/chronos-bolt-base,simple_return,forecast,2026-07-21,0.001556396484375
chronos,bolt,amazon/chronos-bolt-base,simple_return,forecast,2026-07-22,0.00152587890625
chronos,bolt,amazon/chronos-bolt-base,simple_return,forecast,2026-07-23,0.0015106201171875
chronos,bolt,amazon/chronos-bolt-base,simple_return,forecast,2026-07-24,0.00153350830078125
chronos,bolt,amazon/chronos-bolt-base,simple_return,forecast,2026-07-27,0.00153350830078125
chronos,bolt,amazon/chronos-bolt-base,simple_return,forecast,2026-07-28,0.0013885498046875
chronos,bolt,amazon/chronos-bolt-base,simple_return,forecast,2026-07-29,0.00145721435546875
chronos,bolt,amazon/chronos-bolt-base,simple_return,forecast,2026-07-30,0.001434326171875
chronos,bolt,amazon/chronos-bolt-base,simple_return,forecast,2026-07-31,0.00147247314453125
chronos,bolt,amazon/chronos-bolt-base,simple_return,forecast,2026-08-03,0.00150299072265625
chronos,bolt,amazon/chronos-bolt-base,simple_return,forecast,2026-08-04,0.0013885498046875
chronos,bolt,amazon/chronos-bolt-base,simple_return,forecast,2026-08-05,0.0012359619140625
chronos,bolt,amazon/chronos-bolt-base,simple_return,forecast,2026-08-06,0.00116729736328125
chronos,bolt,amazon/chronos-bolt-base,simple_return,forecast,2026-08-07,0.00107574462890625
chronos,bolt,amazon/chronos-bolt-base,log_return,history,2024-06-24,-0.0030698791558664423
chronos,bolt,amazon/chronos-bolt-base,log_return,history,2024-06-25,0.003925873679181344
chronos,bolt,amazon/chronos-bolt-base,log_return,history,2024-06-26,0.0015711962247204525
chronos,bolt,amazon/chronos-bolt-base,log_return,history,2024-06-27,0.0009069098567990731
chronos,bolt,amazon/chronos-bolt-base,log_return,history,2024-06-28,-0.0040920134623695995
chronos,bolt,amazon/chronos-bolt-base,log_return,history,2024-07-01,0.0026719909814295235
chronos,bolt,amazon/chronos-bolt-base,log_return,history,2024-07-02,0.0061762057711850496
chronos,bolt,amazon/chronos-bolt-base,log_return,history,2024-07-03,0.0050715622695336636
chronos,bolt,amazon/chronos-bolt-base,log_return,history,2024-07-05,0.00543397436096954
chronos,bolt,amazon/chronos-bolt-base,log_return,history,2024-07-08,0.0010161824764044329
chronos,bolt,amazon/chronos-bolt-base,log_return,history,2024-07-09,0.0007407974780654752
chronos,bolt,amazon/chronos-bolt-base,log_return,history,2024-07-10,0.010156314878105886
chronos,bolt,amazon/chronos-bolt-base,log_return,history,2024-07-11,-0.008801649969266724
chronos,bolt,amazon/chronos-bolt-base,log_return,history,2024-07-12,0.00550186402496512
chronos,bolt,amazon/chronos-bolt-base,log_return,history,2024-07-15,0.0028222164233526843
chronos,bolt,amazon/chronos-bolt-base,log_return,history,2024-07-16,0.0063690499714532745
chronos,bolt,amazon/chronos-bolt-base,log_return,history,2024-07-17,-0.014025441523645543
chronos,bolt,amazon/chronos-bolt-base,log_return,history,2024-07-18,-0.007847112145350072
chronos,bolt,amazon/chronos-bolt-base,log_return,history,2024-07-19,-0.007165879226406084
chronos,bolt,amazon/chronos-bolt-base,log_return,history,2024-07-22,0.010734217246220293
chronos,bolt,amazon/chronos-bolt-base,log_return,history,2024-07-23,-0.0015593176939461904
chronos,bolt,amazon/chronos-bolt-base,log_return,history,2024-07-24,-0.02342124222289286
chronos,bolt,amazon/chronos-bolt-base,log_return,history,2024-07-25,-0.005155889019717259
chronos,bolt,amazon/chronos-bolt-base,log_return,history,2024-07-26,0.011029420409570924
chronos,bolt,amazon/chronos-bolt-base,log_return,history,2024-07-29,0.0008129795718284517
chronos,bolt,amazon/chronos-bolt-base,log_return,history,2024-07-30,-0.0049725143613676215
chronos,bolt,amazon/chronos-bolt-base,log_return,history,2024-07-31,0.015669980701917767
chronos,bolt,amazon/chronos-bolt-base,log_return,history,2024-08-01,-0.013788123791990166
chronos,bolt,amazon/chronos-bolt-base,log_return,history,2024-08-02,-0.01855290660855327
chronos,bolt,amazon/chronos-bolt-base,log_return,history,2024-08-05,-0.0304270413923931
chronos,bolt,amazon/chronos-bolt-base,log_return,history,2024-08-06,0.010300849493599515
chronos,bolt,amazon/chronos-bolt-base,log_return,history,2024-08-07,-0.007764715388769489
chronos,bolt,amazon/chronos-bolt-base,log_return,history,2024-08-08,0.02278113959089888
chronos,bolt,amazon/chronos-bolt-base,log_return,history,2024-08-09,0.004660798434381699
chronos,bolt,amazon/chronos-bolt-base,log_return,history,2024-08-12,4.30330517200971e-05
chronos,bolt,amazon/chronos-bolt-base,log_return,history,2024-08-13,0.016707233419049988
chronos,bolt,amazon/chronos-bolt-base,log_return,history,2024-08-14,0.00381643656119841
chronos,bolt,amazon/chronos-bolt-base,log_return,history,2024-08-15,0.01600448993130413
chronos,bolt,amazon/chronos-bolt-base,log_return,history,2024-08-16,0.0019878023683961516
chronos,bolt,amazon/chronos-bolt-base,log_return,history,2024-08-19,0.009675327436177775
chronos,bolt,amazon/chronos-bolt-base,log_return,history,2024-08-20,-0.001986527237609709
chronos,bolt,amazon/chronos-bolt-base,log_return,history,2024-08-21,0.004230714721006796
chronos,bolt,amazon/chronos-bolt-base,log_return,history,2024-08-22,-0.00897294225665722
chronos,bolt,amazon/chronos-bolt-base,log_return,history,2024-08-23,0.01141793740166443
chronos,bolt,amazon/chronos-bolt-base,log_return,history,2024-08-26,-0.003158710169605814
chronos,bolt,amazon/chronos-bolt-base,log_return,history,2024-08-27,0.0015939251127232035
chronos,bolt,amazon/chronos-bolt-base,log_return,history,2024-08-28,-0.005993900794735211
chronos,bolt,amazon/chronos-bolt-base,log_return,history,2024-08-29,-3.937984343658622e-05
chronos,bolt,amazon/chronos-bolt-base,log_return,history,2024-08-30,0.010042457079144168
chronos,bolt,amazon/chronos-bolt-base,log_return,history,2024-09-03,-0.021377963372397696
chronos,bolt,amazon/chronos-bolt-base,log_return,history,2024-09-04,-0.0016038290273809634
chronos,bolt,amazon/chronos-bolt-base,log_return,history,2024-09-05,-0.003022581014674196
chronos,bolt,amazon/chronos-bolt-base,log_return,history,2024-09-06,-0.017410944507424406
chronos,bolt,amazon/chronos-bolt-base,log_return,history,2024-09-09,0.011513534435818254
chronos,bolt,amazon/chronos-bolt-base,log_return,history,2024-09-10,0.004462699977793541
chronos,bolt,amazon/chronos-bolt-base,log_return,history,2024-09-11,0.01060855564984334
chronos,bolt,amazon/chronos-bolt-base,log_return,history,2024-09-12,0.00746735215680267
chronos,bolt,amazon/chronos-bolt-base,log_return,history,2024-09-13,0.0053931422343560355
chronos,bolt,amazon/chronos-bolt-base,log_return,history,2024-09-16,0.0012558408673102855
chronos,bolt,amazon/chronos-bolt-base,log_return,history,2024-09-17,0.00026451509389645083
chronos,bolt,amazon/chronos-bolt-base,log_return,history,2024-09-18,-0.0029006587083132912
chronos,bolt,amazon/chronos-bolt-base,log_return,history,2024-09-19,0.016834356892725128
chronos,bolt,amazon/chronos-bolt-base,log_return,history,2024-09-20,-0.0019429136300157341
chronos,bolt,amazon/chronos-bolt-base,log_return,history,2024-09-23,0.0028053344257131223
chronos,bolt,amazon/chronos-bolt-base,log_return,history,2024-09-24,0.002508031103345345
chronos,bolt,amazon/chronos-bolt-base,log_return,history,2024-09-25,-0.001862983206212128
chronos,bolt,amazon/chronos-bolt-base,log_return,history,2024-09-26,0.004030542158199222
chronos,bolt,amazon/chronos-bolt-base,log_return,history,2024-09-27,-0.0012540029000721238
chronos,bolt,amazon/chronos-bolt-base,log_return,history,2024-09-30,0.004227603658441509
chronos,bolt,amazon/chronos-bolt-base,log_return,history,2024-10-01,-0.009367848694454447
chronos,bolt,amazon/chronos-bolt-base,log_return,history,2024-10-02,0.00013838132698647728
chronos,bolt,amazon/chronos-bolt-base,log_return,history,2024-10-03,-0.0016828286544586894
chronos,bolt,amazon/chronos-bolt-base,log_return,history,2024-10-04,0.008930255699186382
chronos,bolt,amazon/chronos-bolt-base,log_return,history,2024-10-07,-0.009632263829388773
chronos,bolt,amazon/chronos-bolt-base,log_return,history,2024-10-08,0.009642706804694385
chronos,bolt,amazon/chronos-bolt-base,log_return,history,2024-10-09,0.007088231016994585
chronos,bolt,amazon/chronos-bolt-base,log_return,history,2024-10-10,-0.0020722685059824846
chronos,bolt,amazon/chronos-bolt-base,log_return,history,2024-10-11,0.00603360870729872
chronos,bolt,amazon/chronos-bolt-base,log_return,history,2024-10-14,0.007678114574594323
chronos,bolt,amazon/chronos-bolt-base,log_return,history,2024-10-15,-0.0076385660375134215
chronos,bolt,amazon/chronos-bolt-base,log_return,history,2024-10-16,0.004668232782779766
chronos,bolt,amazon/chronos-bolt-base,log_return,history,2024-10-17,-0.00017117512853816633
chronos,bolt,amazon/chronos-bolt-base,log_return,history,2024-10-18,0.003963686942774387
chronos,bolt,amazon/chronos-bolt-base,log_return,history,2024-10-21,-0.001824432756419033
chronos,bolt,amazon/chronos-bolt-base,log_return,history,2024-10-22,-0.0004749666671957937
chronos,bolt,amazon/chronos-bolt-base,log_return,history,2024-10-23,-0.009233824267679564
chronos,bolt,amazon/chronos-bolt-base,log_return,history,2024-10-24,0.0021434731305568283
chronos,bolt,amazon/chronos-bolt-base,log_return,history,2024-10-25,-0.00029949201318627087
chronos,bolt,amazon/chronos-bolt-base,log_return,history,2024-10-28,0.002647934626732945
chronos,bolt,amazon/chronos-bolt-base,log_return,history,2024-10-29,0.0016128259449012198
chronos,bolt,amazon/chronos-bolt-base,log_return,history,2024-10-30,-0.0033056916724881185
chronos,bolt,amazon/chronos-bolt-base,log_return,history,2024-10-31,-0.018790134928745348
chronos,bolt,amazon/chronos-bolt-base,log_return,history,2024-11-01,0.004084158004525459
chronos,bolt,amazon/chronos-bolt-base,log_return,history,2024-11-04,-0.0028160448131902913
chronos,bolt,amazon/chronos-bolt-base,log_return,history,2024-11-05,0.012191031029563081
chronos,bolt,amazon/chronos-bolt-base,log_return,history,2024-11-06,0.024981280957186654
chronos,bolt,amazon/chronos-bolt-base,log_return,history,2024-11-07,0.007403754173995657
chronos,bolt,amazon/chronos-bolt-base,log_return,history,2024-11-08,0.0037497940357180464
chronos,bolt,amazon/chronos-bolt-base,log_return,history,2024-11-11,0.0009685941909569238
chronos,bolt,amazon/chronos-bolt-base,log_return,history,2024-11-12,-0.0028968514769364996
chronos,bolt,amazon/chronos-bolt-base,log_return,history,2024-11-13,0.00023220076414018386
chronos,bolt,amazon/chronos-bolt-base,log_return,history,2024-11-14,-0.006068108582244
chronos,bolt,amazon/chronos-bolt-base,log_return,history,2024-11-15,-0.013291430866793769
chronos,bolt,amazon/chronos-bolt-base,log_return,history,2024-11-18,0.003910159746206537
chronos,bolt,amazon/chronos-bolt-base,log_return,history,2024-11-19,0.003955750520596487
chronos,bolt,amazon/chronos-bolt-base,log_return,history,2024-11-20,2.19506213354446e-05
chronos,bolt,amazon/chronos-bolt-base,log_return,history,2024-11-21,0.005326251844288491
chronos,bolt,amazon/chronos-bolt-base,log_return,history,2024-11-22,0.0034619595915364653
chronos,bolt,amazon/chronos-bolt-base,log_return,history,2024-11-25,0.0030159278201245415
chronos,bolt,amazon/chronos-bolt-base,log_return,history,2024-11-26,0.005705697155263866
chronos,bolt,amazon/chronos-bolt-base,log_return,history,2024-11-27,-0.003808481083577712
chronos,bolt,amazon/chronos-bolt-base,log_return,history,2024-11-29,0.005592120396801623
chronos,bolt,amazon/chronos-bolt-base,log_return,history,2024-12-02,0.0024454638805813736
chronos,bolt,amazon/chronos-bolt-base,log_return,history,2024-12-03,0.0004513472420221813
chronos,bolt,amazon/chronos-bolt-base,log_return,history,2024-12-04,0.00603318162813612
chronos,bolt,amazon/chronos-bolt-base,log_return,history,2024-12-05,-0.0018715258393823342
chronos,bolt,amazon/chronos-bolt-base,log_return,history,2024-12-06,0.0024923453675383123
chronos,bolt,amazon/chronos-bolt-base,log_return,history,2024-12-09,-0.006163167285227462
chronos,bolt,amazon/chronos-bolt-base,log_return,history,2024-12-10,-0.002968284314279252
chronos,bolt,amazon/chronos-bolt-base,log_return,history,2024-12-11,0.008132626411368235
chronos,bolt,amazon/chronos-bolt-base,log_return,history,2024-12-12,-0.005428731461463251
chronos,bolt,amazon/chronos-bolt-base,log_return,history,2024-12-13,-2.646698937187397e-05
chronos,bolt,amazon/chronos-bolt-base,log_return,history,2024-12-16,0.0037921550087844295
chronos,bolt,amazon/chronos-bolt-base,log_return,history,2024-12-17,-0.0038714794806554956
chronos,bolt,amazon/chronos-bolt-base,log_return,history,2024-12-18,-0.02993650530451818
chronos,bolt,amazon/chronos-bolt-base,log_return,history,2024-12-19,-0.0008654867505367934
chronos,bolt,amazon/chronos-bolt-base,log_return,history,2024-12-20,0.010810479402397299
chronos,bolt,amazon/chronos-bolt-base,log_return,history,2024-12-23,0.007260849585616372
chronos,bolt,amazon/chronos-bolt-base,log_return,history,2024-12-24,0.010982233165126825
chronos,bolt,amazon/chronos-bolt-base,log_return,history,2024-12-26,-0.0004057410882578191
chronos,bolt,amazon/chronos-bolt-base,log_return,history,2024-12-27,-0.01111730496491221
chronos,bolt,amazon/chronos-bolt-base,log_return,history,2024-12-30,-0.010759673941729728
chronos,bolt,amazon/chronos-bolt-base,log_return,history,2024-12-31,-0.0042940064589823065
chronos,bolt,amazon/chronos-bolt-base,log_return,history,2025-01-02,-0.002226363149448992
chronos,bolt,amazon/chronos-bolt-base,log_return,history,2025-01-03,0.01251735670782609
chronos,bolt,amazon/chronos-bolt-base,log_return,history,2025-01-06,0.005522766496818171
chronos,bolt,amazon/chronos-bolt-base,log_return,history,2025-01-07,-0.011166021516637011
chronos,bolt,amazon/chronos-bolt-base,log_return,history,2025-01-08,0.0015591440938312422
chronos,bolt,amazon/chronos-bolt-base,log_return,history,2025-01-10,-0.015531637650233373
chronos,bolt,amazon/chronos-bolt-base,log_return,history,2025-01-13,0.0015742043780551176
chronos,bolt,amazon/chronos-bolt-base,log_return,history,2025-01-14,0.001145623334164268
chronos,bolt,amazon/chronos-bolt-base,log_return,history,2025-01-15,0.018147132504516373
chronos,bolt,amazon/chronos-bolt-base,log_return,history,2025-01-16,-0.0021149243408667613
chronos,bolt,amazon/chronos-bolt-base,log_return,history,2025-01-17,0.009941478308394033
chronos,bolt,amazon/chronos-bolt-base,log_return,history,2025-01-21,0.00873000944059605
chronos,bolt,amazon/chronos-bolt-base,log_return,history,2025-01-22,0.00611918108699413
chronos,bolt,amazon/chronos-bolt-base,log_return,history,2025-01-23,0.005299419459529372
chronos,bolt,amazon/chronos-bolt-base,log_return,history,2025-01-24,-0.002859215984467759
chronos,bolt,amazon/chronos-bolt-base,log_return,history,2025-01-27,-0.014688059032112328
chronos,bolt,amazon/chronos-bolt-base,log_return,history,2025-01-28,0.009175644177716802
chronos,bolt,amazon/chronos-bolt-base,log_return,history,2025-01-29,-0.004689876056919602
chronos,bolt,amazon/chronos-bolt-base,log_return,history,2025-01-30,0.005261548152180238
chronos,bolt,amazon/chronos-bolt-base,log_return,history,2025-01-31,-0.005059603990267195
chronos,bolt,amazon/chronos-bolt-base,log_return,history,2025-02-03,-0.007637690729495203
chronos,bolt,amazon/chronos-bolt-base,log_return,history,2025-02-04,0.007198907403029114
chronos,bolt,amazon/chronos-bolt-base,log_return,history,2025-02-05,0.003901053915613614
chronos,bolt,amazon/chronos-bolt-base,log_return,history,2025-02-06,0.003637674355266266
chronos,bolt,amazon/chronos-bolt-base,log_return,history,2025-02-07,-0.0095098456936602
chronos,bolt,amazon/chronos-bolt-base,log_return,history,2025-02-10,0.006690112295455172
chronos,bolt,amazon/chronos-bolt-base,log_return,history,2025-02-11,0.00033952514367385523
chronos,bolt,amazon/chronos-bolt-base,log_return,history,2025-02-12,-0.0027275831896475754
chronos,bolt,amazon/chronos-bolt-base,log_return,history,2025-02-13,0.010372313214235747
chronos,bolt,amazon/chronos-bolt-base,log_return,history,2025-02-14,-7.19463955744955e-05
chronos,bolt,amazon/chronos-bolt-base,log_return,history,2025-02-18,0.002442003655551809
chronos,bolt,amazon/chronos-bolt-base,log_return,history,2025-02-19,0.0023741488668242434
chronos,bolt,amazon/chronos-bolt-base,log_return,history,2025-02-20,-0.004343604884290259
chronos,bolt,amazon/chronos-bolt-base,log_return,history,2025-02-21,-0.017211396672539132
chronos,bolt,amazon/chronos-bolt-base,log_return,history,2025-02-24,-0.004981493566252351
chronos,bolt,amazon/chronos-bolt-base,log_return,history,2025-02-25,-0.004690715138395557
chronos,bolt,amazon/chronos-bolt-base,log_return,history,2025-02-26,0.00013601502958346571
chronos,bolt,amazon/chronos-bolt-base,log_return,history,2025-02-27,-0.015991742678524653
chronos,bolt,amazon/chronos-bolt-base,log_return,history,2025-02-28,0.015729780420663385
chronos,bolt,amazon/chronos-bolt-base,log_return,history,2025-03-03,-0.017753402648308866
chronos,bolt,amazon/chronos-bolt-base,log_return,history,2025-03-04,-0.012310288231505477
chronos,bolt,amazon/chronos-bolt-base,log_return,history,2025-03-05,0.011097472528735688
chronos,bolt,amazon/chronos-bolt-base,log_return,history,2025-03-06,-0.017979677107455568
chronos,bolt,amazon/chronos-bolt-base,log_return,history,2025-03-07,0.005505435045454467
chronos,bolt,amazon/chronos-bolt-base,log_return,history,2025-03-10,-0.027343541788428148
chronos,bolt,amazon/chronos-bolt-base,log_return,history,2025-03-11,-0.007596646918536578
chronos,bolt,amazon/chronos-bolt-base,log_return,history,2025-03-12,0.004874967940490777
chronos,bolt,amazon/chronos-bolt-base,log_return,history,2025-03-13,-0.013988366806464148
chronos,bolt,amazon/chronos-bolt-base,log_return,history,2025-03-14,0.02104290595319694
chronos,bolt,amazon/chronos-bolt-base,log_return,history,2025-03-17,0.006395634974606036
chronos,bolt,amazon/chronos-bolt-base,log_return,history,2025-03-18,-0.010710667074319702
chronos,bolt,amazon/chronos-bolt-base,log_return,history,2025-03-19,0.010740608172953766
chronos,bolt,amazon/chronos-bolt-base,log_return,history,2025-03-20,-0.002187283513782985
chronos,bolt,amazon/chronos-bolt-base,log_return,history,2025-03-21,0.0008243136078323211
chronos,bolt,amazon/chronos-bolt-base,log_return,history,2025-03-24,0.01749211712863917
chronos,bolt,amazon/chronos-bolt-base,log_return,history,2025-03-25,0.0015730954906538206
chronos,bolt,amazon/chronos-bolt-base,log_return,history,2025-03-26,-0.011219640357598032
chronos,bolt,amazon/chronos-bolt-base,log_return,history,2025-03-27,-0.0033124610071321114
chronos,bolt,amazon/chronos-bolt-base,log_return,history,2025-03-28,-0.019934601126853548
chronos,bolt,amazon/chronos-bolt-base,log_return,history,2025-03-31,0.005523240357645722
chronos,bolt,amazon/chronos-bolt-base,log_return,history,2025-04-01,0.0037741045552120668
chronos,bolt,amazon/chronos-bolt-base,log_return,history,2025-04-02,0.006705661429484109
chronos,bolt,amazon/chronos-bolt-base,log_return,history,2025-04-03,-0.04960591182899663
chronos,bolt,amazon/chronos-bolt-base,log_return,history,2025-04-04,-0.061609061898230934
chronos,bolt,amazon/chronos-bolt-base,log_return,history,2025-04-07,-0.0023341946059635883
chronos,bolt,amazon/chronos-bolt-base,log_return,history,2025-04-08,-0.015825083277054855
chronos,bolt,amazon/chronos-bolt-base,log_return,history,2025-04-09,0.09089487983303646
chronos,bolt,amazon/chronos-bolt-base,log_return,history,2025-04-10,-0.03522060702411168
chronos,bolt,amazon/chronos-bolt-base,log_return,history,2025-04-11,0.01793038083577807
chronos,bolt,amazon/chronos-bolt-base,log_return,history,2025-04-14,0.007913319326342991
chronos,bolt,amazon/chronos-bolt-base,log_return,history,2025-04-15,-0.001729275225300909
chronos,bolt,amazon/chronos-bolt-base,log_return,history,2025-04-16,-0.022663253964902527
chronos,bolt,amazon/chronos-bolt-base,log_return,history,2025-04-17,0.0013259586237727749
chronos,bolt,amazon/chronos-bolt-base,log_return,history,2025-04-21,-0.02384964833401801
chronos,bolt,amazon/chronos-bolt-base,log_return,history,2025-04-22,0.02480695212545062
chronos,bolt,amazon/chronos-bolt-base,log_return,history,2025-04-23,0.016523864366879457
chronos,bolt,amazon/chronos-bolt-base,log_return,history,2025-04-24,0.020056628082583162
chronos,bolt,amazon/chronos-bolt-base,log_return,history,2025-04-25,0.0073460847957005125
chronos,bolt,amazon/chronos-bolt-base,log_return,history,2025-04-28,0.0006405015390019333
chronos,bolt,amazon/chronos-bolt-base,log_return,history,2025-04-29,0.005785641545556399
chronos,bolt,amazon/chronos-bolt-base,log_return,history,2025-04-30,0.0014788972519335208
chronos,bolt,amazon/chronos-bolt-base,log_return,history,2025-05-01,0.006279345716451974
chronos,bolt,amazon/chronos-bolt-base,log_return,history,2025-05-02,0.014619191109112719
chronos,bolt,amazon/chronos-bolt-base,log_return,history,2025-05-05,-0.006402047029318447
chronos,bolt,amazon/chronos-bolt-base,log_return,history,2025-05-06,-0.007722985278391797
chronos,bolt,amazon/chronos-bolt-base,log_return,history,2025-05-07,0.004336938106710132
chronos,bolt,amazon/chronos-bolt-base,log_return,history,2025-05-08,0.005783021147465641
chronos,bolt,amazon/chronos-bolt-base,log_return,history,2025-05-09,-0.0007117341348763632
chronos,bolt,amazon/chronos-bolt-base,log_return,history,2025-05-12,0.03203997667702081
chronos,bolt,amazon/chronos-bolt-base,log_return,history,2025-05-13,0.007222059020245977
chronos,bolt,amazon/chronos-bolt-base,log_return,history,2025-05-14,0.001023891242276054
chronos,bolt,amazon/chronos-bolt-base,log_return,history,2025-05-15,0.004123817438757677
chronos,bolt,amazon/chronos-bolt-base,log_return,history,2025-05-16,0.006980849368100189
chronos,bolt,amazon/chronos-bolt-base,log_return,history,2025-05-19,0.0008757295660482738
chronos,bolt,amazon/chronos-bolt-base,log_return,history,2025-05-20,-0.0038877770695725784
chronos,bolt,amazon/chronos-bolt-base,log_return,history,2025-05-21,-0.016266719267758897
chronos,bolt,amazon/chronos-bolt-base,log_return,history,2025-05-22,-0.0004449700224211693
chronos,bolt,amazon/chronos-bolt-base,log_return,history,2025-05-23,-0.006730899591473139
chronos,bolt,amazon/chronos-bolt-base,log_return,history,2025-05-27,0.02025258080218437
chronos,bolt,amazon/chronos-bolt-base,log_return,history,2025-05-28,-0.005586802576444734
chronos,bolt,amazon/chronos-bolt-base,log_return,history,2025-05-29,0.0040031708706317415
chronos,bolt,amazon/chronos-bolt-base,log_return,history,2025-05-30,-8.118845699520562e-05
chronos,bolt,amazon/chronos-bolt-base,log_return,history,2025-06-02,0.004093651490626028
chronos,bolt,amazon/chronos-bolt-base,log_return,history,2025-06-03,0.005783533535368979
chronos,bolt,amazon/chronos-bolt-base,log_return,history,2025-06-04,7.368474471916267e-05
chronos,bolt,amazon/chronos-bolt-base,log_return,history,2025-06-05,-0.005291357978698112
chronos,bolt,amazon/chronos-bolt-base,log_return,history,2025-06-06,0.010228196215376713
chronos,bolt,amazon/chronos-bolt-base,log_return,history,2025-06-09,0.0009195251863913659
chronos,bolt,amazon/chronos-bolt-base,log_return,history,2025-06-10,0.005468012541646841
chronos,bolt,amazon/chronos-bolt-base,log_return,history,2025-06-11,-0.002747660318287345
chronos,bolt,amazon/chronos-bolt-base,log_return,history,2025-06-12,0.0038151330716763875
chronos,bolt,amazon/chronos-bolt-base,log_return,history,2025-06-13,-0.01136066859010289
chronos,bolt,amazon/chronos-bolt-base,log_return,history,2025-06-16,0.0093488231481891
chronos,bolt,amazon/chronos-bolt-base,log_return,history,2025-06-17,-0.008387259723643134
chronos,bolt,amazon/chronos-bolt-base,log_return,history,2025-06-18,-0.00030928803472058796
chronos,bolt,amazon/chronos-bolt-base,log_return,history,2025-06-20,-0.002181035215587759
chronos,bolt,amazon/chronos-bolt-base,log_return,history,2025-06-23,0.009560655071259439
chronos,bolt,amazon/chronos-bolt-base,log_return,history,2025-06-24,0.011060328616958607
chronos,bolt,amazon/chronos-bolt-base,log_return,history,2025-06-25,-3.286108349665331e-06
chronos,bolt,amazon/chronos-bolt-base,log_return,history,2025-06-26,0.007988131032516797
chronos,bolt,amazon/chronos-bolt-base,log_return,history,2025-06-27,0.005205399256150098
chronos,bolt,amazon/chronos-bolt-base,log_return,history,2025-06-30,0.005151137506128882
chronos,bolt,amazon/chronos-bolt-base,log_return,history,2025-07-01,-0.0011191571098791433
chronos,bolt,amazon/chronos-bolt-base,log_return,history,2025-07-02,0.0047338743064907745
chronos,bolt,amazon/chronos-bolt-base,log_return,history,2025-07-03,0.00830437821066394
chronos,bolt,amazon/chronos-bolt-base,log_return,history,2025-07-07,-0.007893368104244017
chronos,bolt,amazon/chronos-bolt-base,log_return,history,2025-07-08,-0.0007161432504695748
chronos,bolt,amazon/chronos-bolt-base,log_return,history,2025-07-09,0.00604380277677969
chronos,bolt,amazon/chronos-bolt-base,log_return,history,2025-07-10,0.0027424410729257912
chronos,bolt,amazon/chronos-bolt-base,log_return,history,2025-07-11,-0.0033029717732258423
chronos,bolt,amazon/chronos-bolt-base,log_return,history,2025-07-14,0.0014064243309367943
chronos,bolt,amazon/chronos-bolt-base,log_return,history,2025-07-15,-0.003964145065672561
chronos,bolt,amazon/chronos-bolt-base,log_return,history,2025-07-16,0.0031885685253844154
chronos,bolt,amazon/chronos-bolt-base,log_return,history,2025-07-17,0.005359380240011013
chronos,bolt,amazon/chronos-bolt-base,log_return,history,2025-07-18,-9.049030280841674e-05
chronos,bolt,amazon/chronos-bolt-base,log_return,history,2025-07-21,0.001398157005673256
chronos,bolt,amazon/chronos-bolt-base,log_return,history,2025-07-22,0.0006373284966667569
chronos,bolt,amazon/chronos-bolt-base,log_return,history,2025-07-23,0.007781532145702873
chronos,bolt,amazon/chronos-bolt-base,log_return,history,2025-07-24,0.0006979799969332514
chronos,bolt,amazon/chronos-bolt-base,log_return,history,2025-07-25,0.003966451001680552
chronos,bolt,amazon/chronos-bolt-base,log_return,history,2025-07-28,0.00017684247126657597
chronos,bolt,amazon/chronos-bolt-base,log_return,history,2025-07-29,-0.002963830197466829
chronos,bolt,amazon/chronos-bolt-base,log_return,history,2025-07-30,-0.0012502139385094711
chronos,bolt,amazon/chronos-bolt-base,log_return,history,2025-07-31,-0.003701662046374567
chronos,bolt,amazon/chronos-bolt-base,log_return,history,2025-08-01,-0.0161213871855698
chronos,bolt,amazon/chronos-bolt-base,log_return,history,2025-08-04,0.014629564491414495
chronos,bolt,amazon/chronos-bolt-base,log_return,history,2025-08-05,-0.004869703780462017
chronos,bolt,amazon/chronos-bolt-base,log_return,history,2025-08-06,0.007255522219852605
chronos,bolt,amazon/chronos-bolt-base,log_return,history,2025-08-07,-0.0007977981718278668
chronos,bolt,amazon/chronos-bolt-base,log_return,history,2025-08-08,0.0077694548163894745
chronos,bolt,amazon/chronos-bolt-base,log_return,history,2025-08-11,-0.002507268393885107
chronos,bolt,amazon/chronos-bolt-base,log_return,history,2025-08-12,0.011281559075170764
chronos,bolt,amazon/chronos-bolt-base,log_return,history,2025-08-13,0.0032248733840464015
chronos,bolt,amazon/chronos-bolt-base,log_return,history,2025-08-14,0.00030304487855445177
chronos,bolt,amazon/chronos-bolt-base,log_return,history,2025-08-15,-0.0029013399163647113
chronos,bolt,amazon/chronos-bolt-base,log_return,history,2025-08-18,-0.00010076825773579619
chronos,bolt,amazon/chronos-bolt-base,log_return,history,2025-08-19,-0.005875329112207127
chronos,bolt,amazon/chronos-bolt-base,log_return,history,2025-08-20,-0.002434630632264957
chronos,bolt,amazon/chronos-bolt-base,log_return,history,2025-08-21,-0.004012219728951123
chronos,bolt,amazon/chronos-bolt-base,log_return,history,2025-08-22,0.015072285158779139
chronos,bolt,amazon/chronos-bolt-base,log_return,history,2025-08-25,-0.004275512539646319
chronos,bolt,amazon/chronos-bolt-base,log_return,history,2025-08-26,0.00412547371011636
chronos,bolt,amazon/chronos-bolt-base,log_return,history,2025-08-27,0.0023881304533030262
chronos,bolt,amazon/chronos-bolt-base,log_return,history,2025-08-28,0.003151747441466755
chronos,bolt,amazon/chronos-bolt-base,log_return,history,2025-08-29,-0.006418740402792551
chronos,bolt,amazon/chronos-bolt-base,log_return,history,2025-09-02,-0.006946350061030363
chronos,bolt,amazon/chronos-bolt-base,log_return,history,2025-09-03,0.005087112302941308
chronos,bolt,amazon/chronos-bolt-base,log_return,history,2025-09-04,0.008311847102873573
chronos,bolt,amazon/chronos-bolt-base,log_return,history,2025-09-05,-0.00317017266993674
chronos,bolt,amazon/chronos-bolt-base,log_return,history,2025-09-08,0.0021037644508885675
chronos,bolt,amazon/chronos-bolt-base,log_return,history,2025-09-09,0.0026845470300734414
chronos,bolt,amazon/chronos-bolt-base,log_return,history,2025-09-10,0.0029790282293981275
chronos,bolt,amazon/chronos-bolt-base,log_return,history,2025-09-11,0.008450087623093565
chronos,bolt,amazon/chronos-bolt-base,log_return,history,2025-09-12,-0.00048287788142832935
chronos,bolt,amazon/chronos-bolt-base,log_return,history,2025-09-15,0.004695577726559718
chronos,bolt,amazon/chronos-bolt-base,log_return,history,2025-09-16,-0.0012887604333313247
chronos,bolt,amazon/chronos-bolt-base,log_return,history,2025-09-17,-0.0009706390782443865
chronos,bolt,amazon/chronos-bolt-base,log_return,history,2025-09-18,0.004777687836708263
chronos,bolt,amazon/chronos-bolt-base,log_return,history,2025-09-19,0.004873523937481177
chronos,bolt,amazon/chronos-bolt-base,log_return,history,2025-09-22,0.004400350714762291
chronos,bolt,amazon/chronos-bolt-base,log_return,history,2025-09-23,-0.005517351828739721
chronos,bolt,amazon/chronos-bolt-base,log_return,history,2025-09-24,-0.0028506771652953692
chronos,bolt,amazon/chronos-bolt-base,log_return,history,2025-09-25,-0.005021648742526333
chronos,bolt,amazon/chronos-bolt-base,log_return,history,2025-09-26,0.005884489130413512
chronos,bolt,amazon/chronos-bolt-base,log_return,history,2025-09-29,0.002632077259912619
chronos,bolt,amazon/chronos-bolt-base,log_return,history,2025-09-30,0.00408250361350792
chronos,bolt,amazon/chronos-bolt-base,log_return,history,2025-10-01,0.0033941541712235066
chronos,bolt,amazon/chronos-bolt-base,log_return,history,2025-10-02,0.0006181636213842448
chronos,bolt,amazon/chronos-bolt-base,log_return,history,2025-10-03,6.55106568658717e-05
chronos,bolt,amazon/chronos-bolt-base,log_return,history,2025-10-06,0.003639959282762629
chronos,bolt,amazon/chronos-bolt-base,log_return,history,2025-10-07,-0.003818687706853079
chronos,bolt,amazon/chronos-bolt-base,log_return,history,2025-10-08,0.005810748494187323
chronos,bolt,amazon/chronos-bolt-base,log_return,history,2025-10-09,-0.0027593739802789824
chronos,bolt,amazon/chronos-bolt-base,log_return,history,2025-10-10,-0.027485975439899807
chronos,bolt,amazon/chronos-bolt-base,log_return,history,2025-10-13,0.015478263036934031
chronos,bolt,amazon/chronos-bolt-base,log_return,history,2025-10-14,-0.00156555149694257
chronos,bolt,amazon/chronos-bolt-base,log_return,history,2025-10-15,0.004017918503427979
chronos,bolt,amazon/chronos-bolt-base,log_return,history,2025-10-16,-0.006314280275141975
chronos,bolt,amazon/chronos-bolt-base,log_return,history,2025-10-17,0.0052568739445263
chronos,bolt,amazon/chronos-bolt-base,log_return,history,2025-10-20,0.010615724136144117
chronos,bolt,amazon/chronos-bolt-base,log_return,history,2025-10-21,3.269591641698797e-05
chronos,bolt,amazon/chronos-bolt-base,log_return,history,2025-10-22,-0.005351834774743029
chronos,bolt,amazon/chronos-bolt-base,log_return,history,2025-10-23,0.0058104798620133855
chronos,bolt,amazon/chronos-bolt-base,log_return,history,2025-10-24,0.007871361975244857
chronos,bolt,amazon/chronos-bolt-base,log_return,history,2025-10-27,0.012215141327379352
chronos,bolt,amazon/chronos-bolt-base,log_return,history,2025-10-28,0.0022853305022299255
chronos,bolt,amazon/chronos-bolt-base,log_return,history,2025-10-29,-4.3579204733175357e-05
chronos,bolt,amazon/chronos-bolt-base,log_return,history,2025-10-30,-0.009954191424534511
chronos,bolt,amazon/chronos-bolt-base,log_return,history,2025-10-31,0.0026145009178832708
chronos,bolt,amazon/chronos-bolt-base,log_return,history,2025-11-03,0.0017192339969181521
chronos,bolt,amazon/chronos-bolt-base,log_return,history,2025-11-04,-0.011806250392326717
chronos,bolt,amazon/chronos-bolt-base,log_return,history,2025-11-05,0.0036468976756877185
chronos,bolt,amazon/chronos-bolt-base,log_return,history,2025-11-06,-0.011241134514722728
chronos,bolt,amazon/chronos-bolt-base,log_return,history,2025-11-07,0.0012610463474931072
chronos,bolt,amazon/chronos-bolt-base,log_return,history,2025-11-10,0.015283626703501814
chronos,bolt,amazon/chronos-bolt-base,log_return,history,2025-11-11,0.0020731999523923177
chronos,bolt,amazon/chronos-bolt-base,log_return,history,2025-11-12,0.0006293191259445972
chronos,bolt,amazon/chronos-bolt-base,log_return,history,2025-11-13,-0.01669545163092778
chronos,bolt,amazon/chronos-bolt-base,log_return,history,2025-11-14,-0.0005018514712717733
chronos,bolt,amazon/chronos-bolt-base,log_return,history,2025-11-17,-0.009204497894305158
chronos,bolt,amazon/chronos-bolt-base,log_return,history,2025-11-18,-0.008290709844169318
chronos,bolt,amazon/chronos-bolt-base,log_return,history,2025-11-19,0.00374680773726533
chronos,bolt,amazon/chronos-bolt-base,log_return,history,2025-11-20,-0.01568972611631523
chronos,bolt,amazon/chronos-bolt-base,log_return,history,2025-11-21,0.009775103041592069
chronos,bolt,amazon/chronos-bolt-base,log_return,history,2025-11-24,0.015348818899081837
chronos,bolt,amazon/chronos-bolt-base,log_return,history,2025-11-25,0.009020886000832944
chronos,bolt,amazon/chronos-bolt-base,log_return,history,2025-11-26,0.006882969436149685
chronos,bolt,amazon/chronos-bolt-base,log_return,history,2025-11-28,0.005340487341137372
chronos,bolt,amazon/chronos-bolt-base,log_return,history,2025-12-01,-0.005337548746055966
chronos,bolt,amazon/chronos-bolt-base,log_return,history,2025-12-02,0.002454221195936617
chronos,bolt,amazon/chronos-bolt-base,log_return,history,2025-12-03,0.0029753605210852863
chronos,bolt,amazon/chronos-bolt-base,log_return,history,2025-12-04,0.001079738711974404
chronos,bolt,amazon/chronos-bolt-base,log_return,history,2025-12-05,0.0019347688846794776
chronos,bolt,amazon/chronos-bolt-base,log_return,history,2025-12-08,-0.0034833153316476935
chronos,bolt,amazon/chronos-bolt-base,log_return,history,2025-12-09,-0.0008767431610132386
chronos,bolt,amazon/chronos-bolt-base,log_return,history,2025-12-10,0.006726880659139976
chronos,bolt,amazon/chronos-bolt-base,log_return,history,2025-12-11,0.00207719198371703
chronos,bolt,amazon/chronos-bolt-base,log_return,history,2025-12-12,-0.010720913458554537
chronos,bolt,amazon/chronos-bolt-base,log_return,history,2025-12-15,-0.0015978388918367072
chronos,bolt,amazon/chronos-bolt-base,log_return,history,2025-12-16,-0.00238676400843967
chronos,bolt,amazon/chronos-bolt-base,log_return,history,2025-12-17,-0.01165985661137129
chronos,bolt,amazon/chronos-bolt-base,log_return,history,2025-12-18,0.007902951520479156
chronos,bolt,amazon/chronos-bolt-base,log_return,history,2025-12-19,0.008779407421828872
chronos,bolt,amazon/chronos-bolt-base,log_return,history,2025-12-22,0.006415870575561936
chronos,bolt,amazon/chronos-bolt-base,log_return,history,2025-12-23,0.004540067046788208
chronos,bolt,amazon/chronos-bolt-base,log_return,history,2025-12-24,0.0032163043447007086
chronos,bolt,amazon/chronos-bolt-base,log_return,history,2025-12-26,-0.00030440987710828846
chronos,bolt,amazon/chronos-bolt-base,log_return,history,2025-12-29,-0.0034981629239373116
chronos,bolt,amazon/chronos-bolt-base,log_return,history,2025-12-30,-0.0013766142506534472
chronos,bolt,amazon/chronos-bolt-base,log_return,history,2025-12-31,-0.007384867434248815
chronos,bolt,amazon/chronos-bolt-base,log_return,history,2026-01-02,0.0018929140261155547
chronos,bolt,amazon/chronos-bolt-base,log_return,history,2026-01-05,0.006334024511051582
chronos,bolt,amazon/chronos-bolt-base,log_return,history,2026-01-06,0.0061775920038938375
chronos,bolt,amazon/chronos-bolt-base,log_return,history,2026-01-07,-0.0034458535710101927
chronos,bolt,amazon/chronos-bolt-base,log_return,history,2026-01-08,7.654532942294603e-05
chronos,bolt,amazon/chronos-bolt-base,log_return,history,2026-01-09,0.006454611138321038
chronos,bolt,amazon/chronos-bolt-base,log_return,history,2026-01-12,0.0015763900591805138
chronos,bolt,amazon/chronos-bolt-base,log_return,history,2026-01-13,-0.0019410055882070072
chronos,bolt,amazon/chronos-bolt-base,log_return,history,2026-01-14,-0.005347633584135448
chronos,bolt,amazon/chronos-bolt-base,log_return,history,2026-01-15,0.002576603920444464
chronos,bolt,amazon/chronos-bolt-base,log_return,history,2026-01-16,-0.0006425086684515026
chronos,bolt,amazon/chronos-bolt-base,log_return,history,2026-01-20,-0.020842460953261224
chronos,bolt,amazon/chronos-bolt-base,log_return,history,2026-01-21,0.01152111763356032
chronos,bolt,amazon/chronos-bolt-base,log_return,history,2026-01-22,0.0054725007079021405
chronos,bolt,amazon/chronos-bolt-base,log_return,history,2026-01-23,0.0003268164274822459
chronos,bolt,amazon/chronos-bolt-base,log_return,history,2026-01-26,0.00499359426016032
chronos,bolt,amazon/chronos-bolt-base,log_return,history,2026-01-27,0.004073587840441241
chronos,bolt,amazon/chronos-bolt-base,log_return,history,2026-01-28,-8.172639170147053e-05
chronos,bolt,amazon/chronos-bolt-base,log_return,history,2026-01-29,-0.0012934674424623016
chronos,bolt,amazon/chronos-bolt-base,log_return,history,2026-01-30,-0.0043111794144580756
chronos,bolt,amazon/chronos-bolt-base,log_return,history,2026-02-02,0.005376785277364613
chronos,bolt,amazon/chronos-bolt-base,log_return,history,2026-02-03,-0.008439495590663714
chronos,bolt,amazon/chronos-bolt-base,log_return,history,2026-02-04,-0.005085300155013826
chronos,bolt,amazon/chronos-bolt-base,log_return,history,2026-02-05,-0.012326677853832891
chronos,bolt,amazon/chronos-bolt-base,log_return,history,2026-02-06,0.019504344282200718
chronos,bolt,amazon/chronos-bolt-base,log_return,history,2026-02-09,0.004680117860123293
chronos,bolt,amazon/chronos-bolt-base,log_return,history,2026-02-10,-0.0033091822845107053
chronos,bolt,amazon/chronos-bolt-base,log_return,history,2026-02-11,-4.89572699497733e-05
chronos,bolt,amazon/chronos-bolt-base,log_return,history,2026-02-12,-0.01578494138611745
chronos,bolt,amazon/chronos-bolt-base,log_return,history,2026-02-13,0.0004989646444475858
chronos,bolt,amazon/chronos-bolt-base,log_return,history,2026-02-17,0.0010307906306565179
chronos,bolt,amazon/chronos-bolt-base,log_return,history,2026-02-18,0.005550636821134019
chronos,bolt,amazon/chronos-bolt-base,log_return,history,2026-02-19,-0.0028261153915347848
chronos,bolt,amazon/chronos-bolt-base,log_return,history,2026-02-20,0.006915755702175204
chronos,bolt,amazon/chronos-bolt-base,log_return,history,2026-02-23,-0.01043995947145646
chronos,bolt,amazon/chronos-bolt-base,log_return,history,2026-02-24,0.007622488962383376
chronos,bolt,amazon/chronos-bolt-base,log_return,history,2026-02-25,0.0081034339701294
chronos,bolt,amazon/chronos-bolt-base,log_return,history,2026-02-26,-0.005380026995566101
chronos,bolt,amazon/chronos-bolt-base,log_return,history,2026-02-27,-0.004348795128037643
chronos,bolt,amazon/chronos-bolt-base,log_return,history,2026-03-02,0.0003982754131349892
chronos,bolt,amazon/chronos-bolt-base,log_return,history,2026-03-03,-0.009488908731312503
chronos,bolt,amazon/chronos-bolt-base,log_return,history,2026-03-04,0.00772612574014956
chronos,bolt,amazon/chronos-bolt-base,log_return,history,2026-03-05,-0.005662707772703004
chronos,bolt,amazon/chronos-bolt-base,log_return,history,2026-03-06,-0.013365720432496335
chronos,bolt,amazon/chronos-bolt-base,log_return,history,2026-03-09,0.008269871665388671
chronos,bolt,amazon/chronos-bolt-base,log_return,history,2026-03-10,-0.002137402505887721
chronos,bolt,amazon/chronos-bolt-base,log_return,history,2026-03-11,-0.0008379521856348736
chronos,bolt,amazon/chronos-bolt-base,log_return,history,2026-03-12,-0.015344808189494536
chronos,bolt,amazon/chronos-bolt-base,log_return,history,2026-03-13,-0.006077546398501344
chronos,bolt,amazon/chronos-bolt-base,log_return,history,2026-03-16,0.010079909746818997
chronos,bolt,amazon/chronos-bolt-base,log_return,history,2026-03-17,0.002491149384952951
chronos,bolt,amazon/chronos-bolt-base,log_return,history,2026-03-18,-0.013700999383730839
chronos,bolt,amazon/chronos-bolt-base,log_return,history,2026-03-19,-0.002752582623899739
chronos,bolt,amazon/chronos-bolt-base,log_return,history,2026-03-20,-0.015253934307770226
chronos,bolt,amazon/chronos-bolt-base,log_return,history,2026-03-23,0.0113881090950741
chronos,bolt,amazon/chronos-bolt-base,log_return,history,2026-03-24,-0.0037495954593205535
chronos,bolt,amazon/chronos-bolt-base,log_return,history,2026-03-25,0.0054044937599492145
chronos,bolt,amazon/chronos-bolt-base,log_return,history,2026-03-26,-0.017559440961209507
chronos,bolt,amazon/chronos-bolt-base,log_return,history,2026-03-27,-0.01686323194605131
chronos,bolt,amazon/chronos-bolt-base,log_return,history,2026-03-30,-0.003953553833355896
chronos,bolt,amazon/chronos-bolt-base,log_return,history,2026-03-31,0.028714893309798716
chronos,bolt,amazon/chronos-bolt-base,log_return,history,2026-04-01,0.0071429450037592815
chronos,bolt,amazon/chronos-bolt-base,log_return,history,2026-04-02,0.0011202481362370179
chronos,bolt,amazon/chronos-bolt-base,log_return,history,2026-04-06,0.004417013131605809
chronos,bolt,amazon/chronos-bolt-base,log_return,history,2026-04-07,0.0007589600331270599
chronos,bolt,amazon/chronos-bolt-base,log_return,history,2026-04-08,0.024772038357183543
chronos,bolt,amazon/chronos-bolt-base,log_return,history,2026-04-09,0.006151066869514015
chronos,bolt,amazon/chronos-bolt-base,log_return,history,2026-04-10,-0.0011391696991393636
chronos,bolt,amazon/chronos-bolt-base,log_return,history,2026-04-13,0.010121875493741075
chronos,bolt,amazon/chronos-bolt-base,log_return,history,2026-04-14,0.011713988916143619
chronos,bolt,amazon/chronos-bolt-base,log_return,history,2026-04-15,0.00794414491156507
chronos,bolt,amazon/chronos-bolt-base,log_return,history,2026-04-16,0.002606555815286028
chronos,bolt,amazon/chronos-bolt-base,log_return,history,2026-04-17,0.011968553928737802
chronos,bolt,amazon/chronos-bolt-base,log_return,history,2026-04-20,-0.0023771959102520377
chronos,bolt,amazon/chronos-bolt-base,log_return,history,2026-04-21,-0.0063684535808531395
chronos,bolt,amazon/chronos-bolt-base,log_return,history,2026-04-22,0.010405756011537825
chronos,bolt,amazon/chronos-bolt-base,log_return,history,2026-04-23,-0.004141432170939999
chronos,bolt,amazon/chronos-bolt-base,log_return,history,2026-04-24,0.007942067917632457
chronos,bolt,amazon/chronos-bolt-base,log_return,history,2026-04-27,0.0012316180005498539
chronos,bolt,amazon/chronos-bolt-base,log_return,history,2026-04-28,-0.0049061878687959495
chronos,bolt,amazon/chronos-bolt-base,log_return,history,2026-04-29,-0.00039925174351248426
chronos,bolt,amazon/chronos-bolt-base,log_return,history,2026-04-30,0.010186184168105012
chronos,bolt,amazon/chronos-bolt-base,log_return,history,2026-05-01,0.0029240496865214705
chronos,bolt,amazon/chronos-bolt-base,log_return,history,2026-05-04,-0.004070462487840939
chronos,bolt,amazon/chronos-bolt-base,log_return,history,2026-05-05,0.008087227380575185
chronos,bolt,amazon/chronos-bolt-base,log_return,history,2026-05-06,0.014482944327746902
chronos,bolt,amazon/chronos-bolt-base,log_return,history,2026-05-07,-0.0038103454826786936
chronos,bolt,amazon/chronos-bolt-base,log_return,history,2026-05-08,0.008390405429031966
chronos,bolt,amazon/chronos-bolt-base,log_return,history,2026-05-11,0.0018781917406753333
chronos,bolt,amazon/chronos-bolt-base,log_return,history,2026-05-12,-0.0016038944114079717
chronos,bolt,amazon/chronos-bolt-base,log_return,history,2026-05-13,0.005832206062995343
chronos,bolt,amazon/chronos-bolt-base,log_return,history,2026-05-14,0.007626449143738461
chronos,bolt,amazon/chronos-bolt-base,log_return,history,2026-05-15,-0.012440381787730354
chronos,bolt,amazon/chronos-bolt-base,log_return,history,2026-05-18,-0.0007359385925655567
chronos,bolt,amazon/chronos-bolt-base,log_return,history,2026-05-19,-0.006700720556670582
chronos,bolt,amazon/chronos-bolt-base,log_return,history,2026-05-20,0.010734208066325955
chronos,bolt,amazon/chronos-bolt-base,log_return,history,2026-05-21,0.0017138609316666425
chronos,bolt,amazon/chronos-bolt-base,log_return,history,2026-05-22,0.003720045284340991
chronos,bolt,amazon/chronos-bolt-base,log_return,history,2026-05-26,0.006089680623147164
chronos,bolt,amazon/chronos-bolt-base,log_return,history,2026-05-27,0.00016486555361860245
chronos,bolt,amazon/chronos-bolt-base,log_return,history,2026-05-28,0.0057372272122164095
chronos,bolt,amazon/chronos-bolt-base,log_return,history,2026-05-29,0.0021699047314878454
chronos,bolt,amazon/chronos-bolt-base,log_return,history,2026-06-01,0.0026218560604907887
chronos,bolt,amazon/chronos-bolt-base,log_return,history,2026-06-02,0.0012912549125880068
chronos,bolt,amazon/chronos-bolt-base,log_return,history,2026-06-03,-0.007399348892067432
chronos,bolt,amazon/chronos-bolt-base,log_return,history,2026-06-04,0.0040467623691873905
chronos,bolt,amazon/chronos-bolt-base,log_return,history,2026-06-05,-0.026801330315360895
chronos,bolt,amazon/chronos-bolt-base,log_return,history,2026-06-08,0.0029737052076611974
chronos,bolt,amazon/chronos-bolt-base,log_return,history,2026-06-09,-0.0025797185926219454
chronos,bolt,amazon/chronos-bolt-base,log_return,history,2026-06-10,-0.016332095868206012
chronos,bolt,amazon/chronos-bolt-base,log_return,history,2026-06-11,0.01736719891346488
chronos,bolt,amazon/chronos-bolt-base,log_return,history,2026-06-12,0.005012928127161434
chronos,bolt,amazon/chronos-bolt-base,log_return,history,2026-06-15,0.01639328413858115
chronos,bolt,amazon/chronos-bolt-base,log_return,history,2026-06-16,-0.005700396039273383
chronos,bolt,amazon/chronos-bolt-base,log_return,history,2026-06-17,-0.012222675603360275
chronos,bolt,amazon/chronos-bolt-base,log_return,history,2026-06-18,0.010787813962926182
chronos,bolt,amazon/chronos-bolt-base,log_return,history,2026-06-22,-0.003711932684976348
chronos,bolt,amazon/chronos-bolt-base,log_return,history,2026-06-23,-0.014466928386098657
chronos,bolt,amazon/chronos-bolt-base,log_return,history,2026-06-24,-0.000983415367731934
chronos,bolt,amazon/chronos-bolt-base,log_return,history,2026-06-25,-9.921104004703284e-05
chronos,bolt,amazon/chronos-bolt-base,log_return,history,2026-06-26,-0.0004717686829183932
chronos,bolt,amazon/chronos-bolt-base,log_return,history,2026-06-29,0.01168156135934559
chronos,bolt,amazon/chronos-bolt-base,log_return,history,2026-06-30,0.007888998838148293
chronos,bolt,amazon/chronos-bolt-base,log_return,history,2026-07-01,-0.0021531509855513085
chronos,bolt,amazon/chronos-bolt-base,log_return,history,2026-07-02,1.370250446897007e-06
chronos,bolt,amazon/chronos-bolt-base,log_return,history,2026-07-06,0.0072154138304445295
chronos,bolt,amazon/chronos-bolt-base,log_return,history,2026-07-07,-0.004465063253185491
chronos,bolt,amazon/chronos-bolt-base,log_return,history,2026-07-08,-0.0028212145626126694
chronos,bolt,amazon/chronos-bolt-base,log_return,history,2026-07-09,0.008109821657156896
chronos,bolt,amazon/chronos-bolt-base,log_return,actual,2026-07-10,0.004200010992571727
chronos,bolt,amazon/chronos-bolt-base,log_return,actual,2026-07-13,-0.007958609028043705
chronos,bolt,amazon/chronos-bolt-base,log_return,actual,2026-07-14,0.003751931076883282
chronos,bolt,amazon/chronos-bolt-base,log_return,actual,2026-07-15,0.003811869942054222
chronos,bolt,amazon/chronos-bolt-base,log_return,actual,2026-07-16,-0.005114462132765812
chronos,bolt,amazon/chronos-bolt-base,log_return,actual,2026-07-17,-0.010149876192112738
chronos,bolt,amazon/chronos-bolt-base,log_return,actual,2026-07-20,-0.0019341238867804414
chronos,bolt,amazon/chronos-bolt-base,log_return,actual,2026-07-21,0.008817378432212827
chronos,bolt,amazon/chronos-bolt-base,log_return,actual,2026-07-22,-0.0013646224263997142
chronos,bolt,amazon/chronos-bolt-base,log_return,actual,2026-07-23,-0.012163372131276511
chronos,bolt,amazon/chronos-bolt-base,log_return,actual,2026-07-24,0.0004966405371888175
chronos,bolt,amazon/chronos-bolt-base,log_return,actual,2026-07-27,0.00016191330177520104
chronos,bolt,amazon/chronos-bolt-base,log_return,actual,2026-07-28,0.0021020963754603476
chronos,bolt,amazon/chronos-bolt-base,log_return,actual,2026-07-29,-0.015277397157074194
chronos,bolt,amazon/chronos-bolt-base,log_return,actual,2026-07-30,0.016468013977056842
chronos,bolt,amazon/chronos-bolt-base,log_return,actual,2026-07-31,0.006979208383378553
chronos,bolt,amazon/chronos-bolt-base,log_return,actual,2026-08-03,0.014682592263996739
chronos,bolt,amazon/chronos-bolt-base,log_return,actual,2026-08-04,0.01773794201518698
chronos,bolt,amazon/chronos-bolt-base,log_return,actual,2026-08-05,-0.0016778990048803989
chronos,bolt,amazon/chronos-bolt-base,log_return,actual,2026-08-06,-0.0017610831844068816
chronos,bolt,amazon/chronos-bolt-base,log_return,actual,2026-08-07,0.006165187424711444
chronos,bolt,amazon/chronos-bolt-base,log_return,naive,2026-07-10,0.008109821657156896
chronos,bolt,amazon/chronos-bolt-base,log_return,naive,2026-07-13,0.008109821657156896
chronos,bolt,amazon/chronos-bolt-base,log_return,naive,2026-07-14,0.008109821657156896
chronos,bolt,amazon/chronos-bolt-base,log_return,naive,2026-07-15,0.008109821657156896
chronos,bolt,amazon/chronos-bolt-base,log_return,naive,2026-07-16,0.008109821657156896
chronos,bolt,amazon/chronos-bolt-base,log_return,naive,2026-07-17,0.008109821657156896
chronos,bolt,amazon/chronos-bolt-base,log_return,naive,2026-07-20,0.008109821657156896
chronos,bolt,amazon/chronos-bolt-base,log_return,naive,2026-07-21,0.008109821657156896
chronos,bolt,amazon/chronos-bolt-base,log_return,naive,2026-07-22,0.008109821657156896
chronos,bolt,amazon/chronos-bolt-base,log_return,naive,2026-07-23,0.008109821657156896
chronos,bolt,amazon/chronos-bolt-base,log_return,naive,2026-07-24,0.008109821657156896
chronos,bolt,amazon/chronos-bolt-base,log_return,naive,2026-07-27,0.008109821657156896
chronos,bolt,amazon/chronos-bolt-base,log_return,naive,2026-07-28,0.008109821657156896
chronos,bolt,amazon/chronos-bolt-base,log_return,naive,2026-07-29,0.008109821657156896
chronos,bolt,amazon/chronos-bolt-base,log_return,naive,2026-07-30,0.008109821657156896
chronos,bolt,amazon/chronos-bolt-base,log_return,naive,2026-07-31,0.008109821657156896
chronos,bolt,amazon/chronos-bolt-base,log_return,naive,2026-08-03,0.008109821657156896
chronos,bolt,amazon/chronos-bolt-base,log_return,naive,2026-08-04,0.008109821657156896
chronos,bolt,amazon/chronos-bolt-base,log_return,naive,2026-08-05,0.008109821657156896
chronos,bolt,amazon/chronos-bolt-base,log_return,naive,2026-08-06,0.008109821657156896
chronos,bolt,amazon/chronos-bolt-base,log_return,naive,2026-08-07,0.008109821657156896
chronos,bolt,amazon/chronos-bolt-base,log_return,forecast,2026-07-10,0.00141143798828125
chronos,bolt,amazon/chronos-bolt-base,log_return,forecast,2026-07-13,0.0011444091796875
chronos,bolt,amazon/chronos-bolt-base,log_return,forecast,2026-07-14,0.00112152099609375
chronos,bolt,amazon/chronos-bolt-base,log_return,forecast,2026-07-15,0.0011444091796875
chronos,bolt,amazon/chronos-bolt-base,log_return,forecast,2026-07-16,0.00122833251953125
chronos,bolt,amazon/chronos-bolt-base,log_return,forecast,2026-07-17,0.00128936767578125
chronos,bolt,amazon/chronos-bolt-base,log_return,forecast,2026-07-20,0.00139617919921875
chronos,bolt,amazon/chronos-bolt-base,log_return,forecast,2026-07-21,0.0015716552734375
chronos,bolt,amazon/chronos-bolt-base,log_return,forecast,2026-07-22,0.00152587890625
chronos,bolt,amazon/chronos-bolt-base,log_return,forecast,2026-07-23,0.0015106201171875
chronos,bolt,amazon/chronos-bolt-base,log_return,forecast,2026-07-24,0.00152587890625
chronos,bolt,amazon/chronos-bolt-base,log_return,forecast,2026-07-27,0.00151824951171875
chronos,bolt,amazon/chronos-bolt-base,log_return,forecast,2026-07-28,0.0013885498046875
chronos,bolt,amazon/chronos-bolt-base,log_return,forecast,2026-07-29,0.0014495849609375
chronos,bolt,amazon/chronos-bolt-base,log_return,forecast,2026-07-30,0.0014190673828125
chronos,bolt,amazon/chronos-bolt-base,log_return,forecast,2026-07-31,0.00146484375
chronos,bolt,amazon/chronos-bolt-base,log_return,forecast,2026-08-03,0.001495361328125
chronos,bolt,amazon/chronos-bolt-base,log_return,forecast,2026-08-04,0.00136566162109375
chronos,bolt,amazon/chronos-bolt-base,log_return,forecast,2026-08-05,0.0012054443359375
chronos,bolt,amazon/chronos-bolt-base,log_return,forecast,2026-08-06,0.00113677978515625
chronos,bolt,amazon/chronos-bolt-base,log_return,forecast,2026-08-07,0.00104522705078125
chronos,2,amazon/chronos-2,price,history,2024-06-24,5447.8701171875
chronos,2,amazon/chronos-2,price,history,2024-06-25,5469.2998046875
chronos,2,amazon/chronos-2,price,history,2024-06-26,5477.89990234375
chronos,2,amazon/chronos-2,price,history,2024-06-27,5482.8701171875
chronos,2,amazon/chronos-2,price,history,2024-06-28,5460.47998046875
chronos,2,amazon/chronos-2,price,history,2024-07-01,5475.08984375
chronos,2,amazon/chronos-2,price,history,2024-07-02,5509.009765625
chronos,2,amazon/chronos-2,price,history,2024-07-03,5537.02001953125
chronos,2,amazon/chronos-2,price,history,2024-07-05,5567.18994140625
chronos,2,amazon/chronos-2,price,history,2024-07-08,5572.85009765625
chronos,2,amazon/chronos-2,price,history,2024-07-09,5576.97998046875
chronos,2,amazon/chronos-2,price,history,2024-07-10,5633.91015625
chronos,2,amazon/chronos-2,price,history,2024-07-11,5584.5400390625
chronos,2,amazon/chronos-2,price,history,2024-07-12,5615.35009765625
chronos,2,amazon/chronos-2,price,history,2024-07-15,5631.22021484375
chronos,2,amazon/chronos-2,price,history,2024-07-16,5667.2001953125
chronos,2,amazon/chronos-2,price,history,2024-07-17,5588.27001953125
chronos,2,amazon/chronos-2,price,history,2024-07-18,5544.58984375
chronos,2,amazon/chronos-2,price,history,2024-07-19,5505.0
chronos,2,amazon/chronos-2,price,history,2024-07-22,5564.41015625
chronos,2,amazon/chronos-2,price,history,2024-07-23,5555.740234375
chronos,2,amazon/chronos-2,price,history,2024-07-24,5427.1298828125
chronos,2,amazon/chronos-2,price,history,2024-07-25,5399.22021484375
chronos,2,amazon/chronos-2,price,history,2024-07-26,5459.10009765625
chronos,2,amazon/chronos-2,price,history,2024-07-29,5463.5400390625
chronos,2,amazon/chronos-2,price,history,2024-07-30,5436.43994140625
chronos,2,amazon/chronos-2,price,history,2024-07-31,5522.2998046875
chronos,2,amazon/chronos-2,price,history,2024-08-01,5446.68017578125
chronos,2,amazon/chronos-2,price,history,2024-08-02,5346.56005859375
chronos,2,amazon/chronos-2,price,history,2024-08-05,5186.330078125
chronos,2,amazon/chronos-2,price,history,2024-08-06,5240.02978515625
chronos,2,amazon/chronos-2,price,history,2024-08-07,5199.5
chronos,2,amazon/chronos-2,price,history,2024-08-08,5319.31005859375
chronos,2,amazon/chronos-2,price,history,2024-08-09,5344.16015625
chronos,2,amazon/chronos-2,price,history,2024-08-12,5344.39013671875
chronos,2,amazon/chronos-2,price,history,2024-08-13,5434.43017578125
chronos,2,amazon/chronos-2,price,history,2024-08-14,5455.2099609375
chronos,2,amazon/chronos-2,price,history,2024-08-15,5543.22021484375
chronos,2,amazon/chronos-2,price,history,2024-08-16,5554.25
chronos,2,amazon/chronos-2,price,history,2024-08-19,5608.25
chronos,2,amazon/chronos-2,price,history,2024-08-20,5597.1201171875
chronos,2,amazon/chronos-2,price,history,2024-08-21,5620.85009765625
chronos,2,amazon/chronos-2,price,history,2024-08-22,5570.64013671875
chronos,2,amazon/chronos-2,price,history,2024-08-23,5634.60986328125
chronos,2,amazon/chronos-2,price,history,2024-08-26,5616.83984375
chronos,2,amazon/chronos-2,price,history,2024-08-27,5625.7998046875
chronos,2,amazon/chronos-2,price,history,2024-08-28,5592.18017578125
chronos,2,amazon/chronos-2,price,history,2024-08-29,5591.9599609375
chronos,2,amazon/chronos-2,price,history,2024-08-30,5648.39990234375
chronos,2,amazon/chronos-2,price,history,2024-09-03,5528.93017578125
chronos,2,amazon/chronos-2,price,history,2024-09-04,5520.06982421875
chronos,2,amazon/chronos-2,price,history,2024-09-05,5503.41015625
chronos,2,amazon/chronos-2,price,history,2024-09-06,5408.419921875
chronos,2,amazon/chronos-2,price,history,2024-09-09,5471.0498046875
chronos,2,amazon/chronos-2,price,history,2024-09-10,5495.52001953125
chronos,2,amazon/chronos-2,price,history,2024-09-11,5554.1298828125
chronos,2,amazon/chronos-2,price,history,2024-09-12,5595.759765625
chronos,2,amazon/chronos-2,price,history,2024-09-13,5626.02001953125
chronos,2,amazon/chronos-2,price,history,2024-09-16,5633.08984375
chronos,2,amazon/chronos-2,price,history,2024-09-17,5634.580078125
chronos,2,amazon/chronos-2,price,history,2024-09-18,5618.259765625
chronos,2,amazon/chronos-2,price,history,2024-09-19,5713.64013671875
chronos,2,amazon/chronos-2,price,history,2024-09-20,5702.5498046875
chronos,2,amazon/chronos-2,price,history,2024-09-23,5718.56982421875
chronos,2,amazon/chronos-2,price,history,2024-09-24,5732.93017578125
chronos,2,amazon/chronos-2,price,history,2024-09-25,5722.259765625
chronos,2,amazon/chronos-2,price,history,2024-09-26,5745.3701171875
chronos,2,amazon/chronos-2,price,history,2024-09-27,5738.169921875
chronos,2,amazon/chronos-2,price,history,2024-09-30,5762.47998046875
chronos,2,amazon/chronos-2,price,history,2024-10-01,5708.75
chronos,2,amazon/chronos-2,price,history,2024-10-02,5709.5400390625
chronos,2,amazon/chronos-2,price,history,2024-10-03,5699.93994140625
chronos,2,amazon/chronos-2,price,history,2024-10-04,5751.06982421875
chronos,2,amazon/chronos-2,price,history,2024-10-07,5695.93994140625
chronos,2,amazon/chronos-2,price,history,2024-10-08,5751.1298828125
chronos,2,amazon/chronos-2,price,history,2024-10-09,5792.0400390625
chronos,2,amazon/chronos-2,price,history,2024-10-10,5780.0498046875
chronos,2,amazon/chronos-2,price,history,2024-10-11,5815.02978515625
chronos,2,amazon/chronos-2,price,history,2024-10-14,5859.85009765625
chronos,2,amazon/chronos-2,price,history,2024-10-15,5815.259765625
chronos,2,amazon/chronos-2,price,history,2024-10-16,5842.47021484375
chronos,2,amazon/chronos-2,price,history,2024-10-17,5841.47021484375
chronos,2,amazon/chronos-2,price,history,2024-10-18,5864.669921875
chronos,2,amazon/chronos-2,price,history,2024-10-21,5853.97998046875
chronos,2,amazon/chronos-2,price,history,2024-10-22,5851.2001953125
chronos,2,amazon/chronos-2,price,history,2024-10-23,5797.419921875
chronos,2,amazon/chronos-2,price,history,2024-10-24,5809.85986328125
chronos,2,amazon/chronos-2,price,history,2024-10-25,5808.1201171875
chronos,2,amazon/chronos-2,price,history,2024-10-28,5823.52001953125
chronos,2,amazon/chronos-2,price,history,2024-10-29,5832.919921875
chronos,2,amazon/chronos-2,price,history,2024-10-30,5813.669921875
chronos,2,amazon/chronos-2,price,history,2024-10-31,5705.4501953125
chronos,2,amazon/chronos-2,price,history,2024-11-01,5728.7998046875
chronos,2,amazon/chronos-2,price,history,2024-11-04,5712.68994140625
chronos,2,amazon/chronos-2,price,history,2024-11-05,5782.759765625
chronos,2,amazon/chronos-2,price,history,2024-11-06,5929.0400390625
chronos,2,amazon/chronos-2,price,history,2024-11-07,5973.10009765625
chronos,2,amazon/chronos-2,price,history,2024-11-08,5995.5400390625
chronos,2,amazon/chronos-2,price,history,2024-11-11,6001.35009765625
chronos,2,amazon/chronos-2,price,history,2024-11-12,5983.990234375
chronos,2,amazon/chronos-2,price,history,2024-11-13,5985.3798828125
chronos,2,amazon/chronos-2,price,history,2024-11-14,5949.169921875
chronos,2,amazon/chronos-2,price,history,2024-11-15,5870.6201171875
chronos,2,amazon/chronos-2,price,history,2024-11-18,5893.6201171875
chronos,2,amazon/chronos-2,price,history,2024-11-19,5916.97998046875
chronos,2,amazon/chronos-2,price,history,2024-11-20,5917.10986328125
chronos,2,amazon/chronos-2,price,history,2024-11-21,5948.7099609375
chronos,2,amazon/chronos-2,price,history,2024-11-22,5969.33984375
chronos,2,amazon/chronos-2,price,history,2024-11-25,5987.3701171875
chronos,2,amazon/chronos-2,price,history,2024-11-26,6021.6298828125
chronos,2,amazon/chronos-2,price,history,2024-11-27,5998.740234375
chronos,2,amazon/chronos-2,price,history,2024-11-29,6032.3798828125
chronos,2,amazon/chronos-2,price,history,2024-12-02,6047.14990234375
chronos,2,amazon/chronos-2,price,history,2024-12-03,6049.8798828125
chronos,2,amazon/chronos-2,price,history,2024-12-04,6086.490234375
chronos,2,amazon/chronos-2,price,history,2024-12-05,6075.10986328125
chronos,2,amazon/chronos-2,price,history,2024-12-06,6090.27001953125
chronos,2,amazon/chronos-2,price,history,2024-12-09,6052.85009765625
chronos,2,amazon/chronos-2,price,history,2024-12-10,6034.91015625
chronos,2,amazon/chronos-2,price,history,2024-12-11,6084.18994140625
chronos,2,amazon/chronos-2,price,history,2024-12-12,6051.25
chronos,2,amazon/chronos-2,price,history,2024-12-13,6051.08984375
chronos,2,amazon/chronos-2,price,history,2024-12-16,6074.080078125
chronos,2,amazon/chronos-2,price,history,2024-12-17,6050.60986328125
chronos,2,amazon/chronos-2,price,history,2024-12-18,5872.16015625
chronos,2,amazon/chronos-2,price,history,2024-12-19,5867.080078125
chronos,2,amazon/chronos-2,price,history,2024-12-20,5930.85009765625
chronos,2,amazon/chronos-2,price,history,2024-12-23,5974.06982421875
chronos,2,amazon/chronos-2,price,history,2024-12-24,6040.0400390625
chronos,2,amazon/chronos-2,price,history,2024-12-26,6037.58984375
chronos,2,amazon/chronos-2,price,history,2024-12-27,5970.83984375
chronos,2,amazon/chronos-2,price,history,2024-12-30,5906.93994140625
chronos,2,amazon/chronos-2,price,history,2024-12-31,5881.6298828125
chronos,2,amazon/chronos-2,price,history,2025-01-02,5868.5498046875
chronos,2,amazon/chronos-2,price,history,2025-01-03,5942.47021484375
chronos,2,amazon/chronos-2,price,history,2025-01-06,5975.3798828125
chronos,2,amazon/chronos-2,price,history,2025-01-07,5909.02978515625
chronos,2,amazon/chronos-2,price,history,2025-01-08,5918.25
chronos,2,amazon/chronos-2,price,history,2025-01-10,5827.0400390625
chronos,2,amazon/chronos-2,price,history,2025-01-13,5836.22021484375
chronos,2,amazon/chronos-2,price,history,2025-01-14,5842.91015625
chronos,2,amazon/chronos-2,price,history,2025-01-15,5949.91015625
chronos,2,amazon/chronos-2,price,history,2025-01-16,5937.33984375
chronos,2,amazon/chronos-2,price,history,2025-01-17,5996.66015625
chronos,2,amazon/chronos-2,price,history,2025-01-21,6049.240234375
chronos,2,amazon/chronos-2,price,history,2025-01-22,6086.3701171875
chronos,2,amazon/chronos-2,price,history,2025-01-23,6118.7099609375
chronos,2,amazon/chronos-2,price,history,2025-01-24,6101.240234375
chronos,2,amazon/chronos-2,price,history,2025-01-27,6012.27978515625
chronos,2,amazon/chronos-2,price,history,2025-01-28,6067.7001953125
chronos,2,amazon/chronos-2,price,history,2025-01-29,6039.31005859375
chronos,2,amazon/chronos-2,price,history,2025-01-30,6071.169921875
chronos,2,amazon/chronos-2,price,history,2025-01-31,6040.52978515625
chronos,2,amazon/chronos-2,price,history,2025-02-03,5994.56982421875
chronos,2,amazon/chronos-2,price,history,2025-02-04,6037.8798828125
chronos,2,amazon/chronos-2,price,history,2025-02-05,6061.47998046875
chronos,2,amazon/chronos-2,price,history,2025-02-06,6083.56982421875
chronos,2,amazon/chronos-2,price,history,2025-02-07,6025.990234375
chronos,2,amazon/chronos-2,price,history,2025-02-10,6066.43994140625
chronos,2,amazon/chronos-2,price,history,2025-02-11,6068.5
chronos,2,amazon/chronos-2,price,history,2025-02-12,6051.97021484375
chronos,2,amazon/chronos-2,price,history,2025-02-13,6115.06982421875
chronos,2,amazon/chronos-2,price,history,2025-02-14,6114.6298828125
chronos,2,amazon/chronos-2,price,history,2025-02-18,6129.580078125
chronos,2,amazon/chronos-2,price,history,2025-02-19,6144.14990234375
chronos,2,amazon/chronos-2,price,history,2025-02-20,6117.52001953125
chronos,2,amazon/chronos-2,price,history,2025-02-21,6013.1298828125
chronos,2,amazon/chronos-2,price,history,2025-02-24,5983.25
chronos,2,amazon/chronos-2,price,history,2025-02-25,5955.25
chronos,2,amazon/chronos-2,price,history,2025-02-26,5956.06005859375
chronos,2,amazon/chronos-2,price,history,2025-02-27,5861.56982421875
chronos,2,amazon/chronos-2,price,history,2025-02-28,5954.5
chronos,2,amazon/chronos-2,price,history,2025-03-03,5849.72021484375
chronos,2,amazon/chronos-2,price,history,2025-03-04,5778.14990234375
chronos,2,amazon/chronos-2,price,history,2025-03-05,5842.6298828125
chronos,2,amazon/chronos-2,price,history,2025-03-06,5738.52001953125
chronos,2,amazon/chronos-2,price,history,2025-03-07,5770.2001953125
chronos,2,amazon/chronos-2,price,history,2025-03-10,5614.56005859375
chronos,2,amazon/chronos-2,price,history,2025-03-11,5572.06982421875
chronos,2,amazon/chronos-2,price,history,2025-03-12,5599.2998046875
chronos,2,amazon/chronos-2,price,history,2025-03-13,5521.52001953125
chronos,2,amazon/chronos-2,price,history,2025-03-14,5638.93994140625
chronos,2,amazon/chronos-2,price,history,2025-03-17,5675.1201171875
chronos,2,amazon/chronos-2,price,history,2025-03-18,5614.66015625
chronos,2,amazon/chronos-2,price,history,2025-03-19,5675.2900390625
chronos,2,amazon/chronos-2,price,history,2025-03-20,5662.89013671875
chronos,2,amazon/chronos-2,price,history,2025-03-21,5667.56005859375
chronos,2,amazon/chronos-2,price,history,2025-03-24,5767.56982421875
chronos,2,amazon/chronos-2,price,history,2025-03-25,5776.64990234375
chronos,2,amazon/chronos-2,price,history,2025-03-26,5712.2001953125
chronos,2,amazon/chronos-2,price,history,2025-03-27,5693.31005859375
chronos,2,amazon/chronos-2,price,history,2025-03-28,5580.93994140625
chronos,2,amazon/chronos-2,price,history,2025-03-31,5611.85009765625
chronos,2,amazon/chronos-2,price,history,2025-04-01,5633.06982421875
chronos,2,amazon/chronos-2,price,history,2025-04-02,5670.97021484375
chronos,2,amazon/chronos-2,price,history,2025-04-03,5396.52001953125
chronos,2,amazon/chronos-2,price,history,2025-04-04,5074.080078125
chronos,2,amazon/chronos-2,price,history,2025-04-07,5062.25
chronos,2,amazon/chronos-2,price,history,2025-04-08,4982.77001953125
chronos,2,amazon/chronos-2,price,history,2025-04-09,5456.89990234375
chronos,2,amazon/chronos-2,price,history,2025-04-10,5268.0498046875
chronos,2,amazon/chronos-2,price,history,2025-04-11,5363.35986328125
chronos,2,amazon/chronos-2,price,history,2025-04-14,5405.97021484375
chronos,2,amazon/chronos-2,price,history,2025-04-15,5396.6298828125
chronos,2,amazon/chronos-2,price,history,2025-04-16,5275.7001953125
chronos,2,amazon/chronos-2,price,history,2025-04-17,5282.7001953125
chronos,2,amazon/chronos-2,price,history,2025-04-21,5158.2001953125
chronos,2,amazon/chronos-2,price,history,2025-04-22,5287.759765625
chronos,2,amazon/chronos-2,price,history,2025-04-23,5375.85986328125
chronos,2,amazon/chronos-2,price,history,2025-04-24,5484.77001953125
chronos,2,amazon/chronos-2,price,history,2025-04-25,5525.2099609375
chronos,2,amazon/chronos-2,price,history,2025-04-28,5528.75
chronos,2,amazon/chronos-2,price,history,2025-04-29,5560.830078125
chronos,2,amazon/chronos-2,price,history,2025-04-30,5569.06005859375
chronos,2,amazon/chronos-2,price,history,2025-05-01,5604.14013671875
chronos,2,amazon/chronos-2,price,history,2025-05-02,5686.669921875
chronos,2,amazon/chronos-2,price,history,2025-05-05,5650.3798828125
chronos,2,amazon/chronos-2,price,history,2025-05-06,5606.91015625
chronos,2,amazon/chronos-2,price,history,2025-05-07,5631.27978515625
chronos,2,amazon/chronos-2,price,history,2025-05-08,5663.93994140625
chronos,2,amazon/chronos-2,price,history,2025-05-09,5659.91015625
chronos,2,amazon/chronos-2,price,history,2025-05-12,5844.18994140625
chronos,2,amazon/chronos-2,price,history,2025-05-13,5886.5498046875
chronos,2,amazon/chronos-2,price,history,2025-05-14,5892.580078125
chronos,2,amazon/chronos-2,price,history,2025-05-15,5916.93017578125
chronos,2,amazon/chronos-2,price,history,2025-05-16,5958.3798828125
chronos,2,amazon/chronos-2,price,history,2025-05-19,5963.60009765625
chronos,2,amazon/chronos-2,price,history,2025-05-20,5940.4599609375
chronos,2,amazon/chronos-2,price,history,2025-05-21,5844.60986328125
chronos,2,amazon/chronos-2,price,history,2025-05-22,5842.009765625
chronos,2,amazon/chronos-2,price,history,2025-05-23,5802.81982421875
chronos,2,amazon/chronos-2,price,history,2025-05-27,5921.5400390625
chronos,2,amazon/chronos-2,price,history,2025-05-28,5888.5498046875
chronos,2,amazon/chronos-2,price,history,2025-05-29,5912.169921875
chronos,2,amazon/chronos-2,price,history,2025-05-30,5911.68994140625
chronos,2,amazon/chronos-2,price,history,2025-06-02,5935.93994140625
chronos,2,amazon/chronos-2,price,history,2025-06-03,5970.3701171875
chronos,2,amazon/chronos-2,price,history,2025-06-04,5970.81005859375
chronos,2,amazon/chronos-2,price,history,2025-06-05,5939.2998046875
chronos,2,amazon/chronos-2,price,history,2025-06-06,6000.35986328125
chronos,2,amazon/chronos-2,price,history,2025-06-09,6005.8798828125
chronos,2,amazon/chronos-2,price,history,2025-06-10,6038.81005859375
chronos,2,amazon/chronos-2,price,history,2025-06-11,6022.240234375
chronos,2,amazon/chronos-2,price,history,2025-06-12,6045.259765625
chronos,2,amazon/chronos-2,price,history,2025-06-13,5976.97021484375
chronos,2,amazon/chronos-2,price,history,2025-06-16,6033.10986328125
chronos,2,amazon/chronos-2,price,history,2025-06-17,5982.72021484375
chronos,2,amazon/chronos-2,price,history,2025-06-18,5980.8701171875
chronos,2,amazon/chronos-2,price,history,2025-06-20,5967.83984375
chronos,2,amazon/chronos-2,price,history,2025-06-23,6025.169921875
chronos,2,amazon/chronos-2,price,history,2025-06-24,6092.18017578125
chronos,2,amazon/chronos-2,price,history,2025-06-25,6092.16015625
chronos,2,amazon/chronos-2,price,history,2025-06-26,6141.02001953125
chronos,2,amazon/chronos-2,price,history,2025-06-27,6173.06982421875
chronos,2,amazon/chronos-2,price,history,2025-06-30,6204.9501953125
chronos,2,amazon/chronos-2,price,history,2025-07-01,6198.009765625
chronos,2,amazon/chronos-2,price,history,2025-07-02,6227.419921875
chronos,2,amazon/chronos-2,price,history,2025-07-03,6279.35009765625
chronos,2,amazon/chronos-2,price,history,2025-07-07,6229.97998046875
chronos,2,amazon/chronos-2,price,history,2025-07-08,6225.52001953125
chronos,2,amazon/chronos-2,price,history,2025-07-09,6263.259765625
chronos,2,amazon/chronos-2,price,history,2025-07-10,6280.4599609375
chronos,2,amazon/chronos-2,price,history,2025-07-11,6259.75
chronos,2,amazon/chronos-2,price,history,2025-07-14,6268.56005859375
chronos,2,amazon/chronos-2,price,history,2025-07-15,6243.759765625
chronos,2,amazon/chronos-2,price,history,2025-07-16,6263.7001953125
chronos,2,amazon/chronos-2,price,history,2025-07-17,6297.35986328125
chronos,2,amazon/chronos-2,price,history,2025-07-18,6296.7900390625
chronos,2,amazon/chronos-2,price,history,2025-07-21,6305.60009765625
chronos,2,amazon/chronos-2,price,history,2025-07-22,6309.6201171875
chronos,2,amazon/chronos-2,price,history,2025-07-23,6358.91015625
chronos,2,amazon/chronos-2,price,history,2025-07-24,6363.35009765625
chronos,2,amazon/chronos-2,price,history,2025-07-25,6388.64013671875
chronos,2,amazon/chronos-2,price,history,2025-07-28,6389.77001953125
chronos,2,amazon/chronos-2,price,history,2025-07-29,6370.85986328125
chronos,2,amazon/chronos-2,price,history,2025-07-30,6362.89990234375
chronos,2,amazon/chronos-2,price,history,2025-07-31,6339.39013671875
chronos,2,amazon/chronos-2,price,history,2025-08-01,6238.009765625
chronos,2,amazon/chronos-2,price,history,2025-08-04,6329.93994140625
chronos,2,amazon/chronos-2,price,history,2025-08-05,6299.18994140625
chronos,2,amazon/chronos-2,price,history,2025-08-06,6345.06005859375
chronos,2,amazon/chronos-2,price,history,2025-08-07,6340.0
chronos,2,amazon/chronos-2,price,history,2025-08-08,6389.4501953125
chronos,2,amazon/chronos-2,price,history,2025-08-11,6373.4501953125
chronos,2,amazon/chronos-2,price,history,2025-08-12,6445.759765625
chronos,2,amazon/chronos-2,price,history,2025-08-13,6466.580078125
chronos,2,amazon/chronos-2,price,history,2025-08-14,6468.5400390625
chronos,2,amazon/chronos-2,price,history,2025-08-15,6449.7998046875
chronos,2,amazon/chronos-2,price,history,2025-08-18,6449.14990234375
chronos,2,amazon/chronos-2,price,history,2025-08-19,6411.3701171875
chronos,2,amazon/chronos-2,price,history,2025-08-20,6395.77978515625
chronos,2,amazon/chronos-2,price,history,2025-08-21,6370.169921875
chronos,2,amazon/chronos-2,price,history,2025-08-22,6466.91015625
chronos,2,amazon/chronos-2,price,history,2025-08-25,6439.31982421875
chronos,2,amazon/chronos-2,price,history,2025-08-26,6465.93994140625
chronos,2,amazon/chronos-2,price,history,2025-08-27,6481.39990234375
chronos,2,amazon/chronos-2,price,history,2025-08-28,6501.85986328125
chronos,2,amazon/chronos-2,price,history,2025-08-29,6460.259765625
chronos,2,amazon/chronos-2,price,history,2025-09-02,6415.5400390625
chronos,2,amazon/chronos-2,price,history,2025-09-03,6448.259765625
chronos,2,amazon/chronos-2,price,history,2025-09-04,6502.080078125
chronos,2,amazon/chronos-2,price,history,2025-09-05,6481.5
chronos,2,amazon/chronos-2,price,history,2025-09-08,6495.14990234375
chronos,2,amazon/chronos-2,price,history,2025-09-09,6512.60986328125
chronos,2,amazon/chronos-2,price,history,2025-09-10,6532.0400390625
chronos,2,amazon/chronos-2,price,history,2025-09-11,6587.47021484375
chronos,2,amazon/chronos-2,price,history,2025-09-12,6584.2900390625
chronos,2,amazon/chronos-2,price,history,2025-09-15,6615.27978515625
chronos,2,amazon/chronos-2,price,history,2025-09-16,6606.759765625
chronos,2,amazon/chronos-2,price,history,2025-09-17,6600.35009765625
chronos,2,amazon/chronos-2,price,history,2025-09-18,6631.9599609375
chronos,2,amazon/chronos-2,price,history,2025-09-19,6664.35986328125
chronos,2,amazon/chronos-2,price,history,2025-09-22,6693.75
chronos,2,amazon/chronos-2,price,history,2025-09-23,6656.919921875
chronos,2,amazon/chronos-2,price,history,2025-09-24,6637.97021484375
chronos,2,amazon/chronos-2,price,history,2025-09-25,6604.72021484375
chronos,2,amazon/chronos-2,price,history,2025-09-26,6643.7001953125
chronos,2,amazon/chronos-2,price,history,2025-09-29,6661.2099609375
chronos,2,amazon/chronos-2,price,history,2025-09-30,6688.4599609375
chronos,2,amazon/chronos-2,price,history,2025-10-01,6711.2001953125
chronos,2,amazon/chronos-2,price,history,2025-10-02,6715.35009765625
chronos,2,amazon/chronos-2,price,history,2025-10-03,6715.7900390625
chronos,2,amazon/chronos-2,price,history,2025-10-06,6740.27978515625
chronos,2,amazon/chronos-2,price,history,2025-10-07,6714.58984375
chronos,2,amazon/chronos-2,price,history,2025-10-08,6753.72021484375
chronos,2,amazon/chronos-2,price,history,2025-10-09,6735.10986328125
chronos,2,amazon/chronos-2,price,history,2025-10-10,6552.509765625
chronos,2,amazon/chronos-2,price,history,2025-10-13,6654.72021484375
chronos,2,amazon/chronos-2,price,history,2025-10-14,6644.31005859375
chronos,2,amazon/chronos-2,price,history,2025-10-15,6671.06005859375
chronos,2,amazon/chronos-2,price,history,2025-10-16,6629.06982421875
chronos,2,amazon/chronos-2,price,history,2025-10-17,6664.009765625
chronos,2,amazon/chronos-2,price,history,2025-10-20,6735.1298828125
chronos,2,amazon/chronos-2,price,history,2025-10-21,6735.35009765625
chronos,2,amazon/chronos-2,price,history,2025-10-22,6699.39990234375
chronos,2,amazon/chronos-2,price,history,2025-10-23,6738.43994140625
chronos,2,amazon/chronos-2,price,history,2025-10-24,6791.68994140625
chronos,2,amazon/chronos-2,price,history,2025-10-27,6875.16015625
chronos,2,amazon/chronos-2,price,history,2025-10-28,6890.89013671875
chronos,2,amazon/chronos-2,price,history,2025-10-29,6890.58984375
chronos,2,amazon/chronos-2,price,history,2025-10-30,6822.33984375
chronos,2,amazon/chronos-2,price,history,2025-10-31,6840.2001953125
chronos,2,amazon/chronos-2,price,history,2025-11-03,6851.97021484375
chronos,2,amazon/chronos-2,price,history,2025-11-04,6771.5498046875
chronos,2,amazon/chronos-2,price,history,2025-11-05,6796.2900390625
chronos,2,amazon/chronos-2,price,history,2025-11-06,6720.31982421875
chronos,2,amazon/chronos-2,price,history,2025-11-07,6728.7998046875
chronos,2,amazon/chronos-2,price,history,2025-11-10,6832.43017578125
chronos,2,amazon/chronos-2,price,history,2025-11-11,6846.60986328125
chronos,2,amazon/chronos-2,price,history,2025-11-12,6850.919921875
chronos,2,amazon/chronos-2,price,history,2025-11-13,6737.490234375
chronos,2,amazon/chronos-2,price,history,2025-11-14,6734.10986328125
chronos,2,amazon/chronos-2,price,history,2025-11-17,6672.41015625
chronos,2,amazon/chronos-2,price,history,2025-11-18,6617.31982421875
chronos,2,amazon/chronos-2,price,history,2025-11-19,6642.16015625
chronos,2,amazon/chronos-2,price,history,2025-11-20,6538.759765625
chronos,2,amazon/chronos-2,price,history,2025-11-21,6602.990234375
chronos,2,amazon/chronos-2,price,history,2025-11-24,6705.1201171875
chronos,2,amazon/chronos-2,price,history,2025-11-25,6765.8798828125
chronos,2,amazon/chronos-2,price,history,2025-11-26,6812.60986328125
chronos,2,amazon/chronos-2,price,history,2025-11-28,6849.08984375
chronos,2,amazon/chronos-2,price,history,2025-12-01,6812.6298828125
chronos,2,amazon/chronos-2,price,history,2025-12-02,6829.3701171875
chronos,2,amazon/chronos-2,price,history,2025-12-03,6849.72021484375
chronos,2,amazon/chronos-2,price,history,2025-12-04,6857.1201171875
chronos,2,amazon/chronos-2,price,history,2025-12-05,6870.39990234375
chronos,2,amazon/chronos-2,price,history,2025-12-08,6846.509765625
chronos,2,amazon/chronos-2,price,history,2025-12-09,6840.509765625
chronos,2,amazon/chronos-2,price,history,2025-12-10,6886.68017578125
chronos,2,amazon/chronos-2,price,history,2025-12-11,6901.0
chronos,2,amazon/chronos-2,price,history,2025-12-12,6827.41015625
chronos,2,amazon/chronos-2,price,history,2025-12-15,6816.509765625
chronos,2,amazon/chronos-2,price,history,2025-12-16,6800.259765625
chronos,2,amazon/chronos-2,price,history,2025-12-17,6721.43017578125
chronos,2,amazon/chronos-2,price,history,2025-12-18,6774.759765625
chronos,2,amazon/chronos-2,price,history,2025-12-19,6834.5
chronos,2,amazon/chronos-2,price,history,2025-12-22,6878.490234375
chronos,2,amazon/chronos-2,price,history,2025-12-23,6909.7900390625
chronos,2,amazon/chronos-2,price,history,2025-12-24,6932.0498046875
chronos,2,amazon/chronos-2,price,history,2025-12-26,6929.93994140625
chronos,2,amazon/chronos-2,price,history,2025-12-29,6905.740234375
chronos,2,amazon/chronos-2,price,history,2025-12-30,6896.240234375
chronos,2,amazon/chronos-2,price,history,2025-12-31,6845.5
chronos,2,amazon/chronos-2,price,history,2026-01-02,6858.47021484375
chronos,2,amazon/chronos-2,price,history,2026-01-05,6902.0498046875
chronos,2,amazon/chronos-2,price,history,2026-01-06,6944.81982421875
chronos,2,amazon/chronos-2,price,history,2026-01-07,6920.93017578125
chronos,2,amazon/chronos-2,price,history,2026-01-08,6921.4599609375
chronos,2,amazon/chronos-2,price,history,2026-01-09,6966.27978515625
chronos,2,amazon/chronos-2,price,history,2026-01-12,6977.27001953125
chronos,2,amazon/chronos-2,price,history,2026-01-13,6963.740234375
chronos,2,amazon/chronos-2,price,history,2026-01-14,6926.60009765625
chronos,2,amazon/chronos-2,price,history,2026-01-15,6944.47021484375
chronos,2,amazon/chronos-2,price,history,2026-01-16,6940.009765625
chronos,2,amazon/chronos-2,price,history,2026-01-20,6796.85986328125
chronos,2,amazon/chronos-2,price,history,2026-01-21,6875.6201171875
chronos,2,amazon/chronos-2,price,history,2026-01-22,6913.35009765625
chronos,2,amazon/chronos-2,price,history,2026-01-23,6915.60986328125
chronos,2,amazon/chronos-2,price,history,2026-01-26,6950.22998046875
chronos,2,amazon/chronos-2,price,history,2026-01-27,6978.60009765625
chronos,2,amazon/chronos-2,price,history,2026-01-28,6978.02978515625
chronos,2,amazon/chronos-2,price,history,2026-01-29,6969.009765625
chronos,2,amazon/chronos-2,price,history,2026-01-30,6939.02978515625
chronos,2,amazon/chronos-2,price,history,2026-02-02,6976.43994140625
chronos,2,amazon/chronos-2,price,history,2026-02-03,6917.81005859375
chronos,2,amazon/chronos-2,price,history,2026-02-04,6882.72021484375
chronos,2,amazon/chronos-2,price,history,2026-02-05,6798.39990234375
chronos,2,amazon/chronos-2,price,history,2026-02-06,6932.2998046875
chronos,2,amazon/chronos-2,price,history,2026-02-09,6964.81982421875
chronos,2,amazon/chronos-2,price,history,2026-02-10,6941.81005859375
chronos,2,amazon/chronos-2,price,history,2026-02-11,6941.47021484375
chronos,2,amazon/chronos-2,price,history,2026-02-12,6832.759765625
chronos,2,amazon/chronos-2,price,history,2026-02-13,6836.169921875
chronos,2,amazon/chronos-2,price,history,2026-02-17,6843.22021484375
chronos,2,amazon/chronos-2,price,history,2026-02-18,6881.31005859375
chronos,2,amazon/chronos-2,price,history,2026-02-19,6861.89013671875
chronos,2,amazon/chronos-2,price,history,2026-02-20,6909.509765625
chronos,2,amazon/chronos-2,price,history,2026-02-23,6837.75
chronos,2,amazon/chronos-2,price,history,2026-02-24,6890.06982421875
chronos,2,amazon/chronos-2,price,history,2026-02-25,6946.1298828125
chronos,2,amazon/chronos-2,price,history,2026-02-26,6908.85986328125
chronos,2,amazon/chronos-2,price,history,2026-02-27,6878.8798828125
chronos,2,amazon/chronos-2,price,history,2026-03-02,6881.6201171875
chronos,2,amazon/chronos-2,price,history,2026-03-03,6816.6298828125
chronos,2,amazon/chronos-2,price,history,2026-03-04,6869.5
chronos,2,amazon/chronos-2,price,history,2026-03-05,6830.7099609375
chronos,2,amazon/chronos-2,price,history,2026-03-06,6740.02001953125
chronos,2,amazon/chronos-2,price,history,2026-03-09,6795.990234375
chronos,2,amazon/chronos-2,price,history,2026-03-10,6781.47998046875
chronos,2,amazon/chronos-2,price,history,2026-03-11,6775.7998046875
chronos,2,amazon/chronos-2,price,history,2026-03-12,6672.6201171875
chronos,2,amazon/chronos-2,price,history,2026-03-13,6632.18994140625
chronos,2,amazon/chronos-2,price,history,2026-03-16,6699.3798828125
chronos,2,amazon/chronos-2,price,history,2026-03-17,6716.08984375
chronos,2,amazon/chronos-2,price,history,2026-03-18,6624.7001953125
chronos,2,amazon/chronos-2,price,history,2026-03-19,6606.490234375
chronos,2,amazon/chronos-2,price,history,2026-03-20,6506.47998046875
chronos,2,amazon/chronos-2,price,history,2026-03-23,6581.0
chronos,2,amazon/chronos-2,price,history,2026-03-24,6556.3701171875
chronos,2,amazon/chronos-2,price,history,2026-03-25,6591.89990234375
chronos,2,amazon/chronos-2,price,history,2026-03-26,6477.16015625
chronos,2,amazon/chronos-2,price,history,2026-03-27,6368.85009765625
chronos,2,amazon/chronos-2,price,history,2026-03-30,6343.72021484375
chronos,2,amazon/chronos-2,price,history,2026-03-31,6528.52001953125
chronos,2,amazon/chronos-2,price,history,2026-04-01,6575.31982421875
chronos,2,amazon/chronos-2,price,history,2026-04-02,6582.68994140625
chronos,2,amazon/chronos-2,price,history,2026-04-06,6611.830078125
chronos,2,amazon/chronos-2,price,history,2026-04-07,6616.85009765625
chronos,2,amazon/chronos-2,price,history,2026-04-08,6782.81005859375
chronos,2,amazon/chronos-2,price,history,2026-04-09,6824.66015625
chronos,2,amazon/chronos-2,price,history,2026-04-10,6816.89013671875
chronos,2,amazon/chronos-2,price,history,2026-04-13,6886.240234375
chronos,2,amazon/chronos-2,price,history,2026-04-14,6967.3798828125
chronos,2,amazon/chronos-2,price,history,2026-04-15,7022.9501953125
chronos,2,amazon/chronos-2,price,history,2026-04-16,7041.27978515625
chronos,2,amazon/chronos-2,price,history,2026-04-17,7126.06005859375
chronos,2,amazon/chronos-2,price,history,2026-04-20,7109.14013671875
chronos,2,amazon/chronos-2,price,history,2026-04-21,7064.009765625
chronos,2,amazon/chronos-2,price,history,2026-04-22,7137.89990234375
chronos,2,amazon/chronos-2,price,history,2026-04-23,7108.39990234375
chronos,2,amazon/chronos-2,price,history,2026-04-24,7165.080078125
chronos,2,amazon/chronos-2,price,history,2026-04-27,7173.91015625
chronos,2,amazon/chronos-2,price,history,2026-04-28,7138.7998046875
chronos,2,amazon/chronos-2,price,history,2026-04-29,7135.9501953125
chronos,2,amazon/chronos-2,price,history,2026-04-30,7209.009765625
chronos,2,amazon/chronos-2,price,history,2026-05-01,7230.1201171875
chronos,2,amazon/chronos-2,price,history,2026-05-04,7200.75
chronos,2,amazon/chronos-2,price,history,2026-05-05,7259.22021484375
chronos,2,amazon/chronos-2,price,history,2026-05-06,7365.1201171875
chronos,2,amazon/chronos-2,price,history,2026-05-07,7337.10986328125
chronos,2,amazon/chronos-2,price,history,2026-05-08,7398.93017578125
chronos,2,amazon/chronos-2,price,history,2026-05-11,7412.83984375
chronos,2,amazon/chronos-2,price,history,2026-05-12,7400.9599609375
chronos,2,amazon/chronos-2,price,history,2026-05-13,7444.25
chronos,2,amazon/chronos-2,price,history,2026-05-14,7501.240234375
chronos,2,amazon/chronos-2,price,history,2026-05-15,7408.5
chronos,2,amazon/chronos-2,price,history,2026-05-18,7403.0498046875
chronos,2,amazon/chronos-2,price,history,2026-05-19,7353.60986328125
chronos,2,amazon/chronos-2,price,history,2026-05-20,7432.97021484375
chronos,2,amazon/chronos-2,price,history,2026-05-21,7445.72021484375
chronos,2,amazon/chronos-2,price,history,2026-05-22,7473.47021484375
chronos,2,amazon/chronos-2,price,history,2026-05-26,7519.1201171875
chronos,2,amazon/chronos-2,price,history,2026-05-27,7520.35986328125
chronos,2,amazon/chronos-2,price,history,2026-05-28,7563.6298828125
chronos,2,amazon/chronos-2,price,history,2026-05-29,7580.06005859375
chronos,2,amazon/chronos-2,price,history,2026-06-01,7599.9599609375
chronos,2,amazon/chronos-2,price,history,2026-06-02,7609.77978515625
chronos,2,amazon/chronos-2,price,history,2026-06-03,7553.68017578125
chronos,2,amazon/chronos-2,price,history,2026-06-04,7584.31005859375
chronos,2,amazon/chronos-2,price,history,2026-06-05,7383.740234375
chronos,2,amazon/chronos-2,price,history,2026-06-08,7405.72998046875
chronos,2,amazon/chronos-2,price,history,2026-06-09,7386.64990234375
chronos,2,amazon/chronos-2,price,history,2026-06-10,7266.990234375
chronos,2,amazon/chronos-2,price,history,2026-06-11,7394.2998046875
chronos,2,amazon/chronos-2,price,history,2026-06-12,7431.4599609375
chronos,2,amazon/chronos-2,price,history,2026-06-15,7554.2900390625
chronos,2,amazon/chronos-2,price,history,2026-06-16,7511.35009765625
chronos,2,amazon/chronos-2,price,history,2026-06-17,7420.10009765625
chronos,2,amazon/chronos-2,price,history,2026-06-18,7500.580078125
chronos,2,amazon/chronos-2,price,history,2026-06-22,7472.7900390625
chronos,2,amazon/chronos-2,price,history,2026-06-23,7365.4599609375
chronos,2,amazon/chronos-2,price,history,2026-06-24,7358.22021484375
chronos,2,amazon/chronos-2,price,history,2026-06-25,7357.490234375
chronos,2,amazon/chronos-2,price,history,2026-06-26,7354.02001953125
chronos,2,amazon/chronos-2,price,history,2026-06-29,7440.43017578125
chronos,2,amazon/chronos-2,price,history,2026-06-30,7499.35986328125
chronos,2,amazon/chronos-2,price,history,2026-07-01,7483.22998046875
chronos,2,amazon/chronos-2,price,history,2026-07-02,7483.240234375
chronos,2,amazon/chronos-2,price,history,2026-07-06,7537.43017578125
chronos,2,amazon/chronos-2,price,history,2026-07-07,7503.85009765625
chronos,2,amazon/chronos-2,price,history,2026-07-08,7482.7099609375
chronos,2,amazon/chronos-2,price,history,2026-07-09,7543.64013671875
chronos,2,amazon/chronos-2,price,actual,2026-07-10,7575.39013671875
chronos,2,amazon/chronos-2,price,actual,2026-07-13,7515.33984375
chronos,2,amazon/chronos-2,price,actual,2026-07-14,7543.58984375
chronos,2,amazon/chronos-2,price,actual,2026-07-15,7572.39990234375
chronos,2,amazon/chronos-2,price,actual,2026-07-16,7533.77001953125
chronos,2,amazon/chronos-2,price,actual,2026-07-17,7457.68994140625
chronos,2,amazon/chronos-2,price,actual,2026-07-20,7443.27978515625
chronos,2,amazon/chronos-2,price,actual,2026-07-21,7509.2001953125
chronos,2,amazon/chronos-2,price,actual,2026-07-22,7498.9599609375
chronos,2,amazon/chronos-2,price,actual,2026-07-23,7408.2998046875
chronos,2,amazon/chronos-2,price,actual,2026-07-24,7411.97998046875
chronos,2,amazon/chronos-2,price,actual,2026-07-27,7413.18017578125
chronos,2,amazon/chronos-2,price,actual,2026-07-28,7428.77978515625
chronos,2,amazon/chronos-2,price,actual,2026-07-29,7316.14990234375
chronos,2,amazon/chronos-2,price,actual,2026-07-30,7437.6298828125
chronos,2,amazon/chronos-2,price,actual,2026-07-31,7489.72021484375
chronos,2,amazon/chronos-2,price,actual,2026-08-03,7600.5
chronos,2,amazon/chronos-2,price,actual,2026-08-04,7736.52001953125
chronos,2,amazon/chronos-2,price,actual,2026-08-05,7723.5498046875
chronos,2,amazon/chronos-2,price,actual,2026-08-06,7709.9599609375
chronos,2,amazon/chronos-2,price,actual,2026-08-07,7757.64013671875
chronos,2,amazon/chronos-2,price,naive,2026-07-10,7543.64013671875
chronos,2,amazon/chronos-2,price,naive,2026-07-13,7543.64013671875
chronos,2,amazon/chronos-2,price,naive,2026-07-14,7543.64013671875
chronos,2,amazon/chronos-2,price,naive,2026-07-15,7543.64013671875
chronos,2,amazon/chronos-2,price,naive,2026-07-16,7543.64013671875
chronos,2,amazon/chronos-2,price,naive,2026-07-17,7543.64013671875
chronos,2,amazon/chronos-2,price,naive,2026-07-20,7543.64013671875
chronos,2,amazon/chronos-2,price,naive,2026-07-21,7543.64013671875
chronos,2,amazon/chronos-2,price,naive,2026-07-22,7543.64013671875
chronos,2,amazon/chronos-2,price,naive,2026-07-23,7543.64013671875
chronos,2,amazon/chronos-2,price,naive,2026-07-24,7543.64013671875
chronos,2,amazon/chronos-2,price,naive,2026-07-27,7543.64013671875
chronos,2,amazon/chronos-2,price,naive,2026-07-28,7543.64013671875
chronos,2,amazon/chronos-2,price,naive,2026-07-29,7543.64013671875
chronos,2,amazon/chronos-2,price,naive,2026-07-30,7543.64013671875
chronos,2,amazon/chronos-2,price,naive,2026-07-31,7543.64013671875
chronos,2,amazon/chronos-2,price,naive,2026-08-03,7543.64013671875
chronos,2,amazon/chronos-2,price,naive,2026-08-04,7543.64013671875
chronos,2,amazon/chronos-2,price,naive,2026-08-05,7543.64013671875
chronos,2,amazon/chronos-2,price,naive,2026-08-06,7543.64013671875
chronos,2,amazon/chronos-2,price,naive,2026-08-07,7543.64013671875
chronos,2,amazon/chronos-2,price,forecast,2026-07-10,7534.94970703125
chronos,2,amazon/chronos-2,price,forecast,2026-07-13,7535.814453125
chronos,2,amazon/chronos-2,price,forecast,2026-07-14,7532.3193359375
chronos,2,amazon/chronos-2,price,forecast,2026-07-15,7532.35595703125
chronos,2,amazon/chronos-2,price,forecast,2026-07-16,7536.9970703125
chronos,2,amazon/chronos-2,price,forecast,2026-07-17,7537.8779296875
chronos,2,amazon/chronos-2,price,forecast,2026-07-20,7546.07275390625
chronos,2,amazon/chronos-2,price,forecast,2026-07-21,7550.61669921875
chronos,2,amazon/chronos-2,price,forecast,2026-07-22,7562.8310546875
chronos,2,amazon/chronos-2,price,forecast,2026-07-23,7563.9228515625
chronos,2,amazon/chronos-2,price,forecast,2026-07-24,7566.7919921875
chronos,2,amazon/chronos-2,price,forecast,2026-07-27,7566.9755859375
chronos,2,amazon/chronos-2,price,forecast,2026-07-28,7557.8974609375
chronos,2,amazon/chronos-2,price,forecast,2026-07-29,7569.6201171875
chronos,2,amazon/chronos-2,price,forecast,2026-07-30,7577.8701171875
chronos,2,amazon/chronos-2,price,forecast,2026-07-31,7574.296875
chronos,2,amazon/chronos-2,price,forecast,2026-08-03,7583.8349609375
chronos,2,amazon/chronos-2,price,forecast,2026-08-04,7582.330078125
chronos,2,amazon/chronos-2,price,forecast,2026-08-05,7580.0048828125
chronos,2,amazon/chronos-2,price,forecast,2026-08-06,7579.6630859375
chronos,2,amazon/chronos-2,price,forecast,2026-08-07,7586.78662109375
chronos,2,amazon/chronos-2,simple_return,history,2024-06-24,-0.003065171894990004
chronos,2,amazon/chronos-2,simple_return,history,2024-06-25,0.003933590015736899
chronos,2,amazon/chronos-2,simple_return,history,2024-06-26,0.0015724312002203256
chronos,2,amazon/chronos-2,simple_return,history,2024-06-27,0.0009073212238914774
chronos,2,amazon/chronos-2,simple_return,history,2024-06-28,-0.004083652583445674
chronos,2,amazon/chronos-2,simple_return,history,2024-07-01,0.0026755639309195
chronos,2,amazon/chronos-2,simple_return,history,2024-07-02,0.006195317856513505
chronos,2,amazon/chronos-2,simple_return,history,2024-07-03,0.005084444409779065
chronos,2,amazon/chronos-2,simple_return,history,2024-07-05,0.005448765178485582
chronos,2,amazon/chronos-2,simple_return,history,2024-07-08,0.0010166989647510949
chronos,2,amazon/chronos-2,simple_return,history,2024-07-09,0.0007410719362856977
chronos,2,amazon/chronos-2,simple_return,history,2024-07-10,0.010208065293514812
chronos,2,amazon/chronos-2,simple_return,history,2024-07-11,-0.008763028841120457
chronos,2,amazon/chronos-2,simple_return,history,2024-07-12,0.0055170270744306915
chronos,2,amazon/chronos-2,simple_return,history,2024-07-15,0.0028262026252154904
chronos,2,amazon/chronos-2,simple_return,history,2024-07-16,0.006389375498743188
chronos,2,amazon/chronos-2,simple_return,history,2024-07-17,-0.013927543241993745
chronos,2,amazon/chronos-2,simple_return,history,2024-07-18,-0.007816403936922511
chronos,2,amazon/chronos-2,simple_return,history,2024-07-19,-0.007140265531926926
chronos,2,amazon/chronos-2,simple_return,history,2024-07-22,0.01079203564940956
chronos,2,amazon/chronos-2,simple_return,history,2024-07-23,-0.001558102589770738
chronos,2,amazon/chronos-2,simple_return,history,2024-07-24,-0.02314909375473495
chronos,2,amazon/chronos-2,simple_return,history,2024-07-25,-0.005142620237842288
chronos,2,amazon/chronos-2,simple_return,history,2024-07-26,0.011090468702846357
chronos,2,amazon/chronos-2,simple_return,history,2024-07-29,0.0008133101292933098
chronos,2,amazon/chronos-2,simple_return,history,2024-07-30,-0.004960171878030217
chronos,2,amazon/chronos-2,simple_return,history,2024-07-31,0.0157933986591674
chronos,2,amazon/chronos-2,simple_return,history,2024-08-01,-0.013693502993456064
chronos,2,amazon/chronos-2,simple_return,history,2024-08-02,-0.018381860868696753
chronos,2,amazon/chronos-2,simple_return,history,2024-08-05,-0.02996879838863975
chronos,2,amazon/chronos-2,simple_return,history,2024-08-06,0.010354085880061037
chronos,2,amazon/chronos-2,simple_return,history,2024-08-07,-0.007734647858502863
chronos,2,amazon/chronos-2,simple_return,history,2024-08-08,0.023042611519136447
chronos,2,amazon/chronos-2,simple_return,history,2024-08-09,0.004671676849538509
chronos,2,amazon/chronos-2,simple_return,history,2024-08-12,4.303397765514916e-05
chronos,2,amazon/chronos-2,simple_return,history,2024-08-13,0.016847579753558328
chronos,2,amazon/chronos-2,simple_return,history,2024-08-14,0.0038237284285767004
chronos,2,amazon/chronos-2,simple_return,history,2024-08-15,0.016133247764330783
chronos,2,amazon/chronos-2,simple_return,history,2024-08-16,0.001989779357261412
chronos,2,amazon/chronos-2,simple_return,history,2024-08-19,0.009722284736913167
chronos,2,amazon/chronos-2,simple_return,history,2024-08-20,-0.0019845553982971165
chronos,2,amazon/chronos-2,simple_return,history,2024-08-21,0.004239676828782013
chronos,2,amazon/chronos-2,simple_return,history,2024-08-22,-0.008932805548120926
chronos,2,amazon/chronos-2,simple_return,history,2024-08-23,0.01148337085011919
chronos,2,amazon/chronos-2,simple_return,history,2024-08-26,-0.0031537266931381813
chronos,2,amazon/chronos-2,simple_return,history,2024-08-27,0.0015951960865450143
chronos,2,amazon/chronos-2,simple_return,history,2024-08-28,-0.00597597320797616
chronos,2,amazon/chronos-2,simple_return,history,2024-08-29,-3.937906806072977e-05
chronos,2,amazon/chronos-2,simple_return,history,2024-08-30,0.010093051774424433
chronos,2,amazon/chronos-2,simple_return,history,2024-09-03,-0.02115107439771169
chronos,2,amazon/chronos-2,simple_return,history,2024-09-04,-0.0016025435809103872
chronos,2,amazon/chronos-2,simple_return,history,2024-09-05,-0.003018017615584734
chronos,2,amazon/chronos-2,simple_return,history,2024-09-06,-0.01726024985928465
chronos,2,amazon/chronos-2,simple_return,history,2024-09-09,0.0115800702824842
chronos,2,amazon/chronos-2,simple_return,history,2024-09-10,0.004472672652839682
chronos,2,amazon/chronos-2,simple_return,history,2024-09-11,0.010665025888896507
chronos,2,amazon/chronos-2,simple_return,history,2024-09-12,0.007495302358939249
chronos,2,amazon/chronos-2,simple_return,history,2024-09-13,0.005407711405364557
chronos,2,amazon/chronos-2,simple_return,history,2024-09-16,0.0012566297656613212
chronos,2,amazon/chronos-2,simple_return,history,2024-09-17,0.00026455008109871336
chronos,2,amazon/chronos-2,simple_return,history,2024-09-18,-0.002896455862498093
chronos,2,amazon/chronos-2,simple_return,history,2024-09-19,0.01697685316676334
chronos,2,amazon/chronos-2,simple_return,history,2024-09-20,-0.0019410273951238066
chronos,2,amazon/chronos-2,simple_return,history,2024-09-23,0.0028092730585327352
chronos,2,amazon/chronos-2,simple_return,history,2024-09-24,0.0025111788443470395
chronos,2,amazon/chronos-2,simple_return,history,2024-09-25,-0.0018612489301417234
chronos,2,amazon/chronos-2,simple_return,history,2024-09-26,0.00403867571712313
chronos,2,amazon/chronos-2,simple_return,history,2024-09-27,-0.0012532169669905446
chronos,2,amazon/chronos-2,simple_return,history,2024-09-30,0.004236552581176722
chronos,2,amazon/chronos-2,simple_return,history,2024-10-01,-0.009324107094664358
chronos,2,amazon/chronos-2,simple_return,history,2024-10-02,0.00013839090212397487
chronos,2,amazon/chronos-2,simple_return,history,2024-10-03,-0.001681413492255035
chronos,2,amazon/chronos-2,simple_return,history,2024-10-04,0.008970249395274354
chronos,2,amazon/chronos-2,simple_return,history,2024-10-07,-0.009586022165882668
chronos,2,amazon/chronos-2,simple_return,history,2024-10-08,0.009689347495581924
chronos,2,amazon/chronos-2,simple_return,history,2024-10-09,0.007113411987488272
chronos,2,amazon/chronos-2,simple_return,history,2024-10-10,-0.002070122839989974
chronos,2,amazon/chronos-2,simple_return,history,2024-10-11,0.006051847587953629
chronos,2,amazon/chronos-2,simple_return,history,2024-10-14,0.0077076668832223305
chronos,2,amazon/chronos-2,simple_return,history,2024-10-15,-0.007609466332438197
chronos,2,amazon/chronos-2,simple_return,history,2024-10-16,0.004679145956573816
chronos,2,amazon/chronos-2,simple_return,history,2024-10-17,-0.00017116047891174713
chronos,2,amazon/chronos-2,simple_return,history,2024-10-18,0.00397155273894878
chronos,2,amazon/chronos-2,simple_return,history,2024-10-21,-0.0018227694906369774
chronos,2,amazon/chronos-2,simple_return,history,2024-10-22,-0.0004748538883844189
chronos,2,amazon/chronos-2,simple_return,history,2024-10-23,-0.009191323428069387
chronos,2,amazon/chronos-2,simple_return,history,2024-10-24,0.002145772011323821
chronos,2,amazon/chronos-2,simple_return,history,2024-10-25,-0.00029944716993013376
chronos,2,amazon/chronos-2,simple_return,history,2024-10-28,0.0026514435020339455
chronos,2,amazon/chronos-2,simple_return,history,2024-10-29,0.001614127248163344
chronos,2,amazon/chronos-2,simple_return,history,2024-10-30,-0.003300233889343751
chronos,2,amazon/chronos-2,simple_return,history,2024-10-31,-0.018614700871699585
chronos,2,amazon/chronos-2,simple_return,history,2024-11-01,0.004092509543626166
chronos,2,amazon/chronos-2,simple_return,history,2024-11-04,-0.002812083478299976
chronos,2,amazon/chronos-2,simple_return,history,2024-11-05,0.012265644545291332
chronos,2,amazon/chronos-2,simple_return,history,2024-11-06,0.025295927786425976
chronos,2,amazon/chronos-2,simple_return,history,2024-11-07,0.007431229727488331
chronos,2,amazon/chronos-2,simple_return,history,2024-11-08,0.0037568333092317108
chronos,2,amazon/chronos-2,simple_return,history,2024-11-11,0.0009690634297987444
chronos,2,amazon/chronos-2,simple_return,history,2024-11-12,-0.00289265965137242
chronos,2,amazon/chronos-2,simple_return,history,2024-11-13,0.00023222772482434095
chronos,2,amazon/chronos-2,simple_return,history,2024-11-14,-0.006049734794859041
chronos,2,amazon/chronos-2,simple_return,history,2024-11-15,-0.013203489851361216
chronos,2,amazon/chronos-2,simple_return,history,2024-11-18,0.003917814394541086
chronos,2,amazon/chronos-2,simple_return,history,2024-11-19,0.003963584828470035
chronos,2,amazon/chronos-2,simple_return,history,2024-11-20,2.195086225209586e-05
chronos,2,amazon/chronos-2,simple_return,history,2024-11-21,0.0053404615405816536
chronos,2,amazon/chronos-2,simple_return,history,2024-11-22,0.003467959094991535
chronos,2,amazon/chronos-2,simple_return,history,2024-11-25,0.003020480305938378
chronos,2,amazon/chronos-2,simple_return,history,2024-11-26,0.005722005647630368
chronos,2,amazon/chronos-2,simple_return,history,2024-11-27,-0.003801238017440034
chronos,2,amazon/chronos-2,simple_return,history,2024-11-29,0.005607785488815242
chronos,2,amazon/chronos-2,simple_return,history,2024-12-02,0.0024484564662998753
chronos,2,amazon/chronos-2,simple_return,history,2024-12-03,0.0004514491145146682
chronos,2,amazon/chronos-2,simple_return,history,2024-12-04,0.006051417924264779
chronos,2,amazon/chronos-2,simple_return,history,2024-12-05,-0.0018697756269248078
chronos,2,amazon/chronos-2,simple_return,history,2024-12-06,0.0024954538421815275
chronos,2,amazon/chronos-2,simple_return,history,2024-12-09,-0.006144213927296471
chronos,2,amazon/chronos-2,simple_return,history,2024-12-10,-0.002963883313944371
chronos,2,amazon/chronos-2,simple_return,history,2024-12-11,0.008165786048233592
chronos,2,amazon/chronos-2,simple_return,history,2024-12-12,-0.005414022527810203
chronos,2,amazon/chronos-2,simple_return,history,2024-12-13,-2.6466639124200775e-05
chronos,2,amazon/chronos-2,simple_return,history,2024-12-16,0.0037993543260221863
chronos,2,amazon/chronos-2,simple_return,history,2024-12-17,-0.003863994965801476
chronos,2,amazon/chronos-2,simple_return,history,2024-12-18,-0.02949284635160343
chronos,2,amazon/chronos-2,simple_return,history,2024-12-19,-0.0008651123249070469
chronos,2,amazon/chronos-2,simple_return,history,2024-12-20,0.010869123768910471
chronos,2,amazon/chronos-2,simple_return,history,2024-12-23,0.007287273468533639
chronos,2,amazon/chronos-2,simple_return,history,2024-12-24,0.01104275925539211
chronos,2,amazon/chronos-2,simple_return,history,2024-12-26,-0.00040565878647391695
chronos,2,amazon/chronos-2,simple_return,history,2024-12-27,-0.011055736101235558
chronos,2,amazon/chronos-2,simple_return,history,2024-12-30,-0.010701995701766776
chronos,2,amazon/chronos-2,simple_return,history,2024-12-31,-0.004284800394927402
chronos,2,amazon/chronos-2,simple_return,history,2025-01-02,-0.0022238866412221947
chronos,2,amazon/chronos-2,simple_return,history,2025-01-03,0.01259602672149196
chronos,2,amazon/chronos-2,simple_return,history,2025-01-06,0.005538045085450305
chronos,2,amazon/chronos-2,simple_return,history,2025-01-07,-0.01110391288210788
chronos,2,amazon/chronos-2,simple_return,history,2025-01-08,0.001560360190925314
chronos,2,amazon/chronos-2,simple_return,history,2025-01-10,-0.01541164380306681
chronos,2,amazon/chronos-2,simple_return,history,2025-01-13,0.0015754440882007614
chronos,2,amazon/chronos-2,simple_return,history,2025-01-14,0.0011462798112440442
chronos,2,amazon/chronos-2,simple_return,history,2025-01-15,0.018312792279639112
chronos,2,amazon/chronos-2,simple_return,history,2025-01-16,-0.0021126894641922966
chronos,2,amazon/chronos-2,simple_return,history,2025-01-17,0.009991058969353706
chronos,2,amazon/chronos-2,simple_return,history,2025-01-21,0.008768227105582893
chronos,2,amazon/chronos-2,simple_return,history,2025-01-22,0.006137941522227575
chronos,2,amazon/chronos-2,simple_return,history,2025-01-23,0.00531348622041139
chronos,2,amazon/chronos-2,simple_return,history,2025-01-24,-0.002855132319398823
chronos,2,amazon/chronos-2,simple_return,history,2025-01-27,-0.014580715690809543
chronos,2,amazon/chronos-2,simple_return,history,2025-01-28,0.009217869449967608
chronos,2,amazon/chronos-2,simple_return,history,2025-01-29,-0.004678895760321544
chronos,2,amazon/chronos-2,simple_return,history,2025-01-30,0.005275414405311762
chronos,2,amazon/chronos-2,simple_return,history,2025-01-31,-0.005046825754019935
chronos,2,amazon/chronos-2,simple_return,history,2025-02-03,-0.007608597684666707
chronos,2,amazon/chronos-2,simple_return,history,2025-02-04,0.007224881828679752
chronos,2,amazon/chronos-2,simple_return,history,2025-02-05,0.003908672930614365
chronos,2,amazon/chronos-2,simple_return,history,2025-02-06,0.003644298722618622
chronos,2,amazon/chronos-2,simple_return,history,2025-02-07,-0.009464770111542897
chronos,2,amazon/chronos-2,simple_return,history,2025-02-10,0.006712541085862833
chronos,2,amazon/chronos-2,simple_return,history,2025-02-11,0.00033958278885926063
chronos,2,amazon/chronos-2,simple_return,history,2025-02-12,-0.0027238667143857365
chronos,2,amazon/chronos-2,simple_return,history,2025-02-13,0.010426292122230674
chronos,2,amazon/chronos-2,simple_return,history,2025-02-14,-7.194380749464546e-05
chronos,2,amazon/chronos-2,simple_return,history,2025-02-18,0.0024449877750611915
chronos,2,amazon/chronos-2,simple_return,history,2025-02-19,0.0023769693899173827
chronos,2,amazon/chronos-2,simple_return,history,2025-02-20,-0.0043341850761716705
chronos,2,amazon/chronos-2,simple_return,history,2025-02-21,-0.01706412670256352
chronos,2,amazon/chronos-2,simple_return,history,2025-02-24,-0.00496910650440241
chronos,2,amazon/chronos-2,simple_return,history,2025-02-25,-0.004679730915472358
chronos,2,amazon/chronos-2,simple_return,history,2025-02-26,0.00013602428004699796
chronos,2,amazon/chronos-2,simple_return,history,2025-02-27,-0.015864553655509872
chronos,2,amazon/chronos-2,simple_return,history,2025-02-28,0.01585414463498891
chronos,2,amazon/chronos-2,simple_return,history,2025-03-03,-0.0175967394669998
chronos,2,amazon/chronos-2,simple_return,history,2025-03-04,-0.012234826602200433
chronos,2,amazon/chronos-2,simple_return,history,2025-03-05,0.011159277893187936
chronos,2,amazon/chronos-2,simple_return,history,2025-03-06,-0.017819007085749905
chronos,2,amazon/chronos-2,simple_return,history,2025-03-07,0.00552061780274804
chronos,2,amazon/chronos-2,simple_return,history,2025-03-10,-0.0269730913054258
chronos,2,amazon/chronos-2,simple_return,history,2025-03-11,-0.007567865323653167
chronos,2,amazon/chronos-2,simple_return,history,2025-03-12,0.004886869929446425
chronos,2,amazon/chronos-2,simple_return,history,2025-03-13,-0.013890984206835322
chronos,2,amazon/chronos-2,simple_return,history,2025-03-14,0.021265869083087807
chronos,2,amazon/chronos-2,simple_return,history,2025-03-17,0.006416130719105961
chronos,2,amazon/chronos-2,simple_return,history,2025-03-18,-0.010653512117636543
chronos,2,amazon/chronos-2,simple_return,history,2025-03-19,0.010798495567894584
chronos,2,amazon/chronos-2,simple_return,history,2025-03-20,-0.0021848931523151816
chronos,2,amazon/chronos-2,simple_return,history,2025-03-21,0.0008246534476661349
chronos,2,amazon/chronos-2,simple_return,history,2025-03-24,0.017646000146633645
chronos,2,amazon/chronos-2,simple_return,history,2025-03-25,0.0015743334544251475
chronos,2,amazon/chronos-2,simple_return,history,2025-03-26,-0.011156934922627149
chronos,2,amazon/chronos-2,simple_return,history,2025-03-27,-0.003306980860763864
chronos,2,amazon/chronos-2,simple_return,history,2025-03-28,-0.01973722070834405
chronos,2,amazon/chronos-2,simple_return,history,2025-03-31,0.005538521570653376
chronos,2,amazon/chronos-2,simple_return,history,2025-04-01,0.0037812354559083605
chronos,2,amazon/chronos-2,simple_return,history,2025-04-02,0.006728194715792668
chronos,2,amazon/chronos-2,simple_return,history,2025-04-03,-0.04839563335990149
chronos,2,amazon/chronos-2,simple_return,history,2025-04-04,-0.05974960534553109
chronos,2,amazon/chronos-2,simple_return,history,2025-04-07,-0.0023314724921273955
chronos,2,amazon/chronos-2,simple_return,history,2025-04-08,-0.015700524562941354
chronos,2,amazon/chronos-2,simple_return,history,2025-04-09,0.09515387644904849
chronos,2,amazon/chronos-2,simple_return,history,2025-04-10,-0.03460757958472693
chronos,2,amazon/chronos-2,simple_return,history,2025-04-11,0.018092095201708958
chronos,2,amazon/chronos-2,simple_return,history,2025-04-14,0.007944712390868913
chronos,2,amazon/chronos-2,simple_return,history,2025-04-15,-0.0017277808903947145
chronos,2,amazon/chronos-2,simple_return,history,2025-04-16,-0.0224083715440897
chronos,2,amazon/chronos-2,simple_return,history,2025-04-17,0.0013268380955802073
chronos,2,amazon/chronos-2,simple_return,history,2025-04-21,-0.023567493023827546
chronos,2,amazon/chronos-2,simple_return,history,2025-04-22,0.025117204723895226
chronos,2,amazon/chronos-2,simple_return,history,2025-04-23,0.01666113847096007
chronos,2,amazon/chronos-2,simple_return,history,2025-04-24,0.020259113708281262
chronos,2,amazon/chronos-2,simple_return,history,2025-04-25,0.007373133469998461
chronos,2,amazon/chronos-2,simple_return,history,2025-04-28,0.0006407067039131409
chronos,2,amazon/chronos-2,simple_return,history,2025-04-29,0.005802410694099036
chronos,2,amazon/chronos-2,simple_return,history,2025-04-30,0.00147999135976562
chronos,2,amazon/chronos-2,simple_return,history,2025-05-01,0.006299102138585644
chronos,2,amazon/chronos-2,simple_return,history,2025-05-02,0.01472657412963474
chronos,2,amazon/chronos-2,simple_return,history,2025-05-05,-0.006381597588933863
chronos,2,amazon/chronos-2,simple_return,history,2025-05-06,-0.007693239651855532
chronos,2,amazon/chronos-2,simple_return,history,2025-05-07,0.00434635623313584
chronos,2,amazon/chronos-2,simple_return,history,2025-05-08,0.005799775094835535
chronos,2,amazon/chronos-2,simple_return,history,2025-05-09,-0.0007114809122162891
chronos,2,amazon/chronos-2,simple_return,history,2025-05-12,0.032558782749008364
chronos,2,amazon/chronos-2,simple_return,history,2025-05-13,0.0072482009835321826
chronos,2,amazon/chronos-2,simple_return,history,2025-05-14,0.001024415597859818
chronos,2,amazon/chronos-2,simple_return,history,2025-05-15,0.004132332074135769
chronos,2,amazon/chronos-2,simple_return,history,2025-05-16,0.007005272294898557
chronos,2,amazon/chronos-2,simple_return,history,2025-05-19,0.0008761131291423752
chronos,2,amazon/chronos-2,simple_return,history,2025-05-20,-0.0038802294486252054
chronos,2,amazon/chronos-2,simple_return,history,2025-05-21,-0.01613513066101424
chronos,2,amazon/chronos-2,simple_return,history,2025-05-22,-0.00044487103794299543
chronos,2,amazon/chronos-2,simple_return,history,2025-05-23,-0.006708297825321674
chronos,2,amazon/chronos-2,simple_return,history,2025-05-27,0.0204590558452733
chronos,2,amazon/chronos-2,simple_return,history,2025-05-28,-0.005571225417268844
chronos,2,amazon/chronos-2,simple_return,history,2025-05-29,0.004011194261904327
chronos,2,amazon/chronos-2,simple_return,history,2025-05-30,-8.118516130162234e-05
chronos,2,amazon/chronos-2,simple_return,history,2025-06-02,0.0041020419271569075
chronos,2,amazon/chronos-2,simple_return,history,2025-06-03,0.005800290454605506
chronos,2,amazon/chronos-2,simple_return,history,2025-06-04,7.36874595066439e-05
chronos,2,amazon/chronos-2,simple_return,history,2025-06-05,-0.005277383403094138
chronos,2,amazon/chronos-2,simple_return,history,2025-06-06,0.010280683010067904
chronos,2,amazon/chronos-2,simple_return,history,2025-06-09,0.0009199480792858594
chronos,2,amazon/chronos-2,simple_return,history,2025-06-10,0.00548298940767844
chronos,2,amazon/chronos-2,simple_return,history,2025-06-11,-0.002743888954607865
chronos,2,amazon/chronos-2,simple_return,history,2025-06-12,0.0038224199557175265
chronos,2,amazon/chronos-2,simple_return,history,2025-06-13,-0.011296379879250695
chronos,2,amazon/chronos-2,simple_return,history,2025-06-16,0.009392659896159117
chronos,2,amazon/chronos-2,simple_return,history,2025-06-17,-0.008352184790166306
chronos,2,amazon/chronos-2,simple_return,history,2025-06-18,-0.0003092402101070313
chronos,2,amazon/chronos-2,simple_return,history,2025-06-20,-0.002178658486505891
chronos,2,amazon/chronos-2,simple_return,history,2025-06-23,0.009606504133156335
chronos,2,amazon/chronos-2,simple_return,history,2025-06-24,0.01112172017970181
chronos,2,amazon/chronos-2,simple_return,history,2025-06-25,-3.2861029504172024e-06
chronos,2,amazon/chronos-2,simple_return,history,2025-06-26,0.008020121275230219
chronos,2,amazon/chronos-2,simple_return,history,2025-06-27,0.005218970885222163
chronos,2,amazon/chronos-2,simple_return,history,2025-06-30,0.005164427424532603
chronos,2,amazon/chronos-2,simple_return,history,2025-07-01,-0.001118531087121899
chronos,2,amazon/chronos-2,simple_return,history,2025-07-02,0.004745096791088033
chronos,2,amazon/chronos-2,simple_return,history,2025-07-03,0.008338955206607324
chronos,2,amazon/chronos-2,simple_return,history,2025-07-07,-0.007862297279128794
chronos,2,amazon/chronos-2,simple_return,history,2025-07-08,-0.0007158868810946961
chronos,2,amazon/chronos-2,simple_return,history,2025-07-09,0.0060621034026635545
chronos,2,amazon/chronos-2,simple_return,history,2025-07-10,0.0027462050044453346
chronos,2,amazon/chronos-2,simple_return,history,2025-07-11,-0.0032975229626984737
chronos,2,amazon/chronos-2,simple_return,history,2025-07-14,0.001407413809457303
chronos,2,amazon/chronos-2,simple_return,history,2025-07-15,-0.003956298214731202
chronos,2,amazon/chronos-2,simple_return,history,2025-07-16,0.003193657417327689
chronos,2,amazon/chronos-2,simple_return,history,2025-07-17,0.00537376740890938
chronos,2,amazon/chronos-2,simple_return,history,2025-07-18,-9.048620868445933e-05
chronos,2,amazon/chronos-2,simple_return,history,2025-07-21,0.001399134882868358
chronos,2,amazon/chronos-2,simple_return,history,2025-07-22,0.0006375316336257875
chronos,2,amazon/chronos-2,simple_return,history,2025-07-23,0.007811886951519131
chronos,2,amazon/chronos-2,simple_return,history,2025-07-24,0.0006982236416543941
chronos,2,amazon/chronos-2,simple_return,history,2025-07-25,0.00397432777929585
chronos,2,amazon/chronos-2,simple_return,history,2025-07-28,0.00017685810881817865
chronos,2,amazon/chronos-2,simple_return,history,2025-07-29,-0.002959442388724254
chronos,2,amazon/chronos-2,simple_return,history,2025-07-30,-0.0012494327466496813
chronos,2,amazon/chronos-2,simple_return,history,2025-07-31,-0.0036948193411530106
chronos,2,amazon/chronos-2,simple_return,history,2025-08-01,-0.015992133140148468
chronos,2,amazon/chronos-2,simple_return,history,2025-08-04,0.01473710033091602
chronos,2,amazon/chronos-2,simple_return,history,2025-08-05,-0.004857865996303334
chronos,2,amazon/chronos-2,simple_return,history,2025-08-06,0.007281907295092482
chronos,2,amazon/chronos-2,simple_return,history,2025-08-07,-0.0007974800154801898
chronos,2,amazon/chronos-2,simple_return,history,2025-08-08,0.007799715348974834
chronos,2,amazon/chronos-2,simple_return,history,2025-08-11,-0.0025041278217863283
chronos,2,amazon/chronos-2,simple_return,history,2025-08-12,0.01134543584661274
chronos,2,amazon/chronos-2,simple_return,history,2025-08-13,0.0032300788824048965
chronos,2,amazon/chronos-2,simple_return,history,2025-08-14,0.00030309080129242716
chronos,2,amazon/chronos-2,simple_return,history,2025-08-15,-0.0028971350972291088
chronos,2,amazon/chronos-2,simple_return,history,2025-08-18,-0.00010076318078544588
chronos,2,amazon/chronos-2,simple_return,history,2025-08-19,-0.005858103118756786
chronos,2,amazon/chronos-2,simple_return,history,2025-08-20,-0.0024316693228262354
chronos,2,amazon/chronos-2,simple_return,history,2025-08-21,-0.004004181529308926
chronos,2,amazon/chronos-2,simple_return,history,2025-08-22,0.015186444876893468
chronos,2,amazon/chronos-2,simple_return,history,2025-08-25,-0.004266385548063467
chronos,2,amazon/chronos-2,simple_return,history,2025-08-26,0.004133995191134998
chronos,2,amazon/chronos-2,simple_return,history,2025-08-27,0.0023909843081744153
chronos,2,amazon/chronos-2,simple_return,history,2025-08-28,0.0031567194195349924
chronos,2,amazon/chronos-2,simple_return,history,2025-08-29,-0.00639818429357164
chronos,2,amazon/chronos-2,simple_return,history,2025-09-02,-0.006922279936861564
chronos,2,amazon/chronos-2,simple_return,history,2025-09-03,0.0051000736279842585
chronos,2,amazon/chronos-2,simple_return,history,2025-09-04,0.008346486409699372
chronos,2,amazon/chronos-2,simple_return,history,2025-09-05,-0.003165152978388819
chronos,2,amazon/chronos-2,simple_return,history,2025-09-08,0.0021059789159529885
chronos,2,amazon/chronos-2,simple_return,history,2025-09-09,0.0026881536531127015
chronos,2,amazon/chronos-2,simple_return,history,2025-09-10,0.002983469943562689
chronos,2,amazon/chronos-2,simple_return,history,2025-09-11,0.008485890387959882
chronos,2,amazon/chronos-2,simple_return,history,2025-09-12,-0.00048276131466740146
chronos,2,amazon/chronos-2,simple_return,history,2025-09-15,0.004706619226962694
chronos,2,amazon/chronos-2,simple_return,history,2025-09-16,-0.0012879303382402618
chronos,2,amazon/chronos-2,simple_return,history,2025-09-17,-0.0009701681605103207
chronos,2,amazon/chronos-2,simple_return,history,2025-09-18,0.004789119185128365
chronos,2,amazon/chronos-2,simple_return,history,2025-09-19,0.004885418870829605
chronos,2,amazon/chronos-2,simple_return,history,2025-09-22,0.004410046474333074
chronos,2,amazon/chronos-2,simple_return,history,2025-09-23,-0.005502159197012135
chronos,2,amazon/chronos-2,simple_return,history,2025-09-24,-0.002846617843333288
chronos,2,amazon/chronos-2,simple_return,history,2025-09-25,-0.0050090613431266195
chronos,2,amazon/chronos-2,simple_return,history,2025-09-26,0.005901836747171263
chronos,2,amazon/chronos-2,simple_return,history,2025-09-29,0.00263554421636214
chronos,2,amazon/chronos-2,simple_return,history,2025-09-30,0.0040908483833717035
chronos,2,amazon/chronos-2,simple_return,history,2025-10-01,0.003399920834961989
chronos,2,amazon/chronos-2,simple_return,history,2025-10-02,0.0006183547238911569
chronos,2,amazon/chronos-2,simple_return,history,2025-10-03,6.551280273581206e-05
chronos,2,amazon/chronos-2,simple_return,history,2025-10-06,0.0036465919796933033
chronos,2,amazon/chronos-2,simple_return,history,2025-10-07,-0.0038114057910215715
chronos,2,amazon/chronos-2,simple_return,history,2025-10-08,0.0058276636405680815
chronos,2,amazon/chronos-2,simple_return,history,2025-10-09,-0.002755570407195318
chronos,2,amazon/chronos-2,simple_return,history,2025-10-10,-0.02711167321141361
chronos,2,amazon/chronos-2,simple_return,history,2025-10-13,0.015598671787557583
chronos,2,amazon/chronos-2,simple_return,history,2025-10-14,-0.0015643266604626893
chronos,2,amazon/chronos-2,simple_return,history,2025-10-15,0.004026001159503689
chronos,2,amazon/chronos-2,simple_return,history,2025-10-16,-0.006294387099829435
chronos,2,amazon/chronos-2,simple_return,history,2025-10-17,0.0052707155502571545
chronos,2,amazon/chronos-2,simple_return,history,2025-10-20,0.010672270853256949
chronos,2,amazon/chronos-2,simple_return,history,2025-10-21,3.2696450934288634e-05
chronos,2,amazon/chronos-2,simple_return,history,2025-10-22,-0.005337539220865439
chronos,2,amazon/chronos-2,simple_return,history,2025-10-23,0.0058273934429324825
chronos,2,amazon/chronos-2,simple_return,history,2025-10-24,0.00790242258787388
chronos,2,amazon/chronos-2,simple_return,history,2025-10-27,0.012290050865671143
chronos,2,amazon/chronos-2,simple_return,history,2025-10-28,0.0022879438603986557
chronos,2,amazon/chronos-2,simple_return,history,2025-10-29,-4.3578255173426506e-05
chronos,2,amazon/chronos-2,simple_return,history,2025-10-30,-0.00990481243951924
chronos,2,amazon/chronos-2,simple_return,history,2025-10-31,0.0026179217059763005
chronos,2,amazon/chronos-2,simple_return,history,2025-11-03,0.0017207127269924793
chronos,2,amazon/chronos-2,simple_return,history,2025-11-04,-0.011736830084583816
chronos,2,amazon/chronos-2,simple_return,history,2025-11-05,0.0036535556982648654
chronos,2,amazon/chronos-2,simple_return,history,2025-11-06,-0.011178189042419073
chronos,2,amazon/chronos-2,simple_return,history,2025-11-07,0.0012618418007710464
chronos,2,amazon/chronos-2,simple_return,history,2025-11-10,0.01540101862170995
chronos,2,amazon/chronos-2,simple_return,history,2025-11-11,0.002075350517340535
chronos,2,amazon/chronos-2,simple_return,history,2025-11-12,0.0006295171887717999
chronos,2,amazon/chronos-2,simple_return,history,2025-11-13,-0.01655685496159698
chronos,2,amazon/chronos-2,simple_return,history,2025-11-14,-0.0005017255648851471
chronos,2,amazon/chronos-2,simple_return,history,2025-11-17,-0.00916226617680782
chronos,2,amazon/chronos-2,simple_return,history,2025-11-18,-0.008256436690967983
chronos,2,amazon/chronos-2,simple_return,history,2025-11-19,0.0037538357962292324
chronos,2,amazon/chronos-2,simple_return,history,2025-11-20,-0.015567283563270418
chronos,2,amazon/chronos-2,simple_return,history,2025-11-21,0.009823035415319481
chronos,2,amazon/chronos-2,simple_return,history,2025-11-24,0.015467217001293498
chronos,2,amazon/chronos-2,simple_return,history,2025-11-25,0.009061696817220577
chronos,2,amazon/chronos-2,simple_return,history,2025-11-26,0.006906711511012631
chronos,2,amazon/chronos-2,simple_return,history,2025-11-28,0.005354773163420257
chronos,2,amazon/chronos-2,simple_return,history,2025-12-01,-0.005323329342915684
chronos,2,amazon/chronos-2,simple_return,history,2025-12-02,0.002457235261999813
chronos,2,amazon/chronos-2,simple_return,history,2025-12-03,0.0029797912994984355
chronos,2,amazon/chronos-2,simple_return,history,2025-12-04,0.0010803218396737702
chronos,2,amazon/chronos-2,simple_return,history,2025-12-05,0.001936641757662061
chronos,2,amazon/chronos-2,simple_return,history,2025-12-08,-0.003477255626794018
chronos,2,amazon/chronos-2,simple_return,history,2025-12-09,-0.0008763589340257116
chronos,2,amazon/chronos-2,simple_return,history,2025-12-10,0.00674955693920154
chronos,2,amazon/chronos-2,simple_return,history,2025-12-11,0.002079350841514227
chronos,2,amazon/chronos-2,simple_return,history,2025-12-12,-0.010663649289958
chronos,2,amazon/chronos-2,simple_return,history,2025-12-15,-0.0015965630269072495
chronos,2,amazon/chronos-2,simple_return,history,2025-12-16,-0.0023839179519623555
chronos,2,amazon/chronos-2,simple_return,history,2025-12-17,-0.011592143912241393
chronos,2,amazon/chronos-2,simple_return,history,2025-12-18,0.007934262269941872
chronos,2,amazon/chronos-2,simple_return,history,2025-12-19,0.008818059450332205
chronos,2,amazon/chronos-2,simple_return,history,2025-12-22,0.006436496360377575
chronos,2,amazon/chronos-2,simple_return,history,2025-12-23,0.004550388765703239
chronos,2,amazon/chronos-2,simple_return,history,2025-12-24,0.0032214822012188726
chronos,2,amazon/chronos-2,simple_return,history,2025-12-26,-0.00030436354912266594
chronos,2,amazon/chronos-2,simple_return,history,2025-12-29,-0.00349205148036813
chronos,2,amazon/chronos-2,simple_return,history,2025-12-30,-0.0013756671519022934
chronos,2,amazon/chronos-2,simple_return,history,2025-12-31,-0.007357666300846111
chronos,2,amazon/chronos-2,simple_return,history,2026-01-02,0.0018947067188299638
chronos,2,amazon/chronos-2,simple_return,history,2026-01-05,0.006354126864826393
chronos,2,amazon/chronos-2,simple_return,history,2026-01-06,0.006196712678341321
chronos,2,amazon/chronos-2,simple_return,history,2026-01-07,-0.003439923431013958
chronos,2,amazon/chronos-2,simple_return,history,2026-01-08,7.65482590914246e-05
chronos,2,amazon/chronos-2,simple_return,history,2026-01-09,0.006475487031883276
chronos,2,amazon/chronos-2,simple_return,history,2026-01-12,0.001577633215136931
chronos,2,amazon/chronos-2,simple_return,history,2026-01-13,-0.0019391230550597216
chronos,2,amazon/chronos-2,simple_return,history,2026-01-14,-0.005333360445499591
chronos,2,amazon/chronos-2,simple_return,history,2026-01-15,0.0025799262171273263
chronos,2,amazon/chronos-2,simple_return,history,2026-01-16,-0.0006423023039563436
chronos,2,amazon/chronos-2,simple_return,history,2026-01-20,-0.02062675805627745
chronos,2,amazon/chronos-2,simple_return,history,2026-01-21,0.011587741323274559
chronos,2,amazon/chronos-2,simple_return,history,2026-01-22,0.005487502192628835
chronos,2,amazon/chronos-2,simple_return,history,2026-01-23,0.0003268698377891788
chronos,2,amazon/chronos-2,simple_return,history,2026-01-26,0.005006083031276365
chronos,2,amazon/chronos-2,simple_return,history,2026-01-27,0.004081896177137168
chronos,2,amazon/chronos-2,simple_return,history,2026-01-28,-8.172305219089626e-05
chronos,2,amazon/chronos-2,simple_return,history,2026-01-29,-0.001292631274007694
chronos,2,amazon/chronos-2,simple_return,history,2026-01-30,-0.004301899620894223
chronos,2,amazon/chronos-2,simple_return,history,2026-02-02,0.00539126612916796
chronos,2,amazon/chronos-2,simple_return,history,2026-02-03,-0.008403983020698336
chronos,2,amazon/chronos-2,simple_return,history,2026-02-04,-0.005072391906223106
chronos,2,amazon/chronos-2,simple_return,history,2026-02-05,-0.012251015567674717
chronos,2,amazon/chronos-2,simple_return,history,2026-02-06,0.0196957966973359
chronos,2,amazon/chronos-2,simple_return,history,2026-02-09,0.004691086716887227
chronos,2,amazon/chronos-2,simple_return,history,2026-02-10,-0.003303712975458173
chronos,2,amazon/chronos-2,simple_return,history,2026-02-11,-4.895607156218951e-05
chronos,2,amazon/chronos-2,simple_return,history,2026-02-12,-0.01566101212770199
chronos,2,amazon/chronos-2,simple_return,history,2026-02-13,0.0004990891480125548
chronos,2,amazon/chronos-2,simple_return,history,2026-02-17,0.0010313220779065713
chronos,2,amazon/chronos-2,simple_return,history,2026-02-18,0.005566070147410729
chronos,2,amazon/chronos-2,simple_return,history,2026-02-19,-0.0028221256867719813
chronos,2,amazon/chronos-2,simple_return,history,2026-02-20,0.006939724763506794
chronos,2,amazon/chronos-2,simple_return,history,2026-02-23,-0.010385652247284827
chronos,2,amazon/chronos-2,simple_return,history,2026-02-24,0.0076516140863223114
chronos,2,amazon/chronos-2,simple_return,history,2026-02-25,0.008136355657339944
chronos,2,amazon/chronos-2,simple_return,history,2026-02-26,-0.005365580569328343
chronos,2,amazon/chronos-2,simple_return,history,2026-02-27,-0.00433935281103115
chronos,2,amazon/chronos-2,simple_return,history,2026-03-02,0.0003983547353176853
chronos,2,amazon/chronos-2,simple_return,history,2026-03-03,-0.009444031095625416
chronos,2,amazon/chronos-2,simple_return,history,2026-03-04,0.007756049264286302
chronos,2,amazon/chronos-2,simple_return,history,2026-03-05,-0.005646704863891072
chronos,2,amazon/chronos-2,simple_return,history,2026-03-06,-0.013276795812569242
chronos,2,amazon/chronos-2,simple_return,history,2026-03-09,0.008304161513105202
chronos,2,amazon/chronos-2,simple_return,history,2026-03-10,-0.0021351198877325173
chronos,2,amazon/chronos-2,simple_return,history,2026-03-11,-0.0008376012017449197
chronos,2,amazon/chronos-2,simple_return,history,2026-03-12,-0.015227676506708532
chronos,2,amazon/chronos-2,simple_return,history,2026-03-13,-0.006059115470564369
chronos,2,amazon/chronos-2,simple_return,history,2026-03-16,0.010130883162251969
chronos,2,amazon/chronos-2,simple_return,history,2026-03-17,0.0024942548757938
chronos,2,amazon/chronos-2,simple_return,history,2026-03-18,-0.013607567880073446
chronos,2,amazon/chronos-2,simple_return,history,2026-03-19,-0.002748797741878972
chronos,2,amazon/chronos-2,simple_return,history,2026-03-20,-0.015138182356779217
chronos,2,amazon/chronos-2,simple_return,history,2026-03-23,0.011453200463990454
chronos,2,amazon/chronos-2,simple_return,history,2026-03-24,-0.0037425745042546366
chronos,2,amazon/chronos-2,simple_return,history,2026-03-25,0.005419124381509377
chronos,2,amazon/chronos-2,simple_return,history,2026-03-26,-0.017406172392416708
chronos,2,amazon/chronos-2,simple_return,history,2026-03-27,-0.01672184352107431
chronos,2,amazon/chronos-2,simple_return,history,2026-03-30,-0.003945748828622642
chronos,2,amazon/chronos-2,simple_return,history,2026-03-31,0.02913114047102594
chronos,2,amazon/chronos-2,simple_return,history,2026-04-01,0.007168516684867399
chronos,2,amazon/chronos-2,simple_return,history,2026-04-02,0.0011208758485563575
chronos,2,amazon/chronos-2,simple_return,history,2026-04-06,0.0044267825126402816
chronos,2,amazon/chronos-2,simple_return,history,2026-04-07,0.0007592481161695641
chronos,2,amazon/chronos-2,simple_return,history,2026-04-08,0.025081414644149813
chronos,2,amazon/chronos-2,simple_return,history,2026-04-09,0.006170023529293189
chronos,2,amazon/chronos-2,simple_return,history,2026-04-10,-0.0011385210916523558
chronos,2,amazon/chronos-2,simple_return,history,2026-04-13,0.010173274948748201
chronos,2,amazon/chronos-2,simple_return,history,2026-04-14,0.011782866364792755
chronos,2,amazon/chronos-2,simple_return,history,2026-04-15,0.007975783355387733
chronos,2,amazon/chronos-2,simple_return,history,2026-04-16,0.0026099558353673835
chronos,2,amazon/chronos-2,simple_return,history,2026-04-17,0.012040463669150903
chronos,2,amazon/chronos-2,simple_return,history,2026-04-20,-0.002374372617670484
chronos,2,amazon/chronos-2,simple_return,history,2026-04-21,-0.006348217959672997
chronos,2,amazon/chronos-2,simple_return,history,2026-04-22,0.010460084168953943
chronos,2,amazon/chronos-2,simple_return,history,2026-04-23,-0.004132868267081369
chronos,2,amazon/chronos-2,simple_return,history,2026-04-24,0.007973689797975636
chronos,2,amazon/chronos-2,simple_return,history,2026-04-27,0.0012323767534654362
chronos,2,amazon/chronos-2,simple_return,history,2026-04-28,-0.004894172187521972
chronos,2,amazon/chronos-2,simple_return,history,2026-04-29,-0.0003991720531409948
chronos,2,amazon/chronos-2,simple_return,history,2026-04-30,0.010238239941821936
chronos,2,amazon/chronos-2,simple_return,history,2026-05-01,0.002928328889657106
chronos,2,amazon/chronos-2,simple_return,history,2026-05-04,-0.004062189384334225
chronos,2,amazon/chronos-2,simple_return,history,2026-05-05,0.008120017337603702
chronos,2,amazon/chronos-2,simple_return,history,2026-05-06,0.014588330317794274
chronos,2,amazon/chronos-2,simple_return,history,2026-05-07,-0.003803095327784889
chronos,2,amazon/chronos-2,simple_return,history,2026-05-08,0.008425703533400997
chronos,2,amazon/chronos-2,simple_return,history,2026-05-11,0.0018799566475542484
chronos,2,amazon/chronos-2,simple_return,history,2026-05-12,-0.0016026088601545085
chronos,2,amazon/chronos-2,simple_return,history,2026-05-13,0.005849246488426552
chronos,2,amazon/chronos-2,simple_return,history,2026-05-14,0.007655604577358366
chronos,2,amazon/chronos-2,simple_return,history,2026-05-15,-0.012363320128051747
chronos,2,amazon/chronos-2,simple_return,history,2026-05-18,-0.0007356678561787344
chronos,2,amazon/chronos-2,simple_return,history,2026-05-19,-0.006678320788135905
chronos,2,amazon/chronos-2,simple_return,history,2026-05-20,0.010792026370445518
chronos,2,amazon/chronos-2,simple_return,history,2026-05-21,0.0017153304306989359
chronos,2,amazon/chronos-2,simple_return,history,2026-05-22,0.0037269732409066503
chronos,2,amazon/chronos-2,simple_return,history,2026-05-26,0.006108260424063872
chronos,2,amazon/chronos-2,simple_return,history,2026-05-27,0.00016487914469087706
chronos,2,amazon/chronos-2,simple_return,history,2026-05-28,0.005753716619668614
chronos,2,amazon/chronos-2,simple_return,history,2026-05-29,0.002172260678511728
chronos,2,amazon/chronos-2,simple_return,history,2026-06-01,0.0026252961308912415
chronos,2,amazon/chronos-2,simple_return,history,2026-06-02,0.0012920889411551784
chronos,2,amazon/chronos-2,simple_return,history,2026-06-03,-0.007372041104846239
chronos,2,amazon/chronos-2,simple_return,history,2026-06-04,0.004054961568363158
chronos,2,amazon/chronos-2,simple_return,history,2026-06-05,-0.026445361894386843
chronos,2,amazon/chronos-2,simple_return,history,2026-06-08,0.0029781310549599205
chronos,2,amazon/chronos-2,simple_return,history,2026-06-09,-0.0025763939780845124
chronos,2,amazon/chronos-2,simple_return,history,2026-06-10,-0.016199450298948426
chronos,2,amazon/chronos-2,simple_return,history,2026-06-11,0.017518885564244746
chronos,2,amazon/chronos-2,simple_return,history,2026-06-12,0.0050255138730570525
chronos,2,amazon/chronos-2,simple_return,history,2026-06-15,0.016528391294663436
chronos,2,amazon/chronos-2,simple_return,history,2026-06-16,-0.005684179609759754
chronos,2,amazon/chronos-2,simple_return,history,2026-06-17,-0.012148282108228825
chronos,2,amazon/chronos-2,simple_return,history,2026-06-18,0.010846212235623431
chronos,2,amazon/chronos-2,simple_return,history,2026-06-22,-0.003705051979052687
chronos,2,amazon/chronos-2,simple_return,history,2026-06-23,-0.014362785193208105
chronos,2,amazon/chronos-2,simple_return,history,2026-06-24,-0.0009829319733113406
chronos,2,amazon/chronos-2,simple_return,history,2026-06-25,-9.92061187945481e-05
chronos,2,amazon/chronos-2,simple_return,history,2026-06-26,-0.00047165741757115853
chronos,2,amazon/chronos-2,simple_return,history,2026-06-29,0.011750057250389023
chronos,2,amazon/chronos-2,simple_return,history,2026-06-30,0.007920198981480553
chronos,2,amazon/chronos-2,simple_return,history,2026-07-01,-0.0021508346187620875
chronos,2,amazon/chronos-2,simple_return,history,2026-07-02,1.3702513856905796e-06
chronos,2,amazon/chronos-2,simple_return,history,2026-07-06,0.00724150765029874
chronos,2,amazon/chronos-2,simple_return,history,2026-07-07,-0.0044551096782159405
chronos,2,amazon/chronos-2,simple_return,history,2026-07-08,-0.002817238676629863
chronos,2,amazon/chronos-2,simple_return,history,2026-07-09,0.008142795337428232
chronos,2,amazon/chronos-2,simple_return,actual,2026-07-10,0.004208843399813977
chronos,2,amazon/chronos-2,simple_return,actual,2026-07-13,-0.007927023147980106
chronos,2,amazon/chronos-2,simple_return,actual,2026-07-14,0.0037589783811964317
chronos,2,amazon/chronos-2,simple_return,actual,2026-07-15,0.003819144358387927
chronos,2,amazon/chronos-2,simple_return,actual,2026-07-16,-0.005101405539945647
chronos,2,amazon/chronos-2,simple_return,actual,2026-07-17,-0.010098540030789804
chronos,2,amazon/chronos-2,simple_return,actual,2026-07-20,-0.0019322546744660052
chronos,2,amazon/chronos-2,simple_return,actual,2026-07-21,0.008856366018608064
chronos,2,amazon/chronos-2,simple_return,actual,2026-07-22,-0.0013636917526039793
chronos,2,amazon/chronos-2,simple_return,actual,2026-07-23,-0.012089697334330851
chronos,2,amazon/chronos-2,simple_return,actual,2026-07-24,0.0004967638835191579
chronos,2,amazon/chronos-2,simple_return,actual,2026-07-27,0.0001619264104413265
chronos,2,amazon/chronos-2,simple_return,actual,2026-07-28,0.002104307328987254
chronos,2,amazon/chronos-2,simple_return,actual,2026-07-29,-0.015161289750108109
chronos,2,amazon/chronos-2,simple_return,actual,2026-07-30,0.016604359135647728
chronos,2,amazon/chronos-2,simple_return,actual,2026-07-31,0.00700361981598796
chronos,2,amazon/chronos-2,simple_return,actual,2026-08-03,0.01479091100582064
chronos,2,amazon/chronos-2,simple_return,actual,2026-08-04,0.01789619360979544
chronos,2,amazon/chronos-2,simple_return,actual,2026-08-05,-0.0016764921193257454
chronos,2,amazon/chronos-2,simple_return,actual,2026-08-06,-0.0017595333873230423
chronos,2,amazon/chronos-2,simple_return,actual,2026-08-07,0.006184231308959065
chronos,2,amazon/chronos-2,simple_return,naive,2026-07-10,0.008142795337428232
chronos,2,amazon/chronos-2,simple_return,naive,2026-07-13,0.008142795337428232
chronos,2,amazon/chronos-2,simple_return,naive,2026-07-14,0.008142795337428232
chronos,2,amazon/chronos-2,simple_return,naive,2026-07-15,0.008142795337428232
chronos,2,amazon/chronos-2,simple_return,naive,2026-07-16,0.008142795337428232
chronos,2,amazon/chronos-2,simple_return,naive,2026-07-17,0.008142795337428232
chronos,2,amazon/chronos-2,simple_return,naive,2026-07-20,0.008142795337428232
chronos,2,amazon/chronos-2,simple_return,naive,2026-07-21,0.008142795337428232
chronos,2,amazon/chronos-2,simple_return,naive,2026-07-22,0.008142795337428232
chronos,2,amazon/chronos-2,simple_return,naive,2026-07-23,0.008142795337428232
chronos,2,amazon/chronos-2,simple_return,naive,2026-07-24,0.008142795337428232
chronos,2,amazon/chronos-2,simple_return,naive,2026-07-27,0.008142795337428232
chronos,2,amazon/chronos-2,simple_return,naive,2026-07-28,0.008142795337428232
chronos,2,amazon/chronos-2,simple_return,naive,2026-07-29,0.008142795337428232
chronos,2,amazon/chronos-2,simple_return,naive,2026-07-30,0.008142795337428232
chronos,2,amazon/chronos-2,simple_return,naive,2026-07-31,0.008142795337428232
chronos,2,amazon/chronos-2,simple_return,naive,2026-08-03,0.008142795337428232
chronos,2,amazon/chronos-2,simple_return,naive,2026-08-04,0.008142795337428232
chronos,2,amazon/chronos-2,simple_return,naive,2026-08-05,0.008142795337428232
chronos,2,amazon/chronos-2,simple_return,naive,2026-08-06,0.008142795337428232
chronos,2,amazon/chronos-2,simple_return,naive,2026-08-07,0.008142795337428232
chronos,2,amazon/chronos-2,simple_return,forecast,2026-07-10,0.0016089081764221191
chronos,2,amazon/chronos-2,simple_return,forecast,2026-07-13,0.0016509396955370903
chronos,2,amazon/chronos-2,simple_return,forecast,2026-07-14,0.0016017088200896978
chronos,2,amazon/chronos-2,simple_return,forecast,2026-07-15,0.0015563768101856112
chronos,2,amazon/chronos-2,simple_return,forecast,2026-07-16,0.0015851259231567383
chronos,2,amazon/chronos-2,simple_return,forecast,2026-07-17,0.0016075125895440578
chronos,2,amazon/chronos-2,simple_return,forecast,2026-07-20,0.001604651566594839
chronos,2,amazon/chronos-2,simple_return,forecast,2026-07-21,0.0015669618733227253
chronos,2,amazon/chronos-2,simple_return,forecast,2026-07-22,0.0016611824976280332
chronos,2,amazon/chronos-2,simple_return,forecast,2026-07-23,0.0016392219113186002
chronos,2,amazon/chronos-2,simple_return,forecast,2026-07-24,0.0016750951763242483
chronos,2,amazon/chronos-2,simple_return,forecast,2026-07-27,0.0016196169890463352
chronos,2,amazon/chronos-2,simple_return,forecast,2026-07-28,0.001670844736509025
chronos,2,amazon/chronos-2,simple_return,forecast,2026-07-29,0.0015996735310181975
chronos,2,amazon/chronos-2,simple_return,forecast,2026-07-30,0.0015967334620654583
chronos,2,amazon/chronos-2,simple_return,forecast,2026-07-31,0.00159235461615026
chronos,2,amazon/chronos-2,simple_return,forecast,2026-08-03,0.001516647171229124
chronos,2,amazon/chronos-2,simple_return,forecast,2026-08-04,0.0014720105100423098
chronos,2,amazon/chronos-2,simple_return,forecast,2026-08-05,0.0014677599538117647
chronos,2,amazon/chronos-2,simple_return,forecast,2026-08-06,0.0014991745119914412
chronos,2,amazon/chronos-2,simple_return,forecast,2026-08-07,0.0013079061172902584
chronos,2,amazon/chronos-2,log_return,history,2024-06-24,-0.0030698791558664423
chronos,2,amazon/chronos-2,log_return,history,2024-06-25,0.003925873679181344
chronos,2,amazon/chronos-2,log_return,history,2024-06-26,0.0015711962247204525
chronos,2,amazon/chronos-2,log_return,history,2024-06-27,0.0009069098567990731
chronos,2,amazon/chronos-2,log_return,history,2024-06-28,-0.0040920134623695995
chronos,2,amazon/chronos-2,log_return,history,2024-07-01,0.0026719909814295235
chronos,2,amazon/chronos-2,log_return,history,2024-07-02,0.0061762057711850496
chronos,2,amazon/chronos-2,log_return,history,2024-07-03,0.0050715622695336636
chronos,2,amazon/chronos-2,log_return,history,2024-07-05,0.00543397436096954
chronos,2,amazon/chronos-2,log_return,history,2024-07-08,0.0010161824764044329
chronos,2,amazon/chronos-2,log_return,history,2024-07-09,0.0007407974780654752
chronos,2,amazon/chronos-2,log_return,history,2024-07-10,0.010156314878105886
chronos,2,amazon/chronos-2,log_return,history,2024-07-11,-0.008801649969266724
chronos,2,amazon/chronos-2,log_return,history,2024-07-12,0.00550186402496512
chronos,2,amazon/chronos-2,log_return,history,2024-07-15,0.0028222164233526843
chronos,2,amazon/chronos-2,log_return,history,2024-07-16,0.0063690499714532745
chronos,2,amazon/chronos-2,log_return,history,2024-07-17,-0.014025441523645543
chronos,2,amazon/chronos-2,log_return,history,2024-07-18,-0.007847112145350072
chronos,2,amazon/chronos-2,log_return,history,2024-07-19,-0.007165879226406084
chronos,2,amazon/chronos-2,log_return,history,2024-07-22,0.010734217246220293
chronos,2,amazon/chronos-2,log_return,history,2024-07-23,-0.0015593176939461904
chronos,2,amazon/chronos-2,log_return,history,2024-07-24,-0.02342124222289286
chronos,2,amazon/chronos-2,log_return,history,2024-07-25,-0.005155889019717259
chronos,2,amazon/chronos-2,log_return,history,2024-07-26,0.011029420409570924
chronos,2,amazon/chronos-2,log_return,history,2024-07-29,0.0008129795718284517
chronos,2,amazon/chronos-2,log_return,history,2024-07-30,-0.0049725143613676215
chronos,2,amazon/chronos-2,log_return,history,2024-07-31,0.015669980701917767
chronos,2,amazon/chronos-2,log_return,history,2024-08-01,-0.013788123791990166
chronos,2,amazon/chronos-2,log_return,history,2024-08-02,-0.01855290660855327
chronos,2,amazon/chronos-2,log_return,history,2024-08-05,-0.0304270413923931
chronos,2,amazon/chronos-2,log_return,history,2024-08-06,0.010300849493599515
chronos,2,amazon/chronos-2,log_return,history,2024-08-07,-0.007764715388769489
chronos,2,amazon/chronos-2,log_return,history,2024-08-08,0.02278113959089888
chronos,2,amazon/chronos-2,log_return,history,2024-08-09,0.004660798434381699
chronos,2,amazon/chronos-2,log_return,history,2024-08-12,4.30330517200971e-05
chronos,2,amazon/chronos-2,log_return,history,2024-08-13,0.016707233419049988
chronos,2,amazon/chronos-2,log_return,history,2024-08-14,0.00381643656119841
chronos,2,amazon/chronos-2,log_return,history,2024-08-15,0.01600448993130413
chronos,2,amazon/chronos-2,log_return,history,2024-08-16,0.0019878023683961516
chronos,2,amazon/chronos-2,log_return,history,2024-08-19,0.009675327436177775
chronos,2,amazon/chronos-2,log_return,history,2024-08-20,-0.001986527237609709
chronos,2,amazon/chronos-2,log_return,history,2024-08-21,0.004230714721006796
chronos,2,amazon/chronos-2,log_return,history,2024-08-22,-0.00897294225665722
chronos,2,amazon/chronos-2,log_return,history,2024-08-23,0.01141793740166443
chronos,2,amazon/chronos-2,log_return,history,2024-08-26,-0.003158710169605814
chronos,2,amazon/chronos-2,log_return,history,2024-08-27,0.0015939251127232035
chronos,2,amazon/chronos-2,log_return,history,2024-08-28,-0.005993900794735211
chronos,2,amazon/chronos-2,log_return,history,2024-08-29,-3.937984343658622e-05
chronos,2,amazon/chronos-2,log_return,history,2024-08-30,0.010042457079144168
chronos,2,amazon/chronos-2,log_return,history,2024-09-03,-0.021377963372397696
chronos,2,amazon/chronos-2,log_return,history,2024-09-04,-0.0016038290273809634
chronos,2,amazon/chronos-2,log_return,history,2024-09-05,-0.003022581014674196
chronos,2,amazon/chronos-2,log_return,history,2024-09-06,-0.017410944507424406
chronos,2,amazon/chronos-2,log_return,history,2024-09-09,0.011513534435818254
chronos,2,amazon/chronos-2,log_return,history,2024-09-10,0.004462699977793541
chronos,2,amazon/chronos-2,log_return,history,2024-09-11,0.01060855564984334
chronos,2,amazon/chronos-2,log_return,history,2024-09-12,0.00746735215680267
chronos,2,amazon/chronos-2,log_return,history,2024-09-13,0.0053931422343560355
chronos,2,amazon/chronos-2,log_return,history,2024-09-16,0.0012558408673102855
chronos,2,amazon/chronos-2,log_return,history,2024-09-17,0.00026451509389645083
chronos,2,amazon/chronos-2,log_return,history,2024-09-18,-0.0029006587083132912
chronos,2,amazon/chronos-2,log_return,history,2024-09-19,0.016834356892725128
chronos,2,amazon/chronos-2,log_return,history,2024-09-20,-0.0019429136300157341
chronos,2,amazon/chronos-2,log_return,history,2024-09-23,0.0028053344257131223
chronos,2,amazon/chronos-2,log_return,history,2024-09-24,0.002508031103345345
chronos,2,amazon/chronos-2,log_return,history,2024-09-25,-0.001862983206212128
chronos,2,amazon/chronos-2,log_return,history,2024-09-26,0.004030542158199222
chronos,2,amazon/chronos-2,log_return,history,2024-09-27,-0.0012540029000721238
chronos,2,amazon/chronos-2,log_return,history,2024-09-30,0.004227603658441509
chronos,2,amazon/chronos-2,log_return,history,2024-10-01,-0.009367848694454447
chronos,2,amazon/chronos-2,log_return,history,2024-10-02,0.00013838132698647728
chronos,2,amazon/chronos-2,log_return,history,2024-10-03,-0.0016828286544586894
chronos,2,amazon/chronos-2,log_return,history,2024-10-04,0.008930255699186382
chronos,2,amazon/chronos-2,log_return,history,2024-10-07,-0.009632263829388773
chronos,2,amazon/chronos-2,log_return,history,2024-10-08,0.009642706804694385
chronos,2,amazon/chronos-2,log_return,history,2024-10-09,0.007088231016994585
chronos,2,amazon/chronos-2,log_return,history,2024-10-10,-0.0020722685059824846
chronos,2,amazon/chronos-2,log_return,history,2024-10-11,0.00603360870729872
chronos,2,amazon/chronos-2,log_return,history,2024-10-14,0.007678114574594323
chronos,2,amazon/chronos-2,log_return,history,2024-10-15,-0.0076385660375134215
chronos,2,amazon/chronos-2,log_return,history,2024-10-16,0.004668232782779766
chronos,2,amazon/chronos-2,log_return,history,2024-10-17,-0.00017117512853816633
chronos,2,amazon/chronos-2,log_return,history,2024-10-18,0.003963686942774387
chronos,2,amazon/chronos-2,log_return,history,2024-10-21,-0.001824432756419033
chronos,2,amazon/chronos-2,log_return,history,2024-10-22,-0.0004749666671957937
chronos,2,amazon/chronos-2,log_return,history,2024-10-23,-0.009233824267679564
chronos,2,amazon/chronos-2,log_return,history,2024-10-24,0.0021434731305568283
chronos,2,amazon/chronos-2,log_return,history,2024-10-25,-0.00029949201318627087
chronos,2,amazon/chronos-2,log_return,history,2024-10-28,0.002647934626732945
chronos,2,amazon/chronos-2,log_return,history,2024-10-29,0.0016128259449012198
chronos,2,amazon/chronos-2,log_return,history,2024-10-30,-0.0033056916724881185
chronos,2,amazon/chronos-2,log_return,history,2024-10-31,-0.018790134928745348
chronos,2,amazon/chronos-2,log_return,history,2024-11-01,0.004084158004525459
chronos,2,amazon/chronos-2,log_return,history,2024-11-04,-0.0028160448131902913
chronos,2,amazon/chronos-2,log_return,history,2024-11-05,0.012191031029563081
chronos,2,amazon/chronos-2,log_return,history,2024-11-06,0.024981280957186654
chronos,2,amazon/chronos-2,log_return,history,2024-11-07,0.007403754173995657
chronos,2,amazon/chronos-2,log_return,history,2024-11-08,0.0037497940357180464
chronos,2,amazon/chronos-2,log_return,history,2024-11-11,0.0009685941909569238
chronos,2,amazon/chronos-2,log_return,history,2024-11-12,-0.0028968514769364996
chronos,2,amazon/chronos-2,log_return,history,2024-11-13,0.00023220076414018386
chronos,2,amazon/chronos-2,log_return,history,2024-11-14,-0.006068108582244
chronos,2,amazon/chronos-2,log_return,history,2024-11-15,-0.013291430866793769
chronos,2,amazon/chronos-2,log_return,history,2024-11-18,0.003910159746206537
chronos,2,amazon/chronos-2,log_return,history,2024-11-19,0.003955750520596487
chronos,2,amazon/chronos-2,log_return,history,2024-11-20,2.19506213354446e-05
chronos,2,amazon/chronos-2,log_return,history,2024-11-21,0.005326251844288491
chronos,2,amazon/chronos-2,log_return,history,2024-11-22,0.0034619595915364653
chronos,2,amazon/chronos-2,log_return,history,2024-11-25,0.0030159278201245415
chronos,2,amazon/chronos-2,log_return,history,2024-11-26,0.005705697155263866
chronos,2,amazon/chronos-2,log_return,history,2024-11-27,-0.003808481083577712
chronos,2,amazon/chronos-2,log_return,history,2024-11-29,0.005592120396801623
chronos,2,amazon/chronos-2,log_return,history,2024-12-02,0.0024454638805813736
chronos,2,amazon/chronos-2,log_return,history,2024-12-03,0.0004513472420221813
chronos,2,amazon/chronos-2,log_return,history,2024-12-04,0.00603318162813612
chronos,2,amazon/chronos-2,log_return,history,2024-12-05,-0.0018715258393823342
chronos,2,amazon/chronos-2,log_return,history,2024-12-06,0.0024923453675383123
chronos,2,amazon/chronos-2,log_return,history,2024-12-09,-0.006163167285227462
chronos,2,amazon/chronos-2,log_return,history,2024-12-10,-0.002968284314279252
chronos,2,amazon/chronos-2,log_return,history,2024-12-11,0.008132626411368235
chronos,2,amazon/chronos-2,log_return,history,2024-12-12,-0.005428731461463251
chronos,2,amazon/chronos-2,log_return,history,2024-12-13,-2.646698937187397e-05
chronos,2,amazon/chronos-2,log_return,history,2024-12-16,0.0037921550087844295
chronos,2,amazon/chronos-2,log_return,history,2024-12-17,-0.0038714794806554956
chronos,2,amazon/chronos-2,log_return,history,2024-12-18,-0.02993650530451818
chronos,2,amazon/chronos-2,log_return,history,2024-12-19,-0.0008654867505367934
chronos,2,amazon/chronos-2,log_return,history,2024-12-20,0.010810479402397299
chronos,2,amazon/chronos-2,log_return,history,2024-12-23,0.007260849585616372
chronos,2,amazon/chronos-2,log_return,history,2024-12-24,0.010982233165126825
chronos,2,amazon/chronos-2,log_return,history,2024-12-26,-0.0004057410882578191
chronos,2,amazon/chronos-2,log_return,history,2024-12-27,-0.01111730496491221
chronos,2,amazon/chronos-2,log_return,history,2024-12-30,-0.010759673941729728
chronos,2,amazon/chronos-2,log_return,history,2024-12-31,-0.0042940064589823065
chronos,2,amazon/chronos-2,log_return,history,2025-01-02,-0.002226363149448992
chronos,2,amazon/chronos-2,log_return,history,2025-01-03,0.01251735670782609
chronos,2,amazon/chronos-2,log_return,history,2025-01-06,0.005522766496818171
chronos,2,amazon/chronos-2,log_return,history,2025-01-07,-0.011166021516637011
chronos,2,amazon/chronos-2,log_return,history,2025-01-08,0.0015591440938312422
chronos,2,amazon/chronos-2,log_return,history,2025-01-10,-0.015531637650233373
chronos,2,amazon/chronos-2,log_return,history,2025-01-13,0.0015742043780551176
chronos,2,amazon/chronos-2,log_return,history,2025-01-14,0.001145623334164268
chronos,2,amazon/chronos-2,log_return,history,2025-01-15,0.018147132504516373
chronos,2,amazon/chronos-2,log_return,history,2025-01-16,-0.0021149243408667613
chronos,2,amazon/chronos-2,log_return,history,2025-01-17,0.009941478308394033
chronos,2,amazon/chronos-2,log_return,history,2025-01-21,0.00873000944059605
chronos,2,amazon/chronos-2,log_return,history,2025-01-22,0.00611918108699413
chronos,2,amazon/chronos-2,log_return,history,2025-01-23,0.005299419459529372
chronos,2,amazon/chronos-2,log_return,history,2025-01-24,-0.002859215984467759
chronos,2,amazon/chronos-2,log_return,history,2025-01-27,-0.014688059032112328
chronos,2,amazon/chronos-2,log_return,history,2025-01-28,0.009175644177716802
chronos,2,amazon/chronos-2,log_return,history,2025-01-29,-0.004689876056919602
chronos,2,amazon/chronos-2,log_return,history,2025-01-30,0.005261548152180238
chronos,2,amazon/chronos-2,log_return,history,2025-01-31,-0.005059603990267195
chronos,2,amazon/chronos-2,log_return,history,2025-02-03,-0.007637690729495203
chronos,2,amazon/chronos-2,log_return,history,2025-02-04,0.007198907403029114
chronos,2,amazon/chronos-2,log_return,history,2025-02-05,0.003901053915613614
chronos,2,amazon/chronos-2,log_return,history,2025-02-06,0.003637674355266266
chronos,2,amazon/chronos-2,log_return,history,2025-02-07,-0.0095098456936602
chronos,2,amazon/chronos-2,log_return,history,2025-02-10,0.006690112295455172
chronos,2,amazon/chronos-2,log_return,history,2025-02-11,0.00033952514367385523
chronos,2,amazon/chronos-2,log_return,history,2025-02-12,-0.0027275831896475754
chronos,2,amazon/chronos-2,log_return,history,2025-02-13,0.010372313214235747
chronos,2,amazon/chronos-2,log_return,history,2025-02-14,-7.19463955744955e-05
chronos,2,amazon/chronos-2,log_return,history,2025-02-18,0.002442003655551809
chronos,2,amazon/chronos-2,log_return,history,2025-02-19,0.0023741488668242434
chronos,2,amazon/chronos-2,log_return,history,2025-02-20,-0.004343604884290259
chronos,2,amazon/chronos-2,log_return,history,2025-02-21,-0.017211396672539132
chronos,2,amazon/chronos-2,log_return,history,2025-02-24,-0.004981493566252351
chronos,2,amazon/chronos-2,log_return,history,2025-02-25,-0.004690715138395557
chronos,2,amazon/chronos-2,log_return,history,2025-02-26,0.00013601502958346571
chronos,2,amazon/chronos-2,log_return,history,2025-02-27,-0.015991742678524653
chronos,2,amazon/chronos-2,log_return,history,2025-02-28,0.015729780420663385
chronos,2,amazon/chronos-2,log_return,history,2025-03-03,-0.017753402648308866
chronos,2,amazon/chronos-2,log_return,history,2025-03-04,-0.012310288231505477
chronos,2,amazon/chronos-2,log_return,history,2025-03-05,0.011097472528735688
chronos,2,amazon/chronos-2,log_return,history,2025-03-06,-0.017979677107455568
chronos,2,amazon/chronos-2,log_return,history,2025-03-07,0.005505435045454467
chronos,2,amazon/chronos-2,log_return,history,2025-03-10,-0.027343541788428148
chronos,2,amazon/chronos-2,log_return,history,2025-03-11,-0.007596646918536578
chronos,2,amazon/chronos-2,log_return,history,2025-03-12,0.004874967940490777
chronos,2,amazon/chronos-2,log_return,history,2025-03-13,-0.013988366806464148
chronos,2,amazon/chronos-2,log_return,history,2025-03-14,0.02104290595319694
chronos,2,amazon/chronos-2,log_return,history,2025-03-17,0.006395634974606036
chronos,2,amazon/chronos-2,log_return,history,2025-03-18,-0.010710667074319702
chronos,2,amazon/chronos-2,log_return,history,2025-03-19,0.010740608172953766
chronos,2,amazon/chronos-2,log_return,history,2025-03-20,-0.002187283513782985
chronos,2,amazon/chronos-2,log_return,history,2025-03-21,0.0008243136078323211
chronos,2,amazon/chronos-2,log_return,history,2025-03-24,0.01749211712863917
chronos,2,amazon/chronos-2,log_return,history,2025-03-25,0.0015730954906538206
chronos,2,amazon/chronos-2,log_return,history,2025-03-26,-0.011219640357598032
chronos,2,amazon/chronos-2,log_return,history,2025-03-27,-0.0033124610071321114
chronos,2,amazon/chronos-2,log_return,history,2025-03-28,-0.019934601126853548
chronos,2,amazon/chronos-2,log_return,history,2025-03-31,0.005523240357645722
chronos,2,amazon/chronos-2,log_return,history,2025-04-01,0.0037741045552120668
chronos,2,amazon/chronos-2,log_return,history,2025-04-02,0.006705661429484109
chronos,2,amazon/chronos-2,log_return,history,2025-04-03,-0.04960591182899663
chronos,2,amazon/chronos-2,log_return,history,2025-04-04,-0.061609061898230934
chronos,2,amazon/chronos-2,log_return,history,2025-04-07,-0.0023341946059635883
chronos,2,amazon/chronos-2,log_return,history,2025-04-08,-0.015825083277054855
chronos,2,amazon/chronos-2,log_return,history,2025-04-09,0.09089487983303646
chronos,2,amazon/chronos-2,log_return,history,2025-04-10,-0.03522060702411168
chronos,2,amazon/chronos-2,log_return,history,2025-04-11,0.01793038083577807
chronos,2,amazon/chronos-2,log_return,history,2025-04-14,0.007913319326342991
chronos,2,amazon/chronos-2,log_return,history,2025-04-15,-0.001729275225300909
chronos,2,amazon/chronos-2,log_return,history,2025-04-16,-0.022663253964902527
chronos,2,amazon/chronos-2,log_return,history,2025-04-17,0.0013259586237727749
chronos,2,amazon/chronos-2,log_return,history,2025-04-21,-0.02384964833401801
chronos,2,amazon/chronos-2,log_return,history,2025-04-22,0.02480695212545062
chronos,2,amazon/chronos-2,log_return,history,2025-04-23,0.016523864366879457
chronos,2,amazon/chronos-2,log_return,history,2025-04-24,0.020056628082583162
chronos,2,amazon/chronos-2,log_return,history,2025-04-25,0.0073460847957005125
chronos,2,amazon/chronos-2,log_return,history,2025-04-28,0.0006405015390019333
chronos,2,amazon/chronos-2,log_return,history,2025-04-29,0.005785641545556399
chronos,2,amazon/chronos-2,log_return,history,2025-04-30,0.0014788972519335208
chronos,2,amazon/chronos-2,log_return,history,2025-05-01,0.006279345716451974
chronos,2,amazon/chronos-2,log_return,history,2025-05-02,0.014619191109112719
chronos,2,amazon/chronos-2,log_return,history,2025-05-05,-0.006402047029318447
chronos,2,amazon/chronos-2,log_return,history,2025-05-06,-0.007722985278391797
chronos,2,amazon/chronos-2,log_return,history,2025-05-07,0.004336938106710132
chronos,2,amazon/chronos-2,log_return,history,2025-05-08,0.005783021147465641
chronos,2,amazon/chronos-2,log_return,history,2025-05-09,-0.0007117341348763632
chronos,2,amazon/chronos-2,log_return,history,2025-05-12,0.03203997667702081
chronos,2,amazon/chronos-2,log_return,history,2025-05-13,0.007222059020245977
chronos,2,amazon/chronos-2,log_return,history,2025-05-14,0.001023891242276054
chronos,2,amazon/chronos-2,log_return,history,2025-05-15,0.004123817438757677
chronos,2,amazon/chronos-2,log_return,history,2025-05-16,0.006980849368100189
chronos,2,amazon/chronos-2,log_return,history,2025-05-19,0.0008757295660482738
chronos,2,amazon/chronos-2,log_return,history,2025-05-20,-0.0038877770695725784
chronos,2,amazon/chronos-2,log_return,history,2025-05-21,-0.016266719267758897
chronos,2,amazon/chronos-2,log_return,history,2025-05-22,-0.0004449700224211693
chronos,2,amazon/chronos-2,log_return,history,2025-05-23,-0.006730899591473139
chronos,2,amazon/chronos-2,log_return,history,2025-05-27,0.02025258080218437
chronos,2,amazon/chronos-2,log_return,history,2025-05-28,-0.005586802576444734
chronos,2,amazon/chronos-2,log_return,history,2025-05-29,0.0040031708706317415
chronos,2,amazon/chronos-2,log_return,history,2025-05-30,-8.118845699520562e-05
chronos,2,amazon/chronos-2,log_return,history,2025-06-02,0.004093651490626028
chronos,2,amazon/chronos-2,log_return,history,2025-06-03,0.005783533535368979
chronos,2,amazon/chronos-2,log_return,history,2025-06-04,7.368474471916267e-05
chronos,2,amazon/chronos-2,log_return,history,2025-06-05,-0.005291357978698112
chronos,2,amazon/chronos-2,log_return,history,2025-06-06,0.010228196215376713
chronos,2,amazon/chronos-2,log_return,history,2025-06-09,0.0009195251863913659
chronos,2,amazon/chronos-2,log_return,history,2025-06-10,0.005468012541646841
chronos,2,amazon/chronos-2,log_return,history,2025-06-11,-0.002747660318287345
chronos,2,amazon/chronos-2,log_return,history,2025-06-12,0.0038151330716763875
chronos,2,amazon/chronos-2,log_return,history,2025-06-13,-0.01136066859010289
chronos,2,amazon/chronos-2,log_return,history,2025-06-16,0.0093488231481891
chronos,2,amazon/chronos-2,log_return,history,2025-06-17,-0.008387259723643134
chronos,2,amazon/chronos-2,log_return,history,2025-06-18,-0.00030928803472058796
chronos,2,amazon/chronos-2,log_return,history,2025-06-20,-0.002181035215587759
chronos,2,amazon/chronos-2,log_return,history,2025-06-23,0.009560655071259439
chronos,2,amazon/chronos-2,log_return,history,2025-06-24,0.011060328616958607
chronos,2,amazon/chronos-2,log_return,history,2025-06-25,-3.286108349665331e-06
chronos,2,amazon/chronos-2,log_return,history,2025-06-26,0.007988131032516797
chronos,2,amazon/chronos-2,log_return,history,2025-06-27,0.005205399256150098
chronos,2,amazon/chronos-2,log_return,history,2025-06-30,0.005151137506128882
chronos,2,amazon/chronos-2,log_return,history,2025-07-01,-0.0011191571098791433
chronos,2,amazon/chronos-2,log_return,history,2025-07-02,0.0047338743064907745
chronos,2,amazon/chronos-2,log_return,history,2025-07-03,0.00830437821066394
chronos,2,amazon/chronos-2,log_return,history,2025-07-07,-0.007893368104244017
chronos,2,amazon/chronos-2,log_return,history,2025-07-08,-0.0007161432504695748
chronos,2,amazon/chronos-2,log_return,history,2025-07-09,0.00604380277677969
chronos,2,amazon/chronos-2,log_return,history,2025-07-10,0.0027424410729257912
chronos,2,amazon/chronos-2,log_return,history,2025-07-11,-0.0033029717732258423
chronos,2,amazon/chronos-2,log_return,history,2025-07-14,0.0014064243309367943
chronos,2,amazon/chronos-2,log_return,history,2025-07-15,-0.003964145065672561
chronos,2,amazon/chronos-2,log_return,history,2025-07-16,0.0031885685253844154
chronos,2,amazon/chronos-2,log_return,history,2025-07-17,0.005359380240011013
chronos,2,amazon/chronos-2,log_return,history,2025-07-18,-9.049030280841674e-05
chronos,2,amazon/chronos-2,log_return,history,2025-07-21,0.001398157005673256
chronos,2,amazon/chronos-2,log_return,history,2025-07-22,0.0006373284966667569
chronos,2,amazon/chronos-2,log_return,history,2025-07-23,0.007781532145702873
chronos,2,amazon/chronos-2,log_return,history,2025-07-24,0.0006979799969332514
chronos,2,amazon/chronos-2,log_return,history,2025-07-25,0.003966451001680552
chronos,2,amazon/chronos-2,log_return,history,2025-07-28,0.00017684247126657597
chronos,2,amazon/chronos-2,log_return,history,2025-07-29,-0.002963830197466829
chronos,2,amazon/chronos-2,log_return,history,2025-07-30,-0.0012502139385094711
chronos,2,amazon/chronos-2,log_return,history,2025-07-31,-0.003701662046374567
chronos,2,amazon/chronos-2,log_return,history,2025-08-01,-0.0161213871855698
chronos,2,amazon/chronos-2,log_return,history,2025-08-04,0.014629564491414495
chronos,2,amazon/chronos-2,log_return,history,2025-08-05,-0.004869703780462017
chronos,2,amazon/chronos-2,log_return,history,2025-08-06,0.007255522219852605
chronos,2,amazon/chronos-2,log_return,history,2025-08-07,-0.0007977981718278668
chronos,2,amazon/chronos-2,log_return,history,2025-08-08,0.0077694548163894745
chronos,2,amazon/chronos-2,log_return,history,2025-08-11,-0.002507268393885107
chronos,2,amazon/chronos-2,log_return,history,2025-08-12,0.011281559075170764
chronos,2,amazon/chronos-2,log_return,history,2025-08-13,0.0032248733840464015
chronos,2,amazon/chronos-2,log_return,history,2025-08-14,0.00030304487855445177
chronos,2,amazon/chronos-2,log_return,history,2025-08-15,-0.0029013399163647113
chronos,2,amazon/chronos-2,log_return,history,2025-08-18,-0.00010076825773579619
chronos,2,amazon/chronos-2,log_return,history,2025-08-19,-0.005875329112207127
chronos,2,amazon/chronos-2,log_return,history,2025-08-20,-0.002434630632264957
chronos,2,amazon/chronos-2,log_return,history,2025-08-21,-0.004012219728951123
chronos,2,amazon/chronos-2,log_return,history,2025-08-22,0.015072285158779139
chronos,2,amazon/chronos-2,log_return,history,2025-08-25,-0.004275512539646319
chronos,2,amazon/chronos-2,log_return,history,2025-08-26,0.00412547371011636
chronos,2,amazon/chronos-2,log_return,history,2025-08-27,0.0023881304533030262
chronos,2,amazon/chronos-2,log_return,history,2025-08-28,0.003151747441466755
chronos,2,amazon/chronos-2,log_return,history,2025-08-29,-0.006418740402792551
chronos,2,amazon/chronos-2,log_return,history,2025-09-02,-0.006946350061030363
chronos,2,amazon/chronos-2,log_return,history,2025-09-03,0.005087112302941308
chronos,2,amazon/chronos-2,log_return,history,2025-09-04,0.008311847102873573
chronos,2,amazon/chronos-2,log_return,history,2025-09-05,-0.00317017266993674
chronos,2,amazon/chronos-2,log_return,history,2025-09-08,0.0021037644508885675
chronos,2,amazon/chronos-2,log_return,history,2025-09-09,0.0026845470300734414
chronos,2,amazon/chronos-2,log_return,history,2025-09-10,0.0029790282293981275
chronos,2,amazon/chronos-2,log_return,history,2025-09-11,0.008450087623093565
chronos,2,amazon/chronos-2,log_return,history,2025-09-12,-0.00048287788142832935
chronos,2,amazon/chronos-2,log_return,history,2025-09-15,0.004695577726559718
chronos,2,amazon/chronos-2,log_return,history,2025-09-16,-0.0012887604333313247
chronos,2,amazon/chronos-2,log_return,history,2025-09-17,-0.0009706390782443865
chronos,2,amazon/chronos-2,log_return,history,2025-09-18,0.004777687836708263
chronos,2,amazon/chronos-2,log_return,history,2025-09-19,0.004873523937481177
chronos,2,amazon/chronos-2,log_return,history,2025-09-22,0.004400350714762291
chronos,2,amazon/chronos-2,log_return,history,2025-09-23,-0.005517351828739721
chronos,2,amazon/chronos-2,log_return,history,2025-09-24,-0.0028506771652953692
chronos,2,amazon/chronos-2,log_return,history,2025-09-25,-0.005021648742526333
chronos,2,amazon/chronos-2,log_return,history,2025-09-26,0.005884489130413512
chronos,2,amazon/chronos-2,log_return,history,2025-09-29,0.002632077259912619
chronos,2,amazon/chronos-2,log_return,history,2025-09-30,0.00408250361350792
chronos,2,amazon/chronos-2,log_return,history,2025-10-01,0.0033941541712235066
chronos,2,amazon/chronos-2,log_return,history,2025-10-02,0.0006181636213842448
chronos,2,amazon/chronos-2,log_return,history,2025-10-03,6.55106568658717e-05
chronos,2,amazon/chronos-2,log_return,history,2025-10-06,0.003639959282762629
chronos,2,amazon/chronos-2,log_return,history,2025-10-07,-0.003818687706853079
chronos,2,amazon/chronos-2,log_return,history,2025-10-08,0.005810748494187323
chronos,2,amazon/chronos-2,log_return,history,2025-10-09,-0.0027593739802789824
chronos,2,amazon/chronos-2,log_return,history,2025-10-10,-0.027485975439899807
chronos,2,amazon/chronos-2,log_return,history,2025-10-13,0.015478263036934031
chronos,2,amazon/chronos-2,log_return,history,2025-10-14,-0.00156555149694257
chronos,2,amazon/chronos-2,log_return,history,2025-10-15,0.004017918503427979
chronos,2,amazon/chronos-2,log_return,history,2025-10-16,-0.006314280275141975
chronos,2,amazon/chronos-2,log_return,history,2025-10-17,0.0052568739445263
chronos,2,amazon/chronos-2,log_return,history,2025-10-20,0.010615724136144117
chronos,2,amazon/chronos-2,log_return,history,2025-10-21,3.269591641698797e-05
chronos,2,amazon/chronos-2,log_return,history,2025-10-22,-0.005351834774743029
chronos,2,amazon/chronos-2,log_return,history,2025-10-23,0.0058104798620133855
chronos,2,amazon/chronos-2,log_return,history,2025-10-24,0.007871361975244857
chronos,2,amazon/chronos-2,log_return,history,2025-10-27,0.012215141327379352
chronos,2,amazon/chronos-2,log_return,history,2025-10-28,0.0022853305022299255
chronos,2,amazon/chronos-2,log_return,history,2025-10-29,-4.3579204733175357e-05
chronos,2,amazon/chronos-2,log_return,history,2025-10-30,-0.009954191424534511
chronos,2,amazon/chronos-2,log_return,history,2025-10-31,0.0026145009178832708
chronos,2,amazon/chronos-2,log_return,history,2025-11-03,0.0017192339969181521
chronos,2,amazon/chronos-2,log_return,history,2025-11-04,-0.011806250392326717
chronos,2,amazon/chronos-2,log_return,history,2025-11-05,0.0036468976756877185
chronos,2,amazon/chronos-2,log_return,history,2025-11-06,-0.011241134514722728
chronos,2,amazon/chronos-2,log_return,history,2025-11-07,0.0012610463474931072
chronos,2,amazon/chronos-2,log_return,history,2025-11-10,0.015283626703501814
chronos,2,amazon/chronos-2,log_return,history,2025-11-11,0.0020731999523923177
chronos,2,amazon/chronos-2,log_return,history,2025-11-12,0.0006293191259445972
chronos,2,amazon/chronos-2,log_return,history,2025-11-13,-0.01669545163092778
chronos,2,amazon/chronos-2,log_return,history,2025-11-14,-0.0005018514712717733
chronos,2,amazon/chronos-2,log_return,history,2025-11-17,-0.009204497894305158
chronos,2,amazon/chronos-2,log_return,history,2025-11-18,-0.008290709844169318
chronos,2,amazon/chronos-2,log_return,history,2025-11-19,0.00374680773726533
chronos,2,amazon/chronos-2,log_return,history,2025-11-20,-0.01568972611631523
chronos,2,amazon/chronos-2,log_return,history,2025-11-21,0.009775103041592069
chronos,2,amazon/chronos-2,log_return,history,2025-11-24,0.015348818899081837
chronos,2,amazon/chronos-2,log_return,history,2025-11-25,0.009020886000832944
chronos,2,amazon/chronos-2,log_return,history,2025-11-26,0.006882969436149685
chronos,2,amazon/chronos-2,log_return,history,2025-11-28,0.005340487341137372
chronos,2,amazon/chronos-2,log_return,history,2025-12-01,-0.005337548746055966
chronos,2,amazon/chronos-2,log_return,history,2025-12-02,0.002454221195936617
chronos,2,amazon/chronos-2,log_return,history,2025-12-03,0.0029753605210852863
chronos,2,amazon/chronos-2,log_return,history,2025-12-04,0.001079738711974404
chronos,2,amazon/chronos-2,log_return,history,2025-12-05,0.0019347688846794776
chronos,2,amazon/chronos-2,log_return,history,2025-12-08,-0.0034833153316476935
chronos,2,amazon/chronos-2,log_return,history,2025-12-09,-0.0008767431610132386
chronos,2,amazon/chronos-2,log_return,history,2025-12-10,0.006726880659139976
chronos,2,amazon/chronos-2,log_return,history,2025-12-11,0.00207719198371703
chronos,2,amazon/chronos-2,log_return,history,2025-12-12,-0.010720913458554537
chronos,2,amazon/chronos-2,log_return,history,2025-12-15,-0.0015978388918367072
chronos,2,amazon/chronos-2,log_return,history,2025-12-16,-0.00238676400843967
chronos,2,amazon/chronos-2,log_return,history,2025-12-17,-0.01165985661137129
chronos,2,amazon/chronos-2,log_return,history,2025-12-18,0.007902951520479156
chronos,2,amazon/chronos-2,log_return,history,2025-12-19,0.008779407421828872
chronos,2,amazon/chronos-2,log_return,history,2025-12-22,0.006415870575561936
chronos,2,amazon/chronos-2,log_return,history,2025-12-23,0.004540067046788208
chronos,2,amazon/chronos-2,log_return,history,2025-12-24,0.0032163043447007086
chronos,2,amazon/chronos-2,log_return,history,2025-12-26,-0.00030440987710828846
chronos,2,amazon/chronos-2,log_return,history,2025-12-29,-0.0034981629239373116
chronos,2,amazon/chronos-2,log_return,history,2025-12-30,-0.0013766142506534472
chronos,2,amazon/chronos-2,log_return,history,2025-12-31,-0.007384867434248815
chronos,2,amazon/chronos-2,log_return,history,2026-01-02,0.0018929140261155547
chronos,2,amazon/chronos-2,log_return,history,2026-01-05,0.006334024511051582
chronos,2,amazon/chronos-2,log_return,history,2026-01-06,0.0061775920038938375
chronos,2,amazon/chronos-2,log_return,history,2026-01-07,-0.0034458535710101927
chronos,2,amazon/chronos-2,log_return,history,2026-01-08,7.654532942294603e-05
chronos,2,amazon/chronos-2,log_return,history,2026-01-09,0.006454611138321038
chronos,2,amazon/chronos-2,log_return,history,2026-01-12,0.0015763900591805138
chronos,2,amazon/chronos-2,log_return,history,2026-01-13,-0.0019410055882070072
chronos,2,amazon/chronos-2,log_return,history,2026-01-14,-0.005347633584135448
chronos,2,amazon/chronos-2,log_return,history,2026-01-15,0.002576603920444464
chronos,2,amazon/chronos-2,log_return,history,2026-01-16,-0.0006425086684515026
chronos,2,amazon/chronos-2,log_return,history,2026-01-20,-0.020842460953261224
chronos,2,amazon/chronos-2,log_return,history,2026-01-21,0.01152111763356032
chronos,2,amazon/chronos-2,log_return,history,2026-01-22,0.0054725007079021405
chronos,2,amazon/chronos-2,log_return,history,2026-01-23,0.0003268164274822459
chronos,2,amazon/chronos-2,log_return,history,2026-01-26,0.00499359426016032
chronos,2,amazon/chronos-2,log_return,history,2026-01-27,0.004073587840441241
chronos,2,amazon/chronos-2,log_return,history,2026-01-28,-8.172639170147053e-05
chronos,2,amazon/chronos-2,log_return,history,2026-01-29,-0.0012934674424623016
chronos,2,amazon/chronos-2,log_return,history,2026-01-30,-0.0043111794144580756
chronos,2,amazon/chronos-2,log_return,history,2026-02-02,0.005376785277364613
chronos,2,amazon/chronos-2,log_return,history,2026-02-03,-0.008439495590663714
chronos,2,amazon/chronos-2,log_return,history,2026-02-04,-0.005085300155013826
chronos,2,amazon/chronos-2,log_return,history,2026-02-05,-0.012326677853832891
chronos,2,amazon/chronos-2,log_return,history,2026-02-06,0.019504344282200718
chronos,2,amazon/chronos-2,log_return,history,2026-02-09,0.004680117860123293
chronos,2,amazon/chronos-2,log_return,history,2026-02-10,-0.0033091822845107053
chronos,2,amazon/chronos-2,log_return,history,2026-02-11,-4.89572699497733e-05
chronos,2,amazon/chronos-2,log_return,history,2026-02-12,-0.01578494138611745
chronos,2,amazon/chronos-2,log_return,history,2026-02-13,0.0004989646444475858
chronos,2,amazon/chronos-2,log_return,history,2026-02-17,0.0010307906306565179
chronos,2,amazon/chronos-2,log_return,history,2026-02-18,0.005550636821134019
chronos,2,amazon/chronos-2,log_return,history,2026-02-19,-0.0028261153915347848
chronos,2,amazon/chronos-2,log_return,history,2026-02-20,0.006915755702175204
chronos,2,amazon/chronos-2,log_return,history,2026-02-23,-0.01043995947145646
chronos,2,amazon/chronos-2,log_return,history,2026-02-24,0.007622488962383376
chronos,2,amazon/chronos-2,log_return,history,2026-02-25,0.0081034339701294
chronos,2,amazon/chronos-2,log_return,history,2026-02-26,-0.005380026995566101
chronos,2,amazon/chronos-2,log_return,history,2026-02-27,-0.004348795128037643
chronos,2,amazon/chronos-2,log_return,history,2026-03-02,0.0003982754131349892
chronos,2,amazon/chronos-2,log_return,history,2026-03-03,-0.009488908731312503
chronos,2,amazon/chronos-2,log_return,history,2026-03-04,0.00772612574014956
chronos,2,amazon/chronos-2,log_return,history,2026-03-05,-0.005662707772703004
chronos,2,amazon/chronos-2,log_return,history,2026-03-06,-0.013365720432496335
chronos,2,amazon/chronos-2,log_return,history,2026-03-09,0.008269871665388671
chronos,2,amazon/chronos-2,log_return,history,2026-03-10,-0.002137402505887721
chronos,2,amazon/chronos-2,log_return,history,2026-03-11,-0.0008379521856348736
chronos,2,amazon/chronos-2,log_return,history,2026-03-12,-0.015344808189494536
chronos,2,amazon/chronos-2,log_return,history,2026-03-13,-0.006077546398501344
chronos,2,amazon/chronos-2,log_return,history,2026-03-16,0.010079909746818997
chronos,2,amazon/chronos-2,log_return,history,2026-03-17,0.002491149384952951
chronos,2,amazon/chronos-2,log_return,history,2026-03-18,-0.013700999383730839
chronos,2,amazon/chronos-2,log_return,history,2026-03-19,-0.002752582623899739
chronos,2,amazon/chronos-2,log_return,history,2026-03-20,-0.015253934307770226
chronos,2,amazon/chronos-2,log_return,history,2026-03-23,0.0113881090950741
chronos,2,amazon/chronos-2,log_return,history,2026-03-24,-0.0037495954593205535
chronos,2,amazon/chronos-2,log_return,history,2026-03-25,0.0054044937599492145
chronos,2,amazon/chronos-2,log_return,history,2026-03-26,-0.017559440961209507
chronos,2,amazon/chronos-2,log_return,history,2026-03-27,-0.01686323194605131
chronos,2,amazon/chronos-2,log_return,history,2026-03-30,-0.003953553833355896
chronos,2,amazon/chronos-2,log_return,history,2026-03-31,0.028714893309798716
chronos,2,amazon/chronos-2,log_return,history,2026-04-01,0.0071429450037592815
chronos,2,amazon/chronos-2,log_return,history,2026-04-02,0.0011202481362370179
chronos,2,amazon/chronos-2,log_return,history,2026-04-06,0.004417013131605809
chronos,2,amazon/chronos-2,log_return,history,2026-04-07,0.0007589600331270599
chronos,2,amazon/chronos-2,log_return,history,2026-04-08,0.024772038357183543
chronos,2,amazon/chronos-2,log_return,history,2026-04-09,0.006151066869514015
chronos,2,amazon/chronos-2,log_return,history,2026-04-10,-0.0011391696991393636
chronos,2,amazon/chronos-2,log_return,history,2026-04-13,0.010121875493741075
chronos,2,amazon/chronos-2,log_return,history,2026-04-14,0.011713988916143619
chronos,2,amazon/chronos-2,log_return,history,2026-04-15,0.00794414491156507
chronos,2,amazon/chronos-2,log_return,history,2026-04-16,0.002606555815286028
chronos,2,amazon/chronos-2,log_return,history,2026-04-17,0.011968553928737802
chronos,2,amazon/chronos-2,log_return,history,2026-04-20,-0.0023771959102520377
chronos,2,amazon/chronos-2,log_return,history,2026-04-21,-0.0063684535808531395
chronos,2,amazon/chronos-2,log_return,history,2026-04-22,0.010405756011537825
chronos,2,amazon/chronos-2,log_return,history,2026-04-23,-0.004141432170939999
chronos,2,amazon/chronos-2,log_return,history,2026-04-24,0.007942067917632457
chronos,2,amazon/chronos-2,log_return,history,2026-04-27,0.0012316180005498539
chronos,2,amazon/chronos-2,log_return,history,2026-04-28,-0.0049061878687959495
chronos,2,amazon/chronos-2,log_return,history,2026-04-29,-0.00039925174351248426
chronos,2,amazon/chronos-2,log_return,history,2026-04-30,0.010186184168105012
chronos,2,amazon/chronos-2,log_return,history,2026-05-01,0.0029240496865214705
chronos,2,amazon/chronos-2,log_return,history,2026-05-04,-0.004070462487840939
chronos,2,amazon/chronos-2,log_return,history,2026-05-05,0.008087227380575185
chronos,2,amazon/chronos-2,log_return,history,2026-05-06,0.014482944327746902
chronos,2,amazon/chronos-2,log_return,history,2026-05-07,-0.0038103454826786936
chronos,2,amazon/chronos-2,log_return,history,2026-05-08,0.008390405429031966
chronos,2,amazon/chronos-2,log_return,history,2026-05-11,0.0018781917406753333
chronos,2,amazon/chronos-2,log_return,history,2026-05-12,-0.0016038944114079717
chronos,2,amazon/chronos-2,log_return,history,2026-05-13,0.005832206062995343
chronos,2,amazon/chronos-2,log_return,history,2026-05-14,0.007626449143738461
chronos,2,amazon/chronos-2,log_return,history,2026-05-15,-0.012440381787730354
chronos,2,amazon/chronos-2,log_return,history,2026-05-18,-0.0007359385925655567
chronos,2,amazon/chronos-2,log_return,history,2026-05-19,-0.006700720556670582
chronos,2,amazon/chronos-2,log_return,history,2026-05-20,0.010734208066325955
chronos,2,amazon/chronos-2,log_return,history,2026-05-21,0.0017138609316666425
chronos,2,amazon/chronos-2,log_return,history,2026-05-22,0.003720045284340991
chronos,2,amazon/chronos-2,log_return,history,2026-05-26,0.006089680623147164
chronos,2,amazon/chronos-2,log_return,history,2026-05-27,0.00016486555361860245
chronos,2,amazon/chronos-2,log_return,history,2026-05-28,0.0057372272122164095
chronos,2,amazon/chronos-2,log_return,history,2026-05-29,0.0021699047314878454
chronos,2,amazon/chronos-2,log_return,history,2026-06-01,0.0026218560604907887
chronos,2,amazon/chronos-2,log_return,history,2026-06-02,0.0012912549125880068
chronos,2,amazon/chronos-2,log_return,history,2026-06-03,-0.007399348892067432
chronos,2,amazon/chronos-2,log_return,history,2026-06-04,0.0040467623691873905
chronos,2,amazon/chronos-2,log_return,history,2026-06-05,-0.026801330315360895
chronos,2,amazon/chronos-2,log_return,history,2026-06-08,0.0029737052076611974
chronos,2,amazon/chronos-2,log_return,history,2026-06-09,-0.0025797185926219454
chronos,2,amazon/chronos-2,log_return,history,2026-06-10,-0.016332095868206012
chronos,2,amazon/chronos-2,log_return,history,2026-06-11,0.01736719891346488
chronos,2,amazon/chronos-2,log_return,history,2026-06-12,0.005012928127161434
chronos,2,amazon/chronos-2,log_return,history,2026-06-15,0.01639328413858115
chronos,2,amazon/chronos-2,log_return,history,2026-06-16,-0.005700396039273383
chronos,2,amazon/chronos-2,log_return,history,2026-06-17,-0.012222675603360275
chronos,2,amazon/chronos-2,log_return,history,2026-06-18,0.010787813962926182
chronos,2,amazon/chronos-2,log_return,history,2026-06-22,-0.003711932684976348
chronos,2,amazon/chronos-2,log_return,history,2026-06-23,-0.014466928386098657
chronos,2,amazon/chronos-2,log_return,history,2026-06-24,-0.000983415367731934
chronos,2,amazon/chronos-2,log_return,history,2026-06-25,-9.921104004703284e-05
chronos,2,amazon/chronos-2,log_return,history,2026-06-26,-0.0004717686829183932
chronos,2,amazon/chronos-2,log_return,history,2026-06-29,0.01168156135934559
chronos,2,amazon/chronos-2,log_return,history,2026-06-30,0.007888998838148293
chronos,2,amazon/chronos-2,log_return,history,2026-07-01,-0.0021531509855513085
chronos,2,amazon/chronos-2,log_return,history,2026-07-02,1.370250446897007e-06
chronos,2,amazon/chronos-2,log_return,history,2026-07-06,0.0072154138304445295
chronos,2,amazon/chronos-2,log_return,history,2026-07-07,-0.004465063253185491
chronos,2,amazon/chronos-2,log_return,history,2026-07-08,-0.0028212145626126694
chronos,2,amazon/chronos-2,log_return,history,2026-07-09,0.008109821657156896
chronos,2,amazon/chronos-2,log_return,actual,2026-07-10,0.004200010992571727
chronos,2,amazon/chronos-2,log_return,actual,2026-07-13,-0.007958609028043705
chronos,2,amazon/chronos-2,log_return,actual,2026-07-14,0.003751931076883282
chronos,2,amazon/chronos-2,log_return,actual,2026-07-15,0.003811869942054222
chronos,2,amazon/chronos-2,log_return,actual,2026-07-16,-0.005114462132765812
chronos,2,amazon/chronos-2,log_return,actual,2026-07-17,-0.010149876192112738
chronos,2,amazon/chronos-2,log_return,actual,2026-07-20,-0.0019341238867804414
chronos,2,amazon/chronos-2,log_return,actual,2026-07-21,0.008817378432212827
chronos,2,amazon/chronos-2,log_return,actual,2026-07-22,-0.0013646224263997142
chronos,2,amazon/chronos-2,log_return,actual,2026-07-23,-0.012163372131276511
chronos,2,amazon/chronos-2,log_return,actual,2026-07-24,0.0004966405371888175
chronos,2,amazon/chronos-2,log_return,actual,2026-07-27,0.00016191330177520104
chronos,2,amazon/chronos-2,log_return,actual,2026-07-28,0.0021020963754603476
chronos,2,amazon/chronos-2,log_return,actual,2026-07-29,-0.015277397157074194
chronos,2,amazon/chronos-2,log_return,actual,2026-07-30,0.016468013977056842
chronos,2,amazon/chronos-2,log_return,actual,2026-07-31,0.006979208383378553
chronos,2,amazon/chronos-2,log_return,actual,2026-08-03,0.014682592263996739
chronos,2,amazon/chronos-2,log_return,actual,2026-08-04,0.01773794201518698
chronos,2,amazon/chronos-2,log_return,actual,2026-08-05,-0.0016778990048803989
chronos,2,amazon/chronos-2,log_return,actual,2026-08-06,-0.0017610831844068816
chronos,2,amazon/chronos-2,log_return,actual,2026-08-07,0.006165187424711444
chronos,2,amazon/chronos-2,log_return,naive,2026-07-10,0.008109821657156896
chronos,2,amazon/chronos-2,log_return,naive,2026-07-13,0.008109821657156896
chronos,2,amazon/chronos-2,log_return,naive,2026-07-14,0.008109821657156896
chronos,2,amazon/chronos-2,log_return,naive,2026-07-15,0.008109821657156896
chronos,2,amazon/chronos-2,log_return,naive,2026-07-16,0.008109821657156896
chronos,2,amazon/chronos-2,log_return,naive,2026-07-17,0.008109821657156896
chronos,2,amazon/chronos-2,log_return,naive,2026-07-20,0.008109821657156896
chronos,2,amazon/chronos-2,log_return,naive,2026-07-21,0.008109821657156896
chronos,2,amazon/chronos-2,log_return,naive,2026-07-22,0.008109821657156896
chronos,2,amazon/chronos-2,log_return,naive,2026-07-23,0.008109821657156896
chronos,2,amazon/chronos-2,log_return,naive,2026-07-24,0.008109821657156896
chronos,2,amazon/chronos-2,log_return,naive,2026-07-27,0.008109821657156896
chronos,2,amazon/chronos-2,log_return,naive,2026-07-28,0.008109821657156896
chronos,2,amazon/chronos-2,log_return,naive,2026-07-29,0.008109821657156896
chronos,2,amazon/chronos-2,log_return,naive,2026-07-30,0.008109821657156896
chronos,2,amazon/chronos-2,log_return,naive,2026-07-31,0.008109821657156896
chronos,2,amazon/chronos-2,log_return,naive,2026-08-03,0.008109821657156896
chronos,2,amazon/chronos-2,log_return,naive,2026-08-04,0.008109821657156896
chronos,2,amazon/chronos-2,log_return,naive,2026-08-05,0.008109821657156896
chronos,2,amazon/chronos-2,log_return,naive,2026-08-06,0.008109821657156896
chronos,2,amazon/chronos-2,log_return,naive,2026-08-07,0.008109821657156896
chronos,2,amazon/chronos-2,log_return,forecast,2026-07-10,0.0016061023343354464
chronos,2,amazon/chronos-2,log_return,forecast,2026-07-13,0.0016516068717464805
chronos,2,amazon/chronos-2,log_return,forecast,2026-07-14,0.001603436772711575
chronos,2,amazon/chronos-2,log_return,forecast,2026-07-15,0.0015585224609822035
chronos,2,amazon/chronos-2,log_return,forecast,2026-07-16,0.001587417908012867
chronos,2,amazon/chronos-2,log_return,forecast,2026-07-17,0.0016115357866510749
chronos,2,amazon/chronos-2,log_return,forecast,2026-07-20,0.0016040168702602386
chronos,2,amazon/chronos-2,log_return,forecast,2026-07-21,0.0015694373287260532
chronos,2,amazon/chronos-2,log_return,forecast,2026-07-22,0.001661553862504661
chronos,2,amazon/chronos-2,log_return,forecast,2026-07-23,0.0016392607940360904
chronos,2,amazon/chronos-2,log_return,forecast,2026-07-24,0.0016741545405238867
chronos,2,amazon/chronos-2,log_return,forecast,2026-07-27,0.001622263458557427
chronos,2,amazon/chronos-2,log_return,forecast,2026-07-28,0.0016731637297198176
chronos,2,amazon/chronos-2,log_return,forecast,2026-07-29,0.0015991325490176678
chronos,2,amazon/chronos-2,log_return,forecast,2026-07-30,0.0015956212300807238
chronos,2,amazon/chronos-2,log_return,forecast,2026-07-31,0.0015879585407674313
chronos,2,amazon/chronos-2,log_return,forecast,2026-08-03,0.0015059500001370907
chronos,2,amazon/chronos-2,log_return,forecast,2026-08-04,0.0014614639803767204
chronos,2,amazon/chronos-2,log_return,forecast,2026-08-05,0.0014553772052749991
chronos,2,amazon/chronos-2,log_return,forecast,2026-08-06,0.0014860192313790321
chronos,2,amazon/chronos-2,log_return,forecast,2026-08-07,0.0012975616846233606
