family,version,checkpoint,variant,target,horizon,window_id,origin_date,mase,smape,wql
moirai,1.0,Salesforce/moirai-1.0-R-large,uni,price,5,0,2007-01-22,1.152009748170699,0.4946235803216896,0.003731240348118066
moirai,1.0,Salesforce/moirai-1.0-R-large,uni,price,5,1,2007-05-18,0.8252059090013362,0.3372818440017721,0.0028686785821585795
moirai,1.0,Salesforce/moirai-1.0-R-large,uni,price,5,2,2007-09-17,5.690477769418518,2.7591758455224538,0.022863220309781346
moirai,1.0,Salesforce/moirai-1.0-R-large,uni,price,5,3,2008-01-15,6.655795639846006,4.204646053409813,0.036537235852029476
moirai,1.0,Salesforce/moirai-1.0-R-large,uni,price,5,4,2008-05-14,1.4721072389588878,1.0359378244946382,0.008095630307787184
moirai,1.0,Salesforce/moirai-1.0-R-large,uni,price,5,5,2008-09-11,2.764967237600631,2.48862796255305,0.01931316187959896
moirai,1.0,Salesforce/moirai-1.0-R-large,uni,price,5,6,2009-01-09,1.1707953100532604,2.0376824855275526,0.01471484644950736
moirai,1.0,Salesforce/moirai-1.0-R-large,uni,price,5,7,2009-05-11,1.2164120245671655,2.211806470594694,0.016233906150006035
moirai,1.0,Salesforce/moirai-1.0-R-large,uni,price,5,8,2009-09-08,1.5457605209074394,2.4006036875906647,0.016645851032271577
moirai,1.0,Salesforce/moirai-1.0-R-large,uni,price,5,9,2010-01-06,1.157119374880557,1.54954139557925,0.010718582766073055
moirai,1.0,Salesforce/moirai-1.0-R-large,uni,price,5,10,2010-05-06,3.2476077022023198,4.034935258010229,0.02944239805378603
moirai,1.0,Salesforce/moirai-1.0-R-large,uni,price,5,11,2010-09-02,0.3537023554667561,0.45202901554040686,0.004375197615742637
moirai,1.0,Salesforce/moirai-1.0-R-large,uni,price,5,12,2011-01-03,0.7945922828749126,0.6320821821457203,0.004942776197670318
moirai,1.0,Salesforce/moirai-1.0-R-large,uni,price,5,13,2011-05-03,1.245103583279537,0.8098762438242384,0.0062111989443994105
moirai,1.0,Salesforce/moirai-1.0-R-large,uni,price,5,14,2011-08-30,1.912129497822139,1.524529654940405,0.011190636633092214
moirai,1.0,Salesforce/moirai-1.0-R-large,uni,price,5,15,2011-12-28,1.3376194605993896,1.1455850419109948,0.00847604724229523
moirai,1.0,Salesforce/moirai-1.0-R-large,uni,price,5,16,2012-04-27,0.8183260790654749,0.6398621690830503,0.005457777258816689
moirai,1.0,Salesforce/moirai-1.0-R-large,uni,price,5,17,2012-08-24,0.4160342021345169,0.3050780025748419,0.0036851702418711713
moirai,1.0,Salesforce/moirai-1.0-R-large,uni,price,5,18,2012-12-26,2.0092491769487224,1.443252333649006,0.011927768714921402
moirai,1.0,Salesforce/moirai-1.0-R-large,uni,price,5,19,2013-04-26,0.8402521890201388,0.554048404912529,0.004530865656282021
moirai,1.0,Salesforce/moirai-1.0-R-large,uni,price,5,20,2013-08-22,1.7657951045288682,1.0871450597584102,0.008227827547048755
moirai,1.0,Salesforce/moirai-1.0-R-large,uni,price,5,21,2013-12-19,2.4883518979798485,1.1809568931071606,0.00798908991887476
moirai,1.0,Salesforce/moirai-1.0-R-large,uni,price,5,22,2014-04-22,1.6826727329559341,0.8178479916228242,0.006072971680508892
moirai,1.0,Salesforce/moirai-1.0-R-large,uni,price,5,23,2014-08-19,1.2872694128910913,0.5648306010705252,0.004405933605231413
moirai,1.0,Salesforce/moirai-1.0-R-large,uni,price,5,24,2014-12-16,9.195823018777025,4.2509482808376475,0.03675967896596023
moirai,1.0,Salesforce/moirai-1.0-R-large,uni,price,5,25,2015-04-17,2.5155349208445243,1.2443554137175132,0.008788495810765727
moirai,1.0,Salesforce/moirai-1.0-R-large,uni,price,5,26,2015-08-14,3.463446715067132,1.7747834289441957,0.013860689877304872
moirai,1.0,Salesforce/moirai-1.0-R-large,uni,price,5,27,2015-12-11,2.0279538883281396,1.1997622656398608,0.008898028269062474
moirai,1.0,Salesforce/moirai-1.0-R-large,uni,price,5,28,2016-04-13,1.077611381088594,0.683885151619146,0.005298453231883093
moirai,1.0,Salesforce/moirai-1.0-R-large,uni,price,5,29,2016-08-10,0.5656123388517763,0.35100659243499954,0.003020095385291612
moirai,1.0,Salesforce/moirai-1.0-R-large,uni,price,5,30,2016-12-08,0.9425012795032115,0.5616871811087399,0.004168625723032971
moirai,1.0,Salesforce/moirai-1.0-R-large,uni,price,5,31,2017-04-10,1.69459118782856,0.8839971364245007,0.0060782981085478254
moirai,1.0,Salesforce/moirai-1.0-R-large,uni,price,5,32,2017-08-08,1.5062795137653913,0.7155941298468688,0.005492066870759798
moirai,1.0,Salesforce/moirai-1.0-R-large,uni,price,5,33,2017-12-05,1.5923409889720623,0.6082573609872568,0.004275255603960181
moirai,1.0,Salesforce/moirai-1.0-R-large,uni,price,5,34,2018-04-06,1.8079306322197053,0.733994800813888,0.0053747136891251004
moirai,1.0,Salesforce/moirai-1.0-R-large,uni,price,5,35,2018-08-03,1.672242550207737,0.6498847338181026,0.004568368783387438
moirai,1.0,Salesforce/moirai-1.0-R-large,uni,price,5,36,2018-11-30,6.314863284242862,2.9438185082049504,0.02273395619775132
moirai,1.0,Salesforce/moirai-1.0-R-large,uni,price,5,37,2019-04-03,1.3070833188539406,0.6688264682946354,0.0048604256866319915
moirai,1.0,Salesforce/moirai-1.0-R-large,uni,price,5,38,2019-08-01,4.230923901987187,2.3087833929575083,0.019031535273725118
moirai,1.0,Salesforce/moirai-1.0-R-large,uni,price,5,39,2019-11-27,2.4005700591619994,1.3704375646215083,0.009377496114722586
moirai,1.0,Salesforce/moirai-1.0-R-large,uni,price,5,40,2020-03-27,3.3906547786707724,3.0759202139188444,0.022204900133812704
moirai,1.0,Salesforce/moirai-1.0-R-large,uni,price,5,41,2020-07-27,1.0624589213374396,0.8741075259057322,0.007302358057893419
moirai,1.0,Salesforce/moirai-1.0-R-large,uni,price,5,42,2020-11-20,2.92549670428601,2.3929592349136253,0.01693691550114022
moirai,1.0,Salesforce/moirai-1.0-R-large,uni,price,5,43,2021-03-24,0.9787062366731075,0.7373385949074839,0.0054418665120952205
moirai,1.0,Salesforce/moirai-1.0-R-large,uni,price,5,44,2021-07-22,1.0036116604320642,0.7100875276204714,0.00565417457345645
moirai,1.0,Salesforce/moirai-1.0-R-large,uni,price,5,45,2021-11-17,0.22440521941399302,0.15081168124641373,0.003160369194719798
moirai,1.0,Salesforce/moirai-1.0-R-large,uni,price,5,46,2022-03-18,1.2044437120323253,0.9339108360682755,0.0070511366157963535
moirai,1.0,Salesforce/moirai-1.0-R-large,uni,price,5,47,2022-07-19,0.6253633951207141,0.5319921343771369,0.006458234870139002
moirai,1.0,Salesforce/moirai-1.0-R-large,uni,price,5,48,2022-11-14,0.46406882715936176,0.4279792915287673,0.0062949694717698
moirai,1.0,Salesforce/moirai-1.0-R-large,uni,price,5,49,2023-03-16,0.8381453309896364,0.8039175484585052,0.007178397348823255
moirai,1.0,Salesforce/moirai-1.0-R-large,uni,price,5,50,2023-07-17,0.9182463463659394,0.7766050792924618,0.005902364501886
moirai,1.0,Salesforce/moirai-1.0-R-large,uni,price,5,51,2023-11-10,1.634507274026714,1.4249270820259434,0.010295476631331539
moirai,1.0,Salesforce/moirai-1.0-R-large,uni,price,5,52,2024-03-13,0.8848581218152927,0.6217418458989412,0.005436163904779546
moirai,1.0,Salesforce/moirai-1.0-R-large,uni,price,5,53,2024-07-12,1.8914675312002145,1.0613597979793696,0.007821786154215447
moirai,1.0,Salesforce/moirai-1.0-R-large,uni,price,5,54,2024-11-07,0.9069961348074669,0.46658036903876554,0.004721559832488505
moirai,1.0,Salesforce/moirai-1.0-R-large,uni,price,5,55,2025-03-12,1.2124995685252655,0.670884873985825,0.006514342069484206
moirai,1.0,Salesforce/moirai-1.0-R-large,uni,price,5,56,2025-07-11,1.2471042473522016,0.7121655731378825,0.005423306818143063
moirai,1.0,Salesforce/moirai-1.0-R-large,uni,price,5,57,2025-11-06,1.8958553798426971,1.0297117347490454,0.008324934926952727
moirai,1.0,Salesforce/moirai-1.0-R-large,uni,price,5,58,2026-03-10,1.7397340851035163,1.0084710404410289,0.007530615104455042
moirai,1.0,Salesforce/moirai-1.0-R-large,uni,price,5,59,2026-07-09,0.4707540602723623,0.2675850470019613,0.0037452088922552626
moirai,1.0,Salesforce/moirai-1.0-R-large,uni,simple_return,5,0,2007-01-22,0.7223170010446792,186.1172659394935,0.8041361994066623
moirai,1.0,Salesforce/moirai-1.0-R-large,uni,simple_return,5,1,2007-05-18,0.6040915576754236,182.15076068567032,1.0008134962957511
moirai,1.0,Salesforce/moirai-1.0-R-large,uni,simple_return,5,2,2007-09-17,1.3933225181799218,183.4844474289193,0.8402394300266864
moirai,1.0,Salesforce/moirai-1.0-R-large,uni,simple_return,5,3,2008-01-15,1.136442590451948,91.73151099952183,0.6401312889303464
moirai,1.0,Salesforce/moirai-1.0-R-large,uni,simple_return,5,4,2008-05-14,0.8381431716794789,164.292955483242,0.9498267325153322
moirai,1.0,Salesforce/moirai-1.0-R-large,uni,simple_return,5,5,2008-09-11,2.5608183603554435,164.65834641256606,0.8621052670473429
moirai,1.0,Salesforce/moirai-1.0-R-large,uni,simple_return,5,6,2009-01-09,0.7482751751885778,165.96911322666065,0.907626871831959
moirai,1.0,Salesforce/moirai-1.0-R-large,uni,simple_return,5,7,2009-05-11,0.664857587965379,151.14539651678913,0.7363228919977824
moirai,1.0,Salesforce/moirai-1.0-R-large,uni,simple_return,5,8,2009-09-08,0.1708530157037859,119.93827439988411,0.7894664988679003
moirai,1.0,Salesforce/moirai-1.0-R-large,uni,simple_return,5,9,2010-01-06,0.20003884336039196,115.98947915405485,0.822078397699234
moirai,1.0,Salesforce/moirai-1.0-R-large,uni,simple_return,5,10,2010-05-06,0.7726250804689416,149.7989025572674,0.7864310211095799
moirai,1.0,Salesforce/moirai-1.0-R-large,uni,simple_return,5,11,2010-09-02,0.3155914815293543,119.50347381556602,0.6968786865487178
moirai,1.0,Salesforce/moirai-1.0-R-large,uni,simple_return,5,12,2011-01-03,0.2297396863260562,179.3447693614594,1.118433962962404
moirai,1.0,Salesforce/moirai-1.0-R-large,uni,simple_return,5,13,2011-05-03,0.4890721811152265,136.80663253583424,0.672151125141544
moirai,1.0,Salesforce/moirai-1.0-R-large,uni,simple_return,5,14,2011-08-30,1.2348146025417623,184.19945334751958,0.7027890816323887
moirai,1.0,Salesforce/moirai-1.0-R-large,uni,simple_return,5,15,2011-12-28,0.4839702451282895,152.38738849681718,0.8558388819080992
moirai,1.0,Salesforce/moirai-1.0-R-large,uni,simple_return,5,16,2012-04-27,0.636738927563619,199.99970717656672,0.8343541646207404
moirai,1.0,Salesforce/moirai-1.0-R-large,uni,simple_return,5,17,2012-08-24,0.2810407889435715,191.70275029282706,0.963338474847196
moirai,1.0,Salesforce/moirai-1.0-R-large,uni,simple_return,5,18,2012-12-26,0.923304401026151,136.07592493353428,0.8645216993803645
moirai,1.0,Salesforce/moirai-1.0-R-large,uni,simple_return,5,19,2013-04-26,0.6121769247003619,149.64589793173568,0.7072310884073949
moirai,1.0,Salesforce/moirai-1.0-R-large,uni,simple_return,5,20,2013-08-22,0.48831534753380224,162.30871805237535,0.7805028990769757
moirai,1.0,Salesforce/moirai-1.0-R-large,uni,simple_return,5,21,2013-12-19,0.3301723875417812,143.01894155612518,0.6923025028195907
moirai,1.0,Salesforce/moirai-1.0-R-large,uni,simple_return,5,22,2014-04-22,0.3958611686965531,119.3274514930439,0.7461071162723821
moirai,1.0,Salesforce/moirai-1.0-R-large,uni,simple_return,5,23,2014-08-19,0.26631324232118353,92.89585100689587,0.7635941259009624
moirai,1.0,Salesforce/moirai-1.0-R-large,uni,simple_return,5,24,2014-12-16,1.6019483074085668,199.99966424816697,0.9611007329987784
moirai,1.0,Salesforce/moirai-1.0-R-large,uni,simple_return,5,25,2015-04-17,0.49348862875169663,177.3182476728634,0.7521649376355957
moirai,1.0,Salesforce/moirai-1.0-R-large,uni,simple_return,5,26,2015-08-14,1.775297170405398,184.6291634327383,0.8835585020584211
moirai,1.0,Salesforce/moirai-1.0-R-large,uni,simple_return,5,27,2015-12-11,1.4228745023784766,195.5257425676541,0.7014819676452944
moirai,1.0,Salesforce/moirai-1.0-R-large,uni,simple_return,5,28,2016-04-13,0.23907583642908237,118.4489323160959,1.0779054818764766
moirai,1.0,Salesforce/moirai-1.0-R-large,uni,simple_return,5,29,2016-08-10,0.2525432833966661,120.23723557151031,0.7012036940890501
moirai,1.0,Salesforce/moirai-1.0-R-large,uni,simple_return,5,30,2016-12-08,0.5229496129359937,166.3806809774792,0.7013069645530629
moirai,1.0,Salesforce/moirai-1.0-R-large,uni,simple_return,5,31,2017-04-10,0.548882250112287,194.4240631473462,0.7462815169304293
moirai,1.0,Salesforce/moirai-1.0-R-large,uni,simple_return,5,32,2017-08-08,0.6652445938090239,195.84131874835475,0.9567530470258419
moirai,1.0,Salesforce/moirai-1.0-R-large,uni,simple_return,5,33,2017-12-05,0.28107776110836813,126.16484216137889,0.5991469521845517
moirai,1.0,Salesforce/moirai-1.0-R-large,uni,simple_return,5,34,2018-04-06,1.1717302770500782,168.3285120777211,0.8836369163860375
moirai,1.0,Salesforce/moirai-1.0-R-large,uni,simple_return,5,35,2018-08-03,0.4846556414138387,176.4449353329312,0.8289639777237076
moirai,1.0,Salesforce/moirai-1.0-R-large,uni,simple_return,5,36,2018-11-30,2.030738487111714,165.8102359895074,0.8219839518842206
moirai,1.0,Salesforce/moirai-1.0-R-large,uni,simple_return,5,37,2019-04-03,0.30313686781549737,78.59411658231534,0.7087435815199936
moirai,1.0,Salesforce/moirai-1.0-R-large,uni,simple_return,5,38,2019-08-01,1.6399386323938117,152.2139591905338,0.8690509670610213
moirai,1.0,Salesforce/moirai-1.0-R-large,uni,simple_return,5,39,2019-11-27,0.6342636656303553,145.3552953137187,0.8068375995547492
moirai,1.0,Salesforce/moirai-1.0-R-large,uni,simple_return,5,40,2020-03-27,2.0420777364847207,152.98871273758735,0.8568856608403401
moirai,1.0,Salesforce/moirai-1.0-R-large,uni,simple_return,5,41,2020-07-27,0.49183758404013483,157.3878766539715,0.6323519171566523
moirai,1.0,Salesforce/moirai-1.0-R-large,uni,simple_return,5,42,2020-11-20,0.45092137925469833,190.03848200463307,0.8394250023321684
moirai,1.0,Salesforce/moirai-1.0-R-large,uni,simple_return,5,43,2021-03-24,0.4170432089286023,171.77851350400192,0.8350024638152165
moirai,1.0,Salesforce/moirai-1.0-R-large,uni,simple_return,5,44,2021-07-22,0.2614363730232931,126.28513908627812,0.7170935764776449
moirai,1.0,Salesforce/moirai-1.0-R-large,uni,simple_return,5,45,2021-11-17,0.1800183754724626,119.0670966172649,1.0958644579477452
moirai,1.0,Salesforce/moirai-1.0-R-large,uni,simple_return,5,46,2022-03-18,0.6386768560787982,175.2983689276673,0.7837355611782606
moirai,1.0,Salesforce/moirai-1.0-R-large,uni,simple_return,5,47,2022-07-19,0.5669667710089636,158.73893676050062,0.7384459202134775
moirai,1.0,Salesforce/moirai-1.0-R-large,uni,simple_return,5,48,2022-11-14,0.5410688712239619,162.9341143121747,0.9453901203904077
moirai,1.0,Salesforce/moirai-1.0-R-large,uni,simple_return,5,49,2023-03-16,0.8992786150557556,199.9998096940356,0.7147646801162453
moirai,1.0,Salesforce/moirai-1.0-R-large,uni,simple_return,5,50,2023-07-17,0.30583261994618505,140.68649827686036,0.8922980721942384
moirai,1.0,Salesforce/moirai-1.0-R-large,uni,simple_return,5,51,2023-11-10,0.4365437284668978,188.27018450162345,1.0135987848516097
moirai,1.0,Salesforce/moirai-1.0-R-large,uni,simple_return,5,52,2024-03-13,0.45788513778135465,153.52809305555303,0.6648929828483392
moirai,1.0,Salesforce/moirai-1.0-R-large,uni,simple_return,5,53,2024-07-12,0.7532306753344902,148.33691550431269,0.790797931042487
moirai,1.0,Salesforce/moirai-1.0-R-large,uni,simple_return,5,54,2024-11-07,0.3360477328966077,155.1264151707493,1.1195640798346933
moirai,1.0,Salesforce/moirai-1.0-R-large,uni,simple_return,5,55,2025-03-12,1.3636337111602073,173.47713792092344,0.7301668674975725
moirai,1.0,Salesforce/moirai-1.0-R-large,uni,simple_return,5,56,2025-07-11,0.3108796213857479,122.28283183143307,0.899905805570256
moirai,1.0,Salesforce/moirai-1.0-R-large,uni,simple_return,5,57,2025-11-06,0.7930730049952563,168.67002241975447,0.8942570866144453
moirai,1.0,Salesforce/moirai-1.0-R-large,uni,simple_return,5,58,2026-03-10,0.7094340067678888,191.49374641098152,0.7540022246808417
moirai,1.0,Salesforce/moirai-1.0-R-large,uni,simple_return,5,59,2026-07-09,0.5091597188152028,174.10693940004018,0.7683501922250386
moirai,1.0,Salesforce/moirai-1.0-R-large,uni,log_return,5,0,2007-01-22,0.6898197499189335,141.60942621971236,0.809465495756736
moirai,1.0,Salesforce/moirai-1.0-R-large,uni,log_return,5,1,2007-05-18,0.5923190308037445,177.31275418312708,0.9435863393604799
moirai,1.0,Salesforce/moirai-1.0-R-large,uni,log_return,5,2,2007-09-17,1.3722006583078505,175.8714812690542,0.873012263842921
moirai,1.0,Salesforce/moirai-1.0-R-large,uni,log_return,5,3,2008-01-15,1.3055237604975094,108.00141626026816,0.677427579912965
moirai,1.0,Salesforce/moirai-1.0-R-large,uni,log_return,5,4,2008-05-14,0.715331176064071,199.99933081013003,0.8254265628819414
moirai,1.0,Salesforce/moirai-1.0-R-large,uni,log_return,5,5,2008-09-11,2.4190641567584,143.00569451248037,0.8404320010399464
moirai,1.0,Salesforce/moirai-1.0-R-large,uni,log_return,5,6,2009-01-09,0.7105892114573175,169.67819627752684,0.7804808861841622
moirai,1.0,Salesforce/moirai-1.0-R-large,uni,log_return,5,7,2009-05-11,0.7086611714628984,146.76729184389112,0.8233296619578963
moirai,1.0,Salesforce/moirai-1.0-R-large,uni,log_return,5,8,2009-09-08,0.18097982082201344,110.07989295556237,0.8275151134510013
moirai,1.0,Salesforce/moirai-1.0-R-large,uni,log_return,5,9,2010-01-06,0.2245479485799302,144.52378285243378,0.7547128070157959
moirai,1.0,Salesforce/moirai-1.0-R-large,uni,log_return,5,10,2010-05-06,0.7618911486754477,179.27493315331202,0.7600188986395098
moirai,1.0,Salesforce/moirai-1.0-R-large,uni,log_return,5,11,2010-09-02,0.32369205905691223,152.95128500857422,0.6751563527663729
moirai,1.0,Salesforce/moirai-1.0-R-large,uni,log_return,5,12,2011-01-03,0.1960135596228672,190.4322843279355,0.9851733631112923
moirai,1.0,Salesforce/moirai-1.0-R-large,uni,log_return,5,13,2011-05-03,0.49983522568981403,134.7319218222078,0.6844917672684958
moirai,1.0,Salesforce/moirai-1.0-R-large,uni,log_return,5,14,2011-08-30,1.182875014738233,153.23731856500243,0.7149911752620529
moirai,1.0,Salesforce/moirai-1.0-R-large,uni,log_return,5,15,2011-12-28,0.46918365762888065,161.18608476103034,0.7389936376641822
moirai,1.0,Salesforce/moirai-1.0-R-large,uni,log_return,5,16,2012-04-27,0.5076483736831638,161.55284308221306,0.7315172474999034
moirai,1.0,Salesforce/moirai-1.0-R-large,uni,log_return,5,17,2012-08-24,0.28407434252803737,163.7630929954143,1.0171250919102157
moirai,1.0,Salesforce/moirai-1.0-R-large,uni,log_return,5,18,2012-12-26,0.9806118510153408,171.35435318052507,0.9150338782185092
moirai,1.0,Salesforce/moirai-1.0-R-large,uni,log_return,5,19,2013-04-26,0.5744634830742288,136.12766874417537,0.6606371550212329
moirai,1.0,Salesforce/moirai-1.0-R-large,uni,log_return,5,20,2013-08-22,0.5388418205298393,158.64090293068068,0.8629646741091261
moirai,1.0,Salesforce/moirai-1.0-R-large,uni,log_return,5,21,2013-12-19,0.2943879346814364,99.92674525073163,0.6761610593179275
moirai,1.0,Salesforce/moirai-1.0-R-large,uni,log_return,5,22,2014-04-22,0.44248143082444413,144.98544600866072,0.7821208860328926
moirai,1.0,Salesforce/moirai-1.0-R-large,uni,log_return,5,23,2014-08-19,0.26258379490299355,92.78511910912479,0.787445320536603
moirai,1.0,Salesforce/moirai-1.0-R-large,uni,log_return,5,24,2014-12-16,1.5051599404952098,160.37826969367364,0.9425062839431662
moirai,1.0,Salesforce/moirai-1.0-R-large,uni,log_return,5,25,2015-04-17,0.4179550087041114,128.61062517132916,0.7441748151961591
moirai,1.0,Salesforce/moirai-1.0-R-large,uni,log_return,5,26,2015-08-14,1.677667939150085,172.94242103122912,0.8060312411657693
moirai,1.0,Salesforce/moirai-1.0-R-large,uni,log_return,5,27,2015-12-11,1.4398640031182783,190.55336540371974,0.7529934488409258
moirai,1.0,Salesforce/moirai-1.0-R-large,uni,log_return,5,28,2016-04-13,0.26066976407208814,169.15772433878976,1.1410108375279435
moirai,1.0,Salesforce/moirai-1.0-R-large,uni,log_return,5,29,2016-08-10,0.3413544219795871,183.46027721559656,0.8300416656923653
moirai,1.0,Salesforce/moirai-1.0-R-large,uni,log_return,5,30,2016-12-08,0.46145842241385493,154.03695166875556,0.6860584339909214
moirai,1.0,Salesforce/moirai-1.0-R-large,uni,log_return,5,31,2017-04-10,0.5772962895713035,188.67661848985506,0.7984021729574852
moirai,1.0,Salesforce/moirai-1.0-R-large,uni,log_return,5,32,2017-08-08,0.6235048883876226,130.54200459722745,0.8607620728699128
moirai,1.0,Salesforce/moirai-1.0-R-large,uni,log_return,5,33,2017-12-05,0.29484698818104493,131.68679264137907,0.6526717624824222
moirai,1.0,Salesforce/moirai-1.0-R-large,uni,log_return,5,34,2018-04-06,1.142388036237496,167.7103831408668,0.8483820400428411
moirai,1.0,Salesforce/moirai-1.0-R-large,uni,log_return,5,35,2018-08-03,0.4987220910986202,169.6844073666427,0.8376843205976062
moirai,1.0,Salesforce/moirai-1.0-R-large,uni,log_return,5,36,2018-11-30,2.1030680421088848,186.15624061531483,0.9187172756287245
moirai,1.0,Salesforce/moirai-1.0-R-large,uni,log_return,5,37,2019-04-03,0.2972188090615393,74.67609906887066,0.69951027971671
moirai,1.0,Salesforce/moirai-1.0-R-large,uni,log_return,5,38,2019-08-01,1.5688698527447853,140.7059059727898,0.8258302190159735
moirai,1.0,Salesforce/moirai-1.0-R-large,uni,log_return,5,39,2019-11-27,0.6497626757212922,157.83841355318168,0.8371490095655176
moirai,1.0,Salesforce/moirai-1.0-R-large,uni,log_return,5,40,2020-03-27,2.436009704326811,187.14918416864427,1.18205178472945
moirai,1.0,Salesforce/moirai-1.0-R-large,uni,log_return,5,41,2020-07-27,0.4553973888631498,140.3922250989798,0.6174986604358502
moirai,1.0,Salesforce/moirai-1.0-R-large,uni,log_return,5,42,2020-11-20,0.40415925425511434,175.40063545822596,0.8717942795704712
moirai,1.0,Salesforce/moirai-1.0-R-large,uni,log_return,5,43,2021-03-24,0.4067094334191207,161.59468397827476,0.8301815824913945
moirai,1.0,Salesforce/moirai-1.0-R-large,uni,log_return,5,44,2021-07-22,0.29649553474844853,172.41370255553014,0.808840974066681
moirai,1.0,Salesforce/moirai-1.0-R-large,uni,log_return,5,45,2021-11-17,0.13281743195127643,90.21997504992537,1.0645865271848691
moirai,1.0,Salesforce/moirai-1.0-R-large,uni,log_return,5,46,2022-03-18,0.5563314250444896,161.8353318588516,0.7164237809829389
moirai,1.0,Salesforce/moirai-1.0-R-large,uni,log_return,5,47,2022-07-19,0.6630261172894545,189.39634839958052,0.7713600405131298
moirai,1.0,Salesforce/moirai-1.0-R-large,uni,log_return,5,48,2022-11-14,0.4154008502809645,156.91561930660015,0.8234225599483426
moirai,1.0,Salesforce/moirai-1.0-R-large,uni,log_return,5,49,2023-03-16,0.8823955408599624,180.36746065486338,0.7738292735342882
moirai,1.0,Salesforce/moirai-1.0-R-large,uni,log_return,5,50,2023-07-17,0.30200989741713796,135.01946449019138,0.8964409508624064
moirai,1.0,Salesforce/moirai-1.0-R-large,uni,log_return,5,51,2023-11-10,0.33903766520053125,137.72174364922515,1.0422743617453516
moirai,1.0,Salesforce/moirai-1.0-R-large,uni,log_return,5,52,2024-03-13,0.4348771936106858,161.54892196837375,0.6185350863650276
moirai,1.0,Salesforce/moirai-1.0-R-large,uni,log_return,5,53,2024-07-12,0.7293012154981363,176.36947108216984,0.7638509267805449
moirai,1.0,Salesforce/moirai-1.0-R-large,uni,log_return,5,54,2024-11-07,0.3198528532181871,168.1990466340335,1.027435101655077
moirai,1.0,Salesforce/moirai-1.0-R-large,uni,log_return,5,55,2025-03-12,1.332306794261037,172.3045816708111,0.7280794083219865
moirai,1.0,Salesforce/moirai-1.0-R-large,uni,log_return,5,56,2025-07-11,0.2808309555685536,118.82289233283001,0.8424581016303123
moirai,1.0,Salesforce/moirai-1.0-R-large,uni,log_return,5,57,2025-11-06,0.7571326470670555,135.88848661937445,0.8980308313643379
moirai,1.0,Salesforce/moirai-1.0-R-large,uni,log_return,5,58,2026-03-10,0.6977108677704307,145.5685308932624,0.8179580778635525
moirai,1.0,Salesforce/moirai-1.0-R-large,uni,log_return,5,59,2026-07-09,0.4365438648272256,136.29413528783687,0.6410316494981977
moirai,1.0,Salesforce/moirai-1.0-R-large,uni,price,21,0,2007-01-22,2.137194940279719,0.9102758464888309,0.0071726865333773615
moirai,1.0,Salesforce/moirai-1.0-R-large,uni,price,21,1,2007-05-18,1.8520674443065628,0.7569269391651278,0.006131336316011511
moirai,1.0,Salesforce/moirai-1.0-R-large,uni,price,21,2,2007-09-17,8.618995810490736,4.157257573032539,0.03326941368424214
moirai,1.0,Salesforce/moirai-1.0-R-large,uni,price,21,3,2008-01-15,6.6101957890592615,4.135855696114793,0.034071338061602646
moirai,1.0,Salesforce/moirai-1.0-R-large,uni,price,21,4,2008-05-14,2.0125172265063487,1.446152434987734,0.010951646507356772
moirai,1.0,Salesforce/moirai-1.0-R-large,uni,price,21,5,2008-09-11,5.800683397604237,5.795492531396739,0.04674933364654724
moirai,1.0,Salesforce/moirai-1.0-R-large,uni,price,21,6,2009-01-09,1.4168891192769664,2.5022109264446653,0.017291738038459053
moirai,1.0,Salesforce/moirai-1.0-R-large,uni,price,21,7,2009-05-11,1.206614042748624,2.1635242939146586,0.016398783786229117
moirai,1.0,Salesforce/moirai-1.0-R-large,uni,price,21,8,2009-09-08,1.7449822104968609,2.6866445816240354,0.019591188710933613
moirai,1.0,Salesforce/moirai-1.0-R-large,uni,price,21,9,2010-01-06,1.1668070519800167,1.5914593133637633,0.012878558633591133
moirai,1.0,Salesforce/moirai-1.0-R-large,uni,price,21,10,2010-05-06,1.8462325586261017,2.342433425589257,0.01996637998785175
moirai,1.0,Salesforce/moirai-1.0-R-large,uni,price,21,11,2010-09-02,0.512700564885308,0.6396473216019896,0.006282419232208592
moirai,1.0,Salesforce/moirai-1.0-R-large,uni,price,21,12,2011-01-03,2.599515582659919,2.0574551355837944,0.014409818558885555
moirai,1.0,Salesforce/moirai-1.0-R-large,uni,price,21,13,2011-05-03,2.0455626379716088,1.3398466998196694,0.009653898047319243
moirai,1.0,Salesforce/moirai-1.0-R-large,uni,price,21,14,2011-08-30,3.142981080559272,2.5568360374417396,0.019024966099927362
moirai,1.0,Salesforce/moirai-1.0-R-large,uni,price,21,15,2011-12-28,2.9612785797139245,2.5001385152775035,0.01691628273066779
moirai,1.0,Salesforce/moirai-1.0-R-large,uni,price,21,16,2012-04-27,4.709337212592434,3.7572459428100182,0.028526576406490034
moirai,1.0,Salesforce/moirai-1.0-R-large,uni,price,21,17,2012-08-24,2.908950411196035,2.1020566263548073,0.01615278892082334
moirai,1.0,Salesforce/moirai-1.0-R-large,uni,price,21,18,2012-12-26,5.424869562811915,3.8674316894009153,0.029912568651562554
moirai,1.0,Salesforce/moirai-1.0-R-large,uni,price,21,19,2013-04-26,3.678567938355206,2.3861072073095966,0.017392457416511953
moirai,1.0,Salesforce/moirai-1.0-R-large,uni,price,21,20,2013-08-22,2.1725486444284834,1.3174443778916158,0.009717884652000075
moirai,1.0,Salesforce/moirai-1.0-R-large,uni,price,21,21,2013-12-19,2.073178597507211,0.9814392766786475,0.007974741648549302
moirai,1.0,Salesforce/moirai-1.0-R-large,uni,price,21,22,2014-04-22,2.167480491166345,1.0479433637429834,0.008054004878286933
moirai,1.0,Salesforce/moirai-1.0-R-large,uni,price,21,23,2014-08-19,3.489607881153737,1.5376728231523065,0.010530786576453533
moirai,1.0,Salesforce/moirai-1.0-R-large,uni,price,21,24,2014-12-16,6.8864756212488105,3.1834820897294023,0.02610315133555625
moirai,1.0,Salesforce/moirai-1.0-R-large,uni,price,21,25,2015-04-17,1.7555866687635542,0.8664105086904541,0.00710379921965271
moirai,1.0,Salesforce/moirai-1.0-R-large,uni,price,21,26,2015-08-14,9.243724390420342,4.830276266532079,0.039019591816361145
moirai,1.0,Salesforce/moirai-1.0-R-large,uni,price,21,27,2015-12-11,3.444778380492589,2.074058971549441,0.015740121800069923
moirai,1.0,Salesforce/moirai-1.0-R-large,uni,price,21,28,2016-04-13,1.0385686425239615,0.6626942367060144,0.006510333245710678
moirai,1.0,Salesforce/moirai-1.0-R-large,uni,price,21,29,2016-08-10,0.6110680863468223,0.3808059542890614,0.005157708069642166
moirai,1.0,Salesforce/moirai-1.0-R-large,uni,price,21,30,2016-12-08,0.897447296314936,0.5342931544254131,0.005033052327962551
moirai,1.0,Salesforce/moirai-1.0-R-large,uni,price,21,31,2017-04-10,1.1623832636663516,0.6024057254968692,0.005498284885569045
moirai,1.0,Salesforce/moirai-1.0-R-large,uni,price,21,32,2017-08-08,1.7696470490118403,0.8415006236740975,0.007492549147424364
moirai,1.0,Salesforce/moirai-1.0-R-large,uni,price,21,33,2017-12-05,3.4376938845390694,1.3009470508907892,0.009083778825534608
moirai,1.0,Salesforce/moirai-1.0-R-large,uni,price,21,34,2018-04-06,2.5023823968156287,1.0104804429529972,0.008029832279578979
moirai,1.0,Salesforce/moirai-1.0-R-large,uni,price,21,35,2018-08-03,2.712544324276909,1.0483050329325942,0.008190349805620858
moirai,1.0,Salesforce/moirai-1.0-R-large,uni,price,21,36,2018-11-30,14.28652434238344,6.900342272628955,0.05760305945435032
moirai,1.0,Salesforce/moirai-1.0-R-large,uni,price,21,37,2019-04-03,2.707510861923874,1.3761474575136832,0.009578493929956496
moirai,1.0,Salesforce/moirai-1.0-R-large,uni,price,21,38,2019-08-01,4.421575894462152,2.410662028654315,0.017723616327851643
moirai,1.0,Salesforce/moirai-1.0-R-large,uni,price,21,39,2019-11-27,2.5047275332422383,1.4138494907819437,0.01018093215887758
moirai,1.0,Salesforce/moirai-1.0-R-large,uni,price,21,40,2020-03-27,6.71117383074196,5.774255845652405,0.03911634040508744
moirai,1.0,Salesforce/moirai-1.0-R-large,uni,price,21,41,2020-07-27,3.5344141626360206,2.8532155905546737,0.01954533140803233
moirai,1.0,Salesforce/moirai-1.0-R-large,uni,price,21,42,2020-11-20,6.0872671540886705,4.9798218470623095,0.0353060926756771
moirai,1.0,Salesforce/moirai-1.0-R-large,uni,price,21,43,2021-03-24,4.725562726866061,3.4828028555097155,0.02661547391603704
moirai,1.0,Salesforce/moirai-1.0-R-large,uni,price,21,44,2021-07-22,1.0534728801394002,0.7417360777071899,0.007919290839229005
moirai,1.0,Salesforce/moirai-1.0-R-large,uni,price,21,45,2021-11-17,2.263499104826437,1.5325876277150958,0.012993256257009783
moirai,1.0,Salesforce/moirai-1.0-R-large,uni,price,21,46,2022-03-18,1.870672351123858,1.4490554645731488,0.011752625878345736
moirai,1.0,Salesforce/moirai-1.0-R-large,uni,price,21,47,2022-07-19,4.526994732231469,3.738316487277541,0.02741612024806641
moirai,1.0,Salesforce/moirai-1.0-R-large,uni,price,21,48,2022-11-14,1.8604794830994817,1.7152196934346653,0.013873981992238682
moirai,1.0,Salesforce/moirai-1.0-R-large,uni,price,21,49,2023-03-16,2.0190907764286643,1.8976647619391414,0.01444749634023689
moirai,1.0,Salesforce/moirai-1.0-R-large,uni,price,21,50,2023-07-17,1.0583420430537733,0.8977564825686728,0.009208824409542953
moirai,1.0,Salesforce/moirai-1.0-R-large,uni,price,21,51,2023-11-10,3.640989560356894,3.158247293294124,0.02109988627376093
moirai,1.0,Salesforce/moirai-1.0-R-large,uni,price,21,52,2024-03-13,1.181133479503722,0.8268791557771539,0.008627034765640897
moirai,1.0,Salesforce/moirai-1.0-R-large,uni,price,21,53,2024-07-12,6.670480645517733,3.804463254229255,0.027915652176130776
moirai,1.0,Salesforce/moirai-1.0-R-large,uni,price,21,54,2024-11-07,1.646405751239383,0.8459972934883639,0.008085676781737501
moirai,1.0,Salesforce/moirai-1.0-R-large,uni,price,21,55,2025-03-12,7.483867712256958,4.191121443116417,0.03542030341228899
moirai,1.0,Salesforce/moirai-1.0-R-large,uni,price,21,56,2025-07-11,3.870109239972588,2.2076223109620403,0.015294367912170183
moirai,1.0,Salesforce/moirai-1.0-R-large,uni,price,21,57,2025-11-06,2.6674962075033846,1.4577578040460575,0.010704073090502335
moirai,1.0,Salesforce/moirai-1.0-R-large,uni,price,21,58,2026-03-10,3.865364493314088,2.2687695570842425,0.016250981902640085
moirai,1.0,Salesforce/moirai-1.0-R-large,uni,price,21,59,2026-07-09,2.3912694257553726,1.3628704237359022,0.011889284429329424
moirai,1.0,Salesforce/moirai-1.0-R-large,uni,simple_return,21,0,2007-01-22,0.5204244761631545,161.22604076240884,0.7999654492595936
moirai,1.0,Salesforce/moirai-1.0-R-large,uni,simple_return,21,1,2007-05-18,0.805253295521429,170.91935957017162,0.8099998951820427
moirai,1.0,Salesforce/moirai-1.0-R-large,uni,simple_return,21,2,2007-09-17,0.8299555096640342,164.17716892971163,0.8212427317528642
moirai,1.0,Salesforce/moirai-1.0-R-large,uni,simple_return,21,3,2008-01-15,1.3363655294882741,171.96404378702528,0.7648280600317935
moirai,1.0,Salesforce/moirai-1.0-R-large,uni,simple_return,21,4,2008-05-14,0.7964410180302236,177.29074978724157,0.8425658644490315
moirai,1.0,Salesforce/moirai-1.0-R-large,uni,simple_return,21,5,2008-09-11,2.6027888487323616,160.07636793389716,0.866153530719865
moirai,1.0,Salesforce/moirai-1.0-R-large,uni,simple_return,21,6,2009-01-09,1.0152160548288431,161.56575047325654,0.7869006118985482
moirai,1.0,Salesforce/moirai-1.0-R-large,uni,simple_return,21,7,2009-05-11,0.5225269309532573,149.96154801199856,0.8885893899660946
moirai,1.0,Salesforce/moirai-1.0-R-large,uni,simple_return,21,8,2009-09-08,0.35101137701271556,158.56004594780754,0.8436986766332146
moirai,1.0,Salesforce/moirai-1.0-R-large,uni,simple_return,21,9,2010-01-06,0.4497029585447634,162.50730374027938,0.8472837008712353
moirai,1.0,Salesforce/moirai-1.0-R-large,uni,simple_return,21,10,2010-05-06,0.7363230780500537,167.8698697964313,0.7941005740574182
moirai,1.0,Salesforce/moirai-1.0-R-large,uni,simple_return,21,11,2010-09-02,0.2938883591418695,146.77486733727218,0.7932166615942925
moirai,1.0,Salesforce/moirai-1.0-R-large,uni,simple_return,21,12,2011-01-03,0.32433603008530215,146.45674625937377,0.8216317587034203
moirai,1.0,Salesforce/moirai-1.0-R-large,uni,simple_return,21,13,2011-05-03,0.5188708028504889,138.89783888376394,0.7728713649606971
moirai,1.0,Salesforce/moirai-1.0-R-large,uni,simple_return,21,14,2011-08-30,1.1631254955447676,163.63320899118824,0.7653625548413394
moirai,1.0,Salesforce/moirai-1.0-R-large,uni,simple_return,21,15,2011-12-28,0.34191775024423526,132.3283369513229,1.0197235334894712
moirai,1.0,Salesforce/moirai-1.0-R-large,uni,simple_return,21,16,2012-04-27,0.479740259678326,174.71994794516402,0.8353851050434188
moirai,1.0,Salesforce/moirai-1.0-R-large,uni,simple_return,21,17,2012-08-24,0.3754617170756264,176.54102910749344,0.9413515098773699
moirai,1.0,Salesforce/moirai-1.0-R-large,uni,simple_return,21,18,2012-12-26,0.4358389370668526,173.22100505337167,0.9395028943868776
moirai,1.0,Salesforce/moirai-1.0-R-large,uni,simple_return,21,19,2013-04-26,0.4152009055715911,158.49578037175667,0.7469505045886247
moirai,1.0,Salesforce/moirai-1.0-R-large,uni,simple_return,21,20,2013-08-22,0.4650296964387357,178.26093813058392,0.7647378535300345
moirai,1.0,Salesforce/moirai-1.0-R-large,uni,simple_return,21,21,2013-12-19,0.41371673181001084,143.79962851082058,0.8343919285973137
moirai,1.0,Salesforce/moirai-1.0-R-large,uni,simple_return,21,22,2014-04-22,0.5317529452657547,153.5101751788936,0.821323392955346
moirai,1.0,Salesforce/moirai-1.0-R-large,uni,simple_return,21,23,2014-08-19,0.38366147669577383,137.0111388954496,0.8536208216107648
moirai,1.0,Salesforce/moirai-1.0-R-large,uni,simple_return,21,24,2014-12-16,1.0811430681026208,166.20680623514755,0.8086658264315951
moirai,1.0,Salesforce/moirai-1.0-R-large,uni,simple_return,21,25,2015-04-17,0.6739041266173044,167.28026533216683,0.8057674565341775
moirai,1.0,Salesforce/moirai-1.0-R-large,uni,simple_return,21,26,2015-08-14,1.9064032377286027,185.1065747339395,0.8251682644590852
moirai,1.0,Salesforce/moirai-1.0-R-large,uni,simple_return,21,27,2015-12-11,1.1837562905341132,170.9718329844812,0.7806974575753233
moirai,1.0,Salesforce/moirai-1.0-R-large,uni,simple_return,21,28,2016-04-13,0.42142514817048926,151.1487534213779,0.8713104737948821
moirai,1.0,Salesforce/moirai-1.0-R-large,uni,simple_return,21,29,2016-08-10,0.3701766343290229,162.2807905955946,0.9564465039518021
moirai,1.0,Salesforce/moirai-1.0-R-large,uni,simple_return,21,30,2016-12-08,0.39447087852318546,173.17282824678492,0.8304327639802653
moirai,1.0,Salesforce/moirai-1.0-R-large,uni,simple_return,21,31,2017-04-10,0.3684505364292312,161.87107156748806,0.8510559106575944
moirai,1.0,Salesforce/moirai-1.0-R-large,uni,simple_return,21,32,2017-08-08,0.5115823577119103,166.76442463346984,0.8666040914516843
moirai,1.0,Salesforce/moirai-1.0-R-large,uni,simple_return,21,33,2017-12-05,0.46581986482446025,149.95839277069751,0.7197655129685331
moirai,1.0,Salesforce/moirai-1.0-R-large,uni,simple_return,21,34,2018-04-06,0.9856877902032813,162.43410878280952,0.855789131253307
moirai,1.0,Salesforce/moirai-1.0-R-large,uni,simple_return,21,35,2018-08-03,0.5572048337315672,159.80507922230473,0.8088674968114393
moirai,1.0,Salesforce/moirai-1.0-R-large,uni,simple_return,21,36,2018-11-30,2.060254228312007,185.83464567075762,0.8964136038505445
moirai,1.0,Salesforce/moirai-1.0-R-large,uni,simple_return,21,37,2019-04-03,0.4017866339657936,126.29695868373977,0.9526946278653011
moirai,1.0,Salesforce/moirai-1.0-R-large,uni,simple_return,21,38,2019-08-01,1.3596825894408437,170.21547202854958,0.8702095169335524
moirai,1.0,Salesforce/moirai-1.0-R-large,uni,simple_return,21,39,2019-11-27,0.440257684115688,144.5789051186525,0.7929653376631026
moirai,1.0,Salesforce/moirai-1.0-R-large,uni,simple_return,21,40,2020-03-27,1.8177955014947127,178.87643008815297,1.9201942655384383
moirai,1.0,Salesforce/moirai-1.0-R-large,uni,simple_return,21,41,2020-07-27,0.30249368973991614,112.99364950741533,0.7087524480218569
moirai,1.0,Salesforce/moirai-1.0-R-large,uni,simple_return,21,42,2020-11-20,0.32949378113947403,138.46395631339448,0.955124525112928
moirai,1.0,Salesforce/moirai-1.0-R-large,uni,simple_return,21,43,2021-03-24,0.44304590619373774,176.32462853935596,0.7709627585540818
moirai,1.0,Salesforce/moirai-1.0-R-large,uni,simple_return,21,44,2021-07-22,0.2593547045787956,135.96427994917883,0.7732449068791318
moirai,1.0,Salesforce/moirai-1.0-R-large,uni,simple_return,21,45,2021-11-17,0.6728613504390082,159.58331312187337,0.7850527187186009
moirai,1.0,Salesforce/moirai-1.0-R-large,uni,simple_return,21,46,2022-03-18,0.591462951142675,161.38624119095485,0.7618871948900743
moirai,1.0,Salesforce/moirai-1.0-R-large,uni,simple_return,21,47,2022-07-19,0.6949811393082934,158.35062087099257,0.8508657007766963
moirai,1.0,Salesforce/moirai-1.0-R-large,uni,simple_return,21,48,2022-11-14,0.6592100008306359,159.52132171063712,0.8453453174626548
moirai,1.0,Salesforce/moirai-1.0-R-large,uni,simple_return,21,49,2023-03-16,0.5745330134090891,171.20547771247493,0.9509344613023235
moirai,1.0,Salesforce/moirai-1.0-R-large,uni,simple_return,21,50,2023-07-17,0.4057896468906754,174.4567980709568,0.8765004919673627
moirai,1.0,Salesforce/moirai-1.0-R-large,uni,simple_return,21,51,2023-11-10,0.340826710738255,162.54470726422397,1.1056722842739222
moirai,1.0,Salesforce/moirai-1.0-R-large,uni,simple_return,21,52,2024-03-13,0.44673087364130054,153.32612397976905,0.7905934060963244
moirai,1.0,Salesforce/moirai-1.0-R-large,uni,simple_return,21,53,2024-07-12,1.0021369111301568,174.0245856504951,0.7935376243723478
moirai,1.0,Salesforce/moirai-1.0-R-large,uni,simple_return,21,54,2024-11-07,0.38895252557032184,150.606266839185,0.8709647719998198
moirai,1.0,Salesforce/moirai-1.0-R-large,uni,simple_return,21,55,2025-03-12,2.087285597963241,181.665588104565,0.8772529210262606
moirai,1.0,Salesforce/moirai-1.0-R-large,uni,simple_return,21,56,2025-07-11,0.4825184306381276,139.03788142469253,0.9005014845078888
moirai,1.0,Salesforce/moirai-1.0-R-large,uni,simple_return,21,57,2025-11-06,0.6762268965679288,137.8732370563781,0.8242264412888307
moirai,1.0,Salesforce/moirai-1.0-R-large,uni,simple_return,21,58,2026-03-10,0.9680479951555842,169.1677812592136,0.7998600459923325
moirai,1.0,Salesforce/moirai-1.0-R-large,uni,simple_return,21,59,2026-07-09,0.6593086726554241,160.75184215931694,0.7971590229546561
moirai,1.0,Salesforce/moirai-1.0-R-large,uni,log_return,21,0,2007-01-22,0.5036089609041839,154.0804687880147,0.7833556181642605
moirai,1.0,Salesforce/moirai-1.0-R-large,uni,log_return,21,1,2007-05-18,0.7904186237625603,158.17734866601722,0.833220185186008
moirai,1.0,Salesforce/moirai-1.0-R-large,uni,log_return,21,2,2007-09-17,0.7830724478804099,154.67704370812802,0.8009641469264397
moirai,1.0,Salesforce/moirai-1.0-R-large,uni,log_return,21,3,2008-01-15,1.1942312265213926,154.99816898722221,0.7030791261333759
moirai,1.0,Salesforce/moirai-1.0-R-large,uni,log_return,21,4,2008-05-14,0.7684020222107711,164.18265753113667,0.8329883412215447
moirai,1.0,Salesforce/moirai-1.0-R-large,uni,log_return,21,5,2008-09-11,2.587684884028632,161.17034028904652,0.8511278828493524
moirai,1.0,Salesforce/moirai-1.0-R-large,uni,log_return,21,6,2009-01-09,1.0261635816752452,174.12452928261618,0.8047933026270568
moirai,1.0,Salesforce/moirai-1.0-R-large,uni,log_return,21,7,2009-05-11,0.5593826965271297,167.259050195016,0.9022866748820724
moirai,1.0,Salesforce/moirai-1.0-R-large,uni,log_return,21,8,2009-09-08,0.32994301284255495,147.6587843305587,0.8019034463141465
moirai,1.0,Salesforce/moirai-1.0-R-large,uni,log_return,21,9,2010-01-06,0.43921054339578564,156.54811800723576,0.8109503964048872
moirai,1.0,Salesforce/moirai-1.0-R-large,uni,log_return,21,10,2010-05-06,0.7354709265144429,179.58963678652614,0.8007188769682336
moirai,1.0,Salesforce/moirai-1.0-R-large,uni,log_return,21,11,2010-09-02,0.304262261418824,150.41022853722666,0.8153998786760721
moirai,1.0,Salesforce/moirai-1.0-R-large,uni,log_return,21,12,2011-01-03,0.31830340704246124,140.48550691828189,0.8054955330899252
moirai,1.0,Salesforce/moirai-1.0-R-large,uni,log_return,21,13,2011-05-03,0.5273552670113886,143.81197687858224,0.7712244599258534
moirai,1.0,Salesforce/moirai-1.0-R-large,uni,log_return,21,14,2011-08-30,1.1465755528922184,150.9552369018918,0.7579069651345243
moirai,1.0,Salesforce/moirai-1.0-R-large,uni,log_return,21,15,2011-12-28,0.3823500660445569,143.44020941600786,0.9796807754294724
moirai,1.0,Salesforce/moirai-1.0-R-large,uni,log_return,21,16,2012-04-27,0.5128959436139862,168.47929923308595,0.8716099156869086
moirai,1.0,Salesforce/moirai-1.0-R-large,uni,log_return,21,17,2012-08-24,0.3720152077378082,176.53350777914878,0.9036810041914018
moirai,1.0,Salesforce/moirai-1.0-R-large,uni,log_return,21,18,2012-12-26,0.4320452261265873,170.58384376284442,0.8993360956024428
moirai,1.0,Salesforce/moirai-1.0-R-large,uni,log_return,21,19,2013-04-26,0.40771002330424333,144.21526159005137,0.7130609923328226
moirai,1.0,Salesforce/moirai-1.0-R-large,uni,log_return,21,20,2013-08-22,0.48485330307466773,181.08328215351946,0.8121072720785238
moirai,1.0,Salesforce/moirai-1.0-R-large,uni,log_return,21,21,2013-12-19,0.45105927118719136,163.4295656320315,0.8716111293993577
moirai,1.0,Salesforce/moirai-1.0-R-large,uni,log_return,21,22,2014-04-22,0.5068755821464034,142.11442906816208,0.8158695223451099
moirai,1.0,Salesforce/moirai-1.0-R-large,uni,log_return,21,23,2014-08-19,0.43705496149452594,150.25456636775775,0.9123754070262756
moirai,1.0,Salesforce/moirai-1.0-R-large,uni,log_return,21,24,2014-12-16,1.1017888338701052,169.7924668960862,0.8560001954272093
moirai,1.0,Salesforce/moirai-1.0-R-large,uni,log_return,21,25,2015-04-17,0.6492623135069135,167.55827648802085,0.7613944403091699
moirai,1.0,Salesforce/moirai-1.0-R-large,uni,log_return,21,26,2015-08-14,1.9582545818944646,183.35925998862933,0.8519177277722625
moirai,1.0,Salesforce/moirai-1.0-R-large,uni,log_return,21,27,2015-12-11,1.2236019206830924,177.62779881276037,0.8150478537866184
moirai,1.0,Salesforce/moirai-1.0-R-large,uni,log_return,21,28,2016-04-13,0.424301373101459,153.86122141700238,0.8906628801716473
moirai,1.0,Salesforce/moirai-1.0-R-large,uni,log_return,21,29,2016-08-10,0.39008735827872726,171.29998016447306,0.9723111662603939
moirai,1.0,Salesforce/moirai-1.0-R-large,uni,log_return,21,30,2016-12-08,0.39767864944630327,171.57323732074852,0.818512010941646
moirai,1.0,Salesforce/moirai-1.0-R-large,uni,log_return,21,31,2017-04-10,0.34112720810635705,147.10290734096932,0.8093682484350097
moirai,1.0,Salesforce/moirai-1.0-R-large,uni,log_return,21,32,2017-08-08,0.4886400704056562,145.07710362728844,0.8501001211382082
moirai,1.0,Salesforce/moirai-1.0-R-large,uni,log_return,21,33,2017-12-05,0.45681789547564355,145.9223122613434,0.7348902458755001
moirai,1.0,Salesforce/moirai-1.0-R-large,uni,log_return,21,34,2018-04-06,0.9384692632645703,144.4910129898893,0.8476488095557435
moirai,1.0,Salesforce/moirai-1.0-R-large,uni,log_return,21,35,2018-08-03,0.5181993227560455,149.28814638526282,0.7599758419895576
moirai,1.0,Salesforce/moirai-1.0-R-large,uni,log_return,21,36,2018-11-30,1.9444796812837322,158.82004400047072,0.8563382743623853
moirai,1.0,Salesforce/moirai-1.0-R-large,uni,log_return,21,37,2019-04-03,0.40430798838659804,141.5236506089676,0.9331682123190281
moirai,1.0,Salesforce/moirai-1.0-R-large,uni,log_return,21,38,2019-08-01,1.3421400038495341,166.39656713966951,0.8540772489494487
moirai,1.0,Salesforce/moirai-1.0-R-large,uni,log_return,21,39,2019-11-27,0.44877051937359824,151.08803433662976,0.8361043595836193
moirai,1.0,Salesforce/moirai-1.0-R-large,uni,log_return,21,40,2020-03-27,1.6638022405459076,149.51721147650534,2.0482377219711236
moirai,1.0,Salesforce/moirai-1.0-R-large,uni,log_return,21,41,2020-07-27,0.3363423256339301,126.29674133955093,0.7268318401138167
moirai,1.0,Salesforce/moirai-1.0-R-large,uni,log_return,21,42,2020-11-20,0.3240106625671123,155.56163624565943,0.9384694618108246
moirai,1.0,Salesforce/moirai-1.0-R-large,uni,log_return,21,43,2021-03-24,0.4339294190263952,170.33234729812264,0.7977920606644138
moirai,1.0,Salesforce/moirai-1.0-R-large,uni,log_return,21,44,2021-07-22,0.25284530018503876,112.98744958391475,0.8025717326947429
moirai,1.0,Salesforce/moirai-1.0-R-large,uni,log_return,21,45,2021-11-17,0.6953512928329159,163.86312188662393,0.8133814357032959
moirai,1.0,Salesforce/moirai-1.0-R-large,uni,log_return,21,46,2022-03-18,0.6223429766097057,172.235777553169,0.7996199811092407
moirai,1.0,Salesforce/moirai-1.0-R-large,uni,log_return,21,47,2022-07-19,0.6862744698404231,149.8132272924681,0.8264722542574192
moirai,1.0,Salesforce/moirai-1.0-R-large,uni,log_return,21,48,2022-11-14,0.6767879064703316,163.0429476560016,0.8523318088298796
moirai,1.0,Salesforce/moirai-1.0-R-large,uni,log_return,21,49,2023-03-16,0.5299321253216227,156.73733234933417,0.8789923874858401
moirai,1.0,Salesforce/moirai-1.0-R-large,uni,log_return,21,50,2023-07-17,0.39160523436994077,165.1144459544484,0.8739223109368166
moirai,1.0,Salesforce/moirai-1.0-R-large,uni,log_return,21,51,2023-11-10,0.32718852230734036,149.61875963228422,1.0765724192294515
moirai,1.0,Salesforce/moirai-1.0-R-large,uni,log_return,21,52,2024-03-13,0.45760087019440454,164.76041676008055,0.7989108565495929
moirai,1.0,Salesforce/moirai-1.0-R-large,uni,log_return,21,53,2024-07-12,1.0194231367963542,179.87735054788362,0.8194139363936854
moirai,1.0,Salesforce/moirai-1.0-R-large,uni,log_return,21,54,2024-11-07,0.3337197040309474,114.60957803151845,0.8290588050489089
moirai,1.0,Salesforce/moirai-1.0-R-large,uni,log_return,21,55,2025-03-12,2.0964228169086114,177.0258712907423,0.875825969138621
moirai,1.0,Salesforce/moirai-1.0-R-large,uni,log_return,21,56,2025-07-11,0.4912769230882549,144.82035005301086,0.9011335467355887
moirai,1.0,Salesforce/moirai-1.0-R-large,uni,log_return,21,57,2025-11-06,0.6611945908814141,160.66652015769415,0.7727962189237662
moirai,1.0,Salesforce/moirai-1.0-R-large,uni,log_return,21,58,2026-03-10,0.9634275816260004,169.91478626534195,0.8021499567713577
moirai,1.0,Salesforce/moirai-1.0-R-large,uni,log_return,21,59,2026-07-09,0.6766573020820825,163.43509688721255,0.8094758532563934
moirai,1.0,Salesforce/moirai-1.0-R-large,cov,price,5,0,2007-01-22,0.822998868757926,0.35322697042871587,0.0037696335369159723
moirai,1.0,Salesforce/moirai-1.0-R-large,cov,price,5,1,2007-05-18,1.140858012355753,0.4663235065304994,0.003535874479384126
moirai,1.0,Salesforce/moirai-1.0-R-large,cov,price,5,2,2007-09-17,5.438298342012126,2.6352496974859667,0.020736891361539715
moirai,1.0,Salesforce/moirai-1.0-R-large,cov,price,5,3,2008-01-15,5.1919770761858235,3.2983655476300986,0.026503510841247035
moirai,1.0,Salesforce/moirai-1.0-R-large,cov,price,5,4,2008-05-14,2.002580716155749,1.412008332042912,0.01069572718783929
moirai,1.0,Salesforce/moirai-1.0-R-large,cov,price,5,5,2008-09-11,4.024343128588104,3.598998318347377,0.03085418191247471
moirai,1.0,Salesforce/moirai-1.0-R-large,cov,price,5,6,2009-01-09,2.5495135378735596,4.377170284875073,0.03150394483683546
moirai,1.0,Salesforce/moirai-1.0-R-large,cov,price,5,7,2009-05-11,0.8417027742548319,1.538106446218981,0.013393689750324643
moirai,1.0,Salesforce/moirai-1.0-R-large,cov,price,5,8,2009-09-08,2.2239548135192626,3.472420751053161,0.022890231758979987
moirai,1.0,Salesforce/moirai-1.0-R-large,cov,price,5,9,2010-01-06,0.8277512189399561,1.1051492652393313,0.008765434485013523
moirai,1.0,Salesforce/moirai-1.0-R-large,cov,price,5,10,2010-05-06,2.4733502391723565,3.056279435719565,0.02123797045876003
moirai,1.0,Salesforce/moirai-1.0-R-large,cov,price,5,11,2010-09-02,1.0474819460683498,1.3437939257998415,0.009516506208401783
moirai,1.0,Salesforce/moirai-1.0-R-large,cov,price,5,12,2011-01-03,0.9610703069794004,0.7644630232776369,0.005676790152892349
moirai,1.0,Salesforce/moirai-1.0-R-large,cov,price,5,13,2011-05-03,1.3837360431526153,0.8996961530327979,0.007210698268541952
moirai,1.0,Salesforce/moirai-1.0-R-large,cov,price,5,14,2011-08-30,2.118045832461681,1.690885058045028,0.012819140903522212
moirai,1.0,Salesforce/moirai-1.0-R-large,cov,price,5,15,2011-12-28,2.392940396428345,2.0605743572513457,0.014437691974140417
moirai,1.0,Salesforce/moirai-1.0-R-large,cov,price,5,16,2012-04-27,1.0089955163467978,0.7888363019644462,0.006347172913520601
moirai,1.0,Salesforce/moirai-1.0-R-large,cov,price,5,17,2012-08-24,0.4230829841775587,0.31083977629606135,0.0039425243537289135
moirai,1.0,Salesforce/moirai-1.0-R-large,cov,price,5,18,2012-12-26,2.3484299274008733,1.6894712716985492,0.013463326772028906
moirai,1.0,Salesforce/moirai-1.0-R-large,cov,price,5,19,2013-04-26,1.927780421736957,1.277404974375381,0.009564690557240128
moirai,1.0,Salesforce/moirai-1.0-R-large,cov,price,5,20,2013-08-22,1.3246847912752053,0.8169747087001352,0.005719579588746814
moirai,1.0,Salesforce/moirai-1.0-R-large,cov,price,5,21,2013-12-19,4.148812174981828,1.9777189376297761,0.01597455476873499
moirai,1.0,Salesforce/moirai-1.0-R-large,cov,price,5,22,2014-04-22,0.9408448168636051,0.459536686480574,0.003925284026303075
moirai,1.0,Salesforce/moirai-1.0-R-large,cov,price,5,23,2014-08-19,2.0873613579079713,0.9176425704340576,0.006314149409404179
moirai,1.0,Salesforce/moirai-1.0-R-large,cov,price,5,24,2014-12-16,9.204070030537768,4.254879569609336,0.036327035700053495
moirai,1.0,Salesforce/moirai-1.0-R-large,cov,price,5,25,2015-04-17,2.125739726277784,1.050427433280872,0.0075671360066587945
moirai,1.0,Salesforce/moirai-1.0-R-large,cov,price,5,26,2015-08-14,3.8582164242730945,1.9731238364646895,0.01679940974236542
moirai,1.0,Salesforce/moirai-1.0-R-large,cov,price,5,27,2015-12-11,2.3229069478953,1.3759155493697464,0.010342466377811697
moirai,1.0,Salesforce/moirai-1.0-R-large,cov,price,5,28,2016-04-13,1.492448352935634,0.949031990339493,0.007681746920463102
moirai,1.0,Salesforce/moirai-1.0-R-large,cov,price,5,29,2016-08-10,0.8662004203075232,0.5381781227296566,0.004172471708678112
moirai,1.0,Salesforce/moirai-1.0-R-large,cov,price,5,30,2016-12-08,2.018470268610374,1.207350912713041,0.008341297590718605
moirai,1.0,Salesforce/moirai-1.0-R-large,cov,price,5,31,2017-04-10,0.6389089304665163,0.3345659251696794,0.0031080921579323155
moirai,1.0,Salesforce/moirai-1.0-R-large,cov,price,5,32,2017-08-08,1.549097136540284,0.7358468607475127,0.005914679504652648
moirai,1.0,Salesforce/moirai-1.0-R-large,cov,price,5,33,2017-12-05,1.8914318628644213,0.7231110733791959,0.005000538751026273
moirai,1.0,Salesforce/moirai-1.0-R-large,cov,price,5,34,2018-04-06,1.7741127793812042,0.7202877598393131,0.005437735819590656
moirai,1.0,Salesforce/moirai-1.0-R-large,cov,price,5,35,2018-08-03,2.304765282631965,0.8970868868642403,0.0066621416392725055
moirai,1.0,Salesforce/moirai-1.0-R-large,cov,price,5,36,2018-11-30,6.679604811988443,3.1109710629568847,0.024162582945129074
moirai,1.0,Salesforce/moirai-1.0-R-large,cov,price,5,37,2019-04-03,2.959995720913626,1.5214790357843502,0.01078012486288527
moirai,1.0,Salesforce/moirai-1.0-R-large,cov,price,5,38,2019-08-01,3.761440048213106,2.056032271217614,0.015847071092554007
moirai,1.0,Salesforce/moirai-1.0-R-large,cov,price,5,39,2019-11-27,1.032883506856723,0.5924824766715148,0.005254630777088445
moirai,1.0,Salesforce/moirai-1.0-R-large,cov,price,5,40,2020-03-27,3.0837343736533103,2.80094970205954,0.021547263671802777
moirai,1.0,Salesforce/moirai-1.0-R-large,cov,price,5,41,2020-07-27,1.0345719502732684,0.8508673035690908,0.006992962822584373
moirai,1.0,Salesforce/moirai-1.0-R-large,cov,price,5,42,2020-11-20,1.7469287308203083,1.4212745404335394,0.010218127393425591
moirai,1.0,Salesforce/moirai-1.0-R-large,cov,price,5,43,2021-03-24,1.955699851032703,1.4800465734074837,0.009944776994793226
moirai,1.0,Salesforce/moirai-1.0-R-large,cov,price,5,44,2021-07-22,1.9988066780908496,1.419660367374204,0.010090618408323145
moirai,1.0,Salesforce/moirai-1.0-R-large,cov,price,5,45,2021-11-17,0.4201898981066201,0.28219724886979125,0.0031354548771156295
moirai,1.0,Salesforce/moirai-1.0-R-large,cov,price,5,46,2022-03-18,2.063325879469694,1.6071978394247042,0.011556431590306539
moirai,1.0,Salesforce/moirai-1.0-R-large,cov,price,5,47,2022-07-19,2.393629260474127,2.057506974281713,0.014464174791344233
moirai,1.0,Salesforce/moirai-1.0-R-large,cov,price,5,48,2022-11-14,1.4445227749397054,1.3432552606702564,0.010200289994763601
moirai,1.0,Salesforce/moirai-1.0-R-large,cov,price,5,49,2023-03-16,1.1656405080585646,1.124506062773503,0.008613732681103277
moirai,1.0,Salesforce/moirai-1.0-R-large,cov,price,5,50,2023-07-17,1.2255314939819315,1.0383540924658403,0.007286268261044763
moirai,1.0,Salesforce/moirai-1.0-R-large,cov,price,5,51,2023-11-10,3.0191514383347187,2.651294794072421,0.018986160949515028
moirai,1.0,Salesforce/moirai-1.0-R-large,cov,price,5,52,2024-03-13,0.6702453849981513,0.47081574551965055,0.004717192321437851
moirai,1.0,Salesforce/moirai-1.0-R-large,cov,price,5,53,2024-07-12,1.6937562352612099,0.9511095200918649,0.007337817643891899
moirai,1.0,Salesforce/moirai-1.0-R-large,cov,price,5,54,2024-11-07,3.1428058886218024,1.6297170167758268,0.011620481956542103
moirai,1.0,Salesforce/moirai-1.0-R-large,cov,price,5,55,2025-03-12,1.9365247794958094,1.0709936953840304,0.008711429117461046
moirai,1.0,Salesforce/moirai-1.0-R-large,cov,price,5,56,2025-07-11,0.8045324844993864,0.45843660987520407,0.00394283322016781
moirai,1.0,Salesforce/moirai-1.0-R-large,cov,price,5,57,2025-11-06,1.4409624537259922,0.7813329102636346,0.005924295801620277
moirai,1.0,Salesforce/moirai-1.0-R-large,cov,price,5,58,2026-03-10,2.640583559395722,1.5253893312726956,0.01086571499182315
moirai,1.0,Salesforce/moirai-1.0-R-large,cov,price,5,59,2026-07-09,1.2617555758911354,0.7193764474673114,0.00529031680507225
moirai,1.0,Salesforce/moirai-1.0-R-large,cov,simple_return,5,0,2007-01-22,0.7217269005487297,183.08322654491022,0.7933615626461975
moirai,1.0,Salesforce/moirai-1.0-R-large,cov,simple_return,5,1,2007-05-18,0.5899689570637046,170.0898759515685,0.9156258397353114
moirai,1.0,Salesforce/moirai-1.0-R-large,cov,simple_return,5,2,2007-09-17,1.2229763122598145,166.6364296190099,0.7836253635586834
moirai,1.0,Salesforce/moirai-1.0-R-large,cov,simple_return,5,3,2008-01-15,1.324137635291749,132.26376424901935,0.711973975013289
moirai,1.0,Salesforce/moirai-1.0-R-large,cov,simple_return,5,4,2008-05-14,0.8185064112826335,199.9995386451682,0.8779431426881285
moirai,1.0,Salesforce/moirai-1.0-R-large,cov,simple_return,5,5,2008-09-11,2.673207083007878,189.47471706270395,0.8727327355262242
moirai,1.0,Salesforce/moirai-1.0-R-large,cov,simple_return,5,6,2009-01-09,0.6054567373939274,123.76288153640122,0.7480332571078891
moirai,1.0,Salesforce/moirai-1.0-R-large,cov,simple_return,5,7,2009-05-11,0.6582253552099451,144.88002169417783,0.7098089131272921
moirai,1.0,Salesforce/moirai-1.0-R-large,cov,simple_return,5,8,2009-09-08,0.25233838192172275,134.8700589874047,0.880540120011257
moirai,1.0,Salesforce/moirai-1.0-R-large,cov,simple_return,5,9,2010-01-06,0.20123772066675547,121.99220439460046,0.7894060565748282
moirai,1.0,Salesforce/moirai-1.0-R-large,cov,simple_return,5,10,2010-05-06,0.8207035866347974,181.0934264438501,0.8007718805676673
moirai,1.0,Salesforce/moirai-1.0-R-large,cov,simple_return,5,11,2010-09-02,0.3000559022231481,134.84226961923162,0.6628470204859015
moirai,1.0,Salesforce/moirai-1.0-R-large,cov,simple_return,5,12,2011-01-03,0.1396814772008499,153.43510892991043,0.9865451337767427
moirai,1.0,Salesforce/moirai-1.0-R-large,cov,simple_return,5,13,2011-05-03,0.5408167810073571,167.67845631973017,0.7325068801077578
moirai,1.0,Salesforce/moirai-1.0-R-large,cov,simple_return,5,14,2011-08-30,1.2700807646659227,175.4477578362619,0.789007473796761
moirai,1.0,Salesforce/moirai-1.0-R-large,cov,simple_return,5,15,2011-12-28,0.46339452212742804,172.29573179650103,0.8309110769071762
moirai,1.0,Salesforce/moirai-1.0-R-large,cov,simple_return,5,16,2012-04-27,0.5995468719954737,187.7566887300138,0.8290787606319641
moirai,1.0,Salesforce/moirai-1.0-R-large,cov,simple_return,5,17,2012-08-24,0.2882358774121333,150.15865022041535,1.0095322154728252
moirai,1.0,Salesforce/moirai-1.0-R-large,cov,simple_return,5,18,2012-12-26,0.9191513611149634,187.77129723246702,0.8003163916567257
moirai,1.0,Salesforce/moirai-1.0-R-large,cov,simple_return,5,19,2013-04-26,0.590709551612652,135.21201301724082,0.6550838041741657
moirai,1.0,Salesforce/moirai-1.0-R-large,cov,simple_return,5,20,2013-08-22,0.5419974855313356,178.38100361523715,0.824760466035452
moirai,1.0,Salesforce/moirai-1.0-R-large,cov,simple_return,5,21,2013-12-19,0.31377892433387466,127.88104955857267,0.6482049363722546
moirai,1.0,Salesforce/moirai-1.0-R-large,cov,simple_return,5,22,2014-04-22,0.4288539936060734,99.25090145571494,0.8079418231641629
moirai,1.0,Salesforce/moirai-1.0-R-large,cov,simple_return,5,23,2014-08-19,0.354565229710336,100.61114418484594,0.8228486107827828
moirai,1.0,Salesforce/moirai-1.0-R-large,cov,simple_return,5,24,2014-12-16,1.4271820847185899,186.118958676608,0.8943709189869617
moirai,1.0,Salesforce/moirai-1.0-R-large,cov,simple_return,5,25,2015-04-17,0.4296098547768294,136.34392225450554,0.7160099465668258
moirai,1.0,Salesforce/moirai-1.0-R-large,cov,simple_return,5,26,2015-08-14,1.7746041564858333,199.99970345824303,0.8930612500064051
moirai,1.0,Salesforce/moirai-1.0-R-large,cov,simple_return,5,27,2015-12-11,1.4035894729889808,189.79035329128232,0.7520848438137647
moirai,1.0,Salesforce/moirai-1.0-R-large,cov,simple_return,5,28,2016-04-13,0.32055400329026423,155.8542732426821,1.1956001881544038
moirai,1.0,Salesforce/moirai-1.0-R-large,cov,simple_return,5,29,2016-08-10,0.26967413149948666,117.8613203036606,0.6954893861797623
moirai,1.0,Salesforce/moirai-1.0-R-large,cov,simple_return,5,30,2016-12-08,0.486131600294253,147.835768228278,0.689179722155315
moirai,1.0,Salesforce/moirai-1.0-R-large,cov,simple_return,5,31,2017-04-10,0.6028141405879492,193.80238521253185,0.8549616752463165
moirai,1.0,Salesforce/moirai-1.0-R-large,cov,simple_return,5,32,2017-08-08,0.6892852679797379,158.8289349528029,0.9452538416867916
moirai,1.0,Salesforce/moirai-1.0-R-large,cov,simple_return,5,33,2017-12-05,0.3423857334499906,143.1911216394926,0.6896832425120714
moirai,1.0,Salesforce/moirai-1.0-R-large,cov,simple_return,5,34,2018-04-06,1.0101457526662825,162.61772213719385,0.6630706328495852
moirai,1.0,Salesforce/moirai-1.0-R-large,cov,simple_return,5,35,2018-08-03,0.5517296167864059,183.53381173287335,0.9397516561332778
moirai,1.0,Salesforce/moirai-1.0-R-large,cov,simple_return,5,36,2018-11-30,2.0354387712317235,161.75882528228382,0.9308225566313142
moirai,1.0,Salesforce/moirai-1.0-R-large,cov,simple_return,5,37,2019-04-03,0.37322867893605477,90.39463756314127,0.8224429089818122
moirai,1.0,Salesforce/moirai-1.0-R-large,cov,simple_return,5,38,2019-08-01,1.6718563686614272,166.56255900976925,0.8839392420826196
moirai,1.0,Salesforce/moirai-1.0-R-large,cov,simple_return,5,39,2019-11-27,0.6424444451161804,149.69212997308688,0.8278065336683974
moirai,1.0,Salesforce/moirai-1.0-R-large,cov,simple_return,5,40,2020-03-27,1.9850270485764392,144.804883900794,0.7269555004575945
moirai,1.0,Salesforce/moirai-1.0-R-large,cov,simple_return,5,41,2020-07-27,0.43091889288076557,135.89543379004988,0.5690030803623274
moirai,1.0,Salesforce/moirai-1.0-R-large,cov,simple_return,5,42,2020-11-20,0.3835364440698023,129.40652396246003,0.8732704964218225
moirai,1.0,Salesforce/moirai-1.0-R-large,cov,simple_return,5,43,2021-03-24,0.3735729906353773,143.50880230426145,0.7858958837068524
moirai,1.0,Salesforce/moirai-1.0-R-large,cov,simple_return,5,44,2021-07-22,0.24431971698559918,126.35902387041627,0.7671122297796944
moirai,1.0,Salesforce/moirai-1.0-R-large,cov,simple_return,5,45,2021-11-17,0.16670731575001765,86.81164362549607,1.0926365095488244
moirai,1.0,Salesforce/moirai-1.0-R-large,cov,simple_return,5,46,2022-03-18,0.5610234307564137,123.89865189638611,0.7140551884276567
moirai,1.0,Salesforce/moirai-1.0-R-large,cov,simple_return,5,47,2022-07-19,0.5830324751368019,130.74918667702954,0.6951027997770057
moirai,1.0,Salesforce/moirai-1.0-R-large,cov,simple_return,5,48,2022-11-14,0.5900264163385865,199.99971452645434,0.8793453719131917
moirai,1.0,Salesforce/moirai-1.0-R-large,cov,simple_return,5,49,2023-03-16,0.8438972615569723,196.89124064562068,0.729964167700853
moirai,1.0,Salesforce/moirai-1.0-R-large,cov,simple_return,5,50,2023-07-17,0.2679584316855615,104.54392754314026,0.7917476808248858
moirai,1.0,Salesforce/moirai-1.0-R-large,cov,simple_return,5,51,2023-11-10,0.3467057372730355,114.29705684887249,0.9767621071770587
moirai,1.0,Salesforce/moirai-1.0-R-large,cov,simple_return,5,52,2024-03-13,0.4507928906540706,162.25675287713614,0.6145760265643261
moirai,1.0,Salesforce/moirai-1.0-R-large,cov,simple_return,5,53,2024-07-12,0.7969222247669713,150.4794465117139,0.8724768072928768
moirai,1.0,Salesforce/moirai-1.0-R-large,cov,simple_return,5,54,2024-11-07,0.3725087883202557,199.99890156004852,1.1159337705771164
moirai,1.0,Salesforce/moirai-1.0-R-large,cov,simple_return,5,55,2025-03-12,1.3932515581651281,182.99867369741375,0.7349388629980778
moirai,1.0,Salesforce/moirai-1.0-R-large,cov,simple_return,5,56,2025-07-11,0.23793234191770662,128.32974972543585,0.8247778829462984
moirai,1.0,Salesforce/moirai-1.0-R-large,cov,simple_return,5,57,2025-11-06,0.6634041984553233,107.13972007176906,0.8096966036120258
moirai,1.0,Salesforce/moirai-1.0-R-large,cov,simple_return,5,58,2026-03-10,0.6605969976229038,157.18914741390563,0.7787288660436721
moirai,1.0,Salesforce/moirai-1.0-R-large,cov,simple_return,5,59,2026-07-09,0.5171301995276648,182.1135249643902,0.7063582831323252
moirai,1.0,Salesforce/moirai-1.0-R-large,cov,log_return,5,0,2007-01-22,0.6216545420471448,153.3424408623602,0.7644675122821278
moirai,1.0,Salesforce/moirai-1.0-R-large,cov,log_return,5,1,2007-05-18,0.5759139565811677,176.70330823313506,0.8952874682113863
moirai,1.0,Salesforce/moirai-1.0-R-large,cov,log_return,5,2,2007-09-17,1.3159981524735809,175.12136574511536,0.8335909421584077
moirai,1.0,Salesforce/moirai-1.0-R-large,cov,log_return,5,3,2008-01-15,1.3013879034816402,121.63409809656682,0.7228302770533215
moirai,1.0,Salesforce/moirai-1.0-R-large,cov,log_return,5,4,2008-05-14,0.8321798260769567,178.45567017106546,0.9951026427949672
moirai,1.0,Salesforce/moirai-1.0-R-large,cov,log_return,5,5,2008-09-11,2.5608700321004907,187.48084422405316,0.8460308836291762
moirai,1.0,Salesforce/moirai-1.0-R-large,cov,log_return,5,6,2009-01-09,0.8118171131488096,172.6226636279249,0.8916842447259773
moirai,1.0,Salesforce/moirai-1.0-R-large,cov,log_return,5,7,2009-05-11,0.7045460139536096,152.41613143685132,0.7496968343902292
moirai,1.0,Salesforce/moirai-1.0-R-large,cov,log_return,5,8,2009-09-08,0.22826778964449954,135.81189745688928,0.7906133846107611
moirai,1.0,Salesforce/moirai-1.0-R-large,cov,log_return,5,9,2010-01-06,0.2216110277805276,118.2792860846765,0.7660318925413815
moirai,1.0,Salesforce/moirai-1.0-R-large,cov,log_return,5,10,2010-05-06,0.7831576029005067,158.29145258944274,0.7927341407835904
moirai,1.0,Salesforce/moirai-1.0-R-large,cov,log_return,5,11,2010-09-02,0.2860452869630801,112.3827170596563,0.6149107170791643
moirai,1.0,Salesforce/moirai-1.0-R-large,cov,log_return,5,12,2011-01-03,0.23101652469729117,189.97863322101273,1.108643608405162
moirai,1.0,Salesforce/moirai-1.0-R-large,cov,log_return,5,13,2011-05-03,0.5067970177754222,130.0936792637495,0.7627243937850289
moirai,1.0,Salesforce/moirai-1.0-R-large,cov,log_return,5,14,2011-08-30,1.3735321766935942,186.99961347585028,0.8757461884868492
moirai,1.0,Salesforce/moirai-1.0-R-large,cov,log_return,5,15,2011-12-28,0.48287060129646514,158.35010317086184,0.7771800519083757
moirai,1.0,Salesforce/moirai-1.0-R-large,cov,log_return,5,16,2012-04-27,0.5897711186553456,181.0148888406665,0.8559966637061954
moirai,1.0,Salesforce/moirai-1.0-R-large,cov,log_return,5,17,2012-08-24,0.29002026627553673,168.94351435378678,1.0262291694625985
moirai,1.0,Salesforce/moirai-1.0-R-large,cov,log_return,5,18,2012-12-26,0.9302201929493689,173.1099104277602,0.8454424159503312
moirai,1.0,Salesforce/moirai-1.0-R-large,cov,log_return,5,19,2013-04-26,0.6434959988693042,148.8583538015303,0.7312811018882841
moirai,1.0,Salesforce/moirai-1.0-R-large,cov,log_return,5,20,2013-08-22,0.4728368196338816,121.60063982683869,0.8220531212398817
moirai,1.0,Salesforce/moirai-1.0-R-large,cov,log_return,5,21,2013-12-19,0.4465274890350037,183.93685315282707,0.7839068104005439
moirai,1.0,Salesforce/moirai-1.0-R-large,cov,log_return,5,22,2014-04-22,0.42974706794304596,105.97940908458077,0.7436932582940263
moirai,1.0,Salesforce/moirai-1.0-R-large,cov,log_return,5,23,2014-08-19,0.2566492945019058,80.58326976431769,0.7609492676747576
moirai,1.0,Salesforce/moirai-1.0-R-large,cov,log_return,5,24,2014-12-16,1.5164860240580942,199.99964656429853,0.9397622354175144
moirai,1.0,Salesforce/moirai-1.0-R-large,cov,log_return,5,25,2015-04-17,0.4097406957530289,138.14183811302357,0.6652782705341633
moirai,1.0,Salesforce/moirai-1.0-R-large,cov,log_return,5,26,2015-08-14,1.7604890528016441,193.6413148918258,0.869877806786915
moirai,1.0,Salesforce/moirai-1.0-R-large,cov,log_return,5,27,2015-12-11,1.4332136942958544,188.6634850458731,0.7865965573838677
moirai,1.0,Salesforce/moirai-1.0-R-large,cov,log_return,5,28,2016-04-13,0.24033411959415313,143.70850490385743,1.1663415132809691
moirai,1.0,Salesforce/moirai-1.0-R-large,cov,log_return,5,29,2016-08-10,0.24486846053611974,138.893028010551,0.7137585618123867
moirai,1.0,Salesforce/moirai-1.0-R-large,cov,log_return,5,30,2016-12-08,0.5290750220180958,172.81619254963132,0.7564006332811082
moirai,1.0,Salesforce/moirai-1.0-R-large,cov,log_return,5,31,2017-04-10,0.5575769171148952,192.42107060847758,0.7646938300552732
moirai,1.0,Salesforce/moirai-1.0-R-large,cov,log_return,5,32,2017-08-08,0.6598452678412137,173.41771235776164,0.9285738105637409
moirai,1.0,Salesforce/moirai-1.0-R-large,cov,log_return,5,33,2017-12-05,0.32470896377087827,141.5385711346849,0.6951537035574995
moirai,1.0,Salesforce/moirai-1.0-R-large,cov,log_return,5,34,2018-04-06,1.1526102335932116,184.4653344218561,0.7539124251274126
moirai,1.0,Salesforce/moirai-1.0-R-large,cov,log_return,5,35,2018-08-03,0.5149237427797692,160.01000503708514,0.8918474996084886
moirai,1.0,Salesforce/moirai-1.0-R-large,cov,log_return,5,36,2018-11-30,2.053973455703764,162.47670386429348,0.9175099926158238
moirai,1.0,Salesforce/moirai-1.0-R-large,cov,log_return,5,37,2019-04-03,0.3695702773298555,91.24728534272029,0.7922079266614965
moirai,1.0,Salesforce/moirai-1.0-R-large,cov,log_return,5,38,2019-08-01,1.7082174356741395,185.37227404119315,0.89781058496263
moirai,1.0,Salesforce/moirai-1.0-R-large,cov,log_return,5,39,2019-11-27,0.5919025215945304,149.72557623663067,0.7832975146661856
moirai,1.0,Salesforce/moirai-1.0-R-large,cov,log_return,5,40,2020-03-27,1.7557468461202403,124.20237903313533,0.6678150552403536
moirai,1.0,Salesforce/moirai-1.0-R-large,cov,log_return,5,41,2020-07-27,0.46131027017416615,136.4633275863397,0.635614008122413
moirai,1.0,Salesforce/moirai-1.0-R-large,cov,log_return,5,42,2020-11-20,0.47149259566079366,171.74838863140673,0.9424714587001684
moirai,1.0,Salesforce/moirai-1.0-R-large,cov,log_return,5,43,2021-03-24,0.40851787661014594,165.47328977185708,0.8747797212221662
moirai,1.0,Salesforce/moirai-1.0-R-large,cov,log_return,5,44,2021-07-22,0.250707859415685,116.30143768111387,0.7195402896289753
moirai,1.0,Salesforce/moirai-1.0-R-large,cov,log_return,5,45,2021-11-17,0.20658239927748218,103.60668705651422,1.2076237370399925
moirai,1.0,Salesforce/moirai-1.0-R-large,cov,log_return,5,46,2022-03-18,0.48491346796697415,127.61449579309306,0.6544674378981187
moirai,1.0,Salesforce/moirai-1.0-R-large,cov,log_return,5,47,2022-07-19,0.6291054910667371,164.04322124463283,0.7908573300795985
moirai,1.0,Salesforce/moirai-1.0-R-large,cov,log_return,5,48,2022-11-14,0.5661304865222977,197.18744820361323,0.9060575595362516
moirai,1.0,Salesforce/moirai-1.0-R-large,cov,log_return,5,49,2023-03-16,0.75401971727379,150.61862563279368,0.6844737017188278
moirai,1.0,Salesforce/moirai-1.0-R-large,cov,log_return,5,50,2023-07-17,0.2239639302636967,84.06084481429271,0.7325181440668705
moirai,1.0,Salesforce/moirai-1.0-R-large,cov,log_return,5,51,2023-11-10,0.3249584733071,81.27886360408516,0.9721877426897555
moirai,1.0,Salesforce/moirai-1.0-R-large,cov,log_return,5,52,2024-03-13,0.4492203622115604,155.04201654472777,0.6121110210540803
moirai,1.0,Salesforce/moirai-1.0-R-large,cov,log_return,5,53,2024-07-12,0.749260119428605,149.57656304467716,0.8392725367511842
moirai,1.0,Salesforce/moirai-1.0-R-large,cov,log_return,5,54,2024-11-07,0.33455408483622595,170.02686256476522,1.0997662350319686
moirai,1.0,Salesforce/moirai-1.0-R-large,cov,log_return,5,55,2025-03-12,1.4072252431226653,189.82574794257485,0.7350824186421765
moirai,1.0,Salesforce/moirai-1.0-R-large,cov,log_return,5,56,2025-07-11,0.24574608076083695,134.5138469953003,0.7856179749187526
moirai,1.0,Salesforce/moirai-1.0-R-large,cov,log_return,5,57,2025-11-06,0.7287486850710627,135.69488152258208,0.861901420358022
moirai,1.0,Salesforce/moirai-1.0-R-large,cov,log_return,5,58,2026-03-10,0.6941731999526106,173.20884571641628,0.7633906327418905
moirai,1.0,Salesforce/moirai-1.0-R-large,cov,log_return,5,59,2026-07-09,0.4140724607850576,134.34388491688875,0.6451206688379441
moirai,1.0,Salesforce/moirai-1.0-R-large,cov,price,21,0,2007-01-22,3.437920595369466,1.4693900942321592,0.011554622859915603
moirai,1.0,Salesforce/moirai-1.0-R-large,cov,price,21,1,2007-05-18,1.6840738789095009,0.6878377515174569,0.005992365389611809
moirai,1.0,Salesforce/moirai-1.0-R-large,cov,price,21,2,2007-09-17,7.447722849093782,3.5806312770690734,0.02735936063544135
moirai,1.0,Salesforce/moirai-1.0-R-large,cov,price,21,3,2008-01-15,3.7759981752453085,2.389020398256292,0.01882453315614055
moirai,1.0,Salesforce/moirai-1.0-R-large,cov,price,21,4,2008-05-14,1.490987532364208,1.0705042117433974,0.010496528738248462
moirai,1.0,Salesforce/moirai-1.0-R-large,cov,price,21,5,2008-09-11,10.311721885595812,9.847456437170129,0.08661241992624802
moirai,1.0,Salesforce/moirai-1.0-R-large,cov,price,21,6,2009-01-09,3.6750010809738027,6.337601232728672,0.04601428485987148
moirai,1.0,Salesforce/moirai-1.0-R-large,cov,price,21,7,2009-05-11,0.8567939675284493,1.5388121903070437,0.02073822685400674
moirai,1.0,Salesforce/moirai-1.0-R-large,cov,price,21,8,2009-09-08,2.547388946661974,3.9519875935308773,0.028116456533306793
moirai,1.0,Salesforce/moirai-1.0-R-large,cov,price,21,9,2010-01-06,2.405480227842303,3.2655505878463833,0.02323929127181771
moirai,1.0,Salesforce/moirai-1.0-R-large,cov,price,21,10,2010-05-06,2.4674929588455603,3.130163195227894,0.02319081547519003
moirai,1.0,Salesforce/moirai-1.0-R-large,cov,price,21,11,2010-09-02,2.7504558537874573,3.4769252012539007,0.023711232686931313
moirai,1.0,Salesforce/moirai-1.0-R-large,cov,price,21,12,2011-01-03,2.7334702559962474,2.165122756569355,0.01526814358696667
moirai,1.0,Salesforce/moirai-1.0-R-large,cov,price,21,13,2011-05-03,2.7126412304754477,1.7718550916622116,0.012589260457898222
moirai,1.0,Salesforce/moirai-1.0-R-large,cov,price,21,14,2011-08-30,3.8264103316278044,3.128564630533387,0.02471276434642537
moirai,1.0,Salesforce/moirai-1.0-R-large,cov,price,21,15,2011-12-28,5.0627223319953165,4.318073301711974,0.030566239289504082
moirai,1.0,Salesforce/moirai-1.0-R-large,cov,price,21,16,2012-04-27,3.4480357206365464,2.769914665517542,0.019887498003261766
moirai,1.0,Salesforce/moirai-1.0-R-large,cov,price,21,17,2012-08-24,3.6209392141490913,2.6272551259231505,0.021364554919590925
moirai,1.0,Salesforce/moirai-1.0-R-large,cov,price,21,18,2012-12-26,5.460424512563403,3.8934265805503583,0.030890689862958835
moirai,1.0,Salesforce/moirai-1.0-R-large,cov,price,21,19,2013-04-26,6.135040772708607,4.0197085254765685,0.03237075760412375
moirai,1.0,Salesforce/moirai-1.0-R-large,cov,price,21,20,2013-08-22,2.6946935494064532,1.6352947394618358,0.012431097666913108
moirai,1.0,Salesforce/moirai-1.0-R-large,cov,price,21,21,2013-12-19,5.219373246345781,2.489217269165715,0.019183307907023744
moirai,1.0,Salesforce/moirai-1.0-R-large,cov,price,21,22,2014-04-22,2.146475494859431,1.0483000993846625,0.0079147521722471
moirai,1.0,Salesforce/moirai-1.0-R-large,cov,price,21,23,2014-08-19,3.3726358304400637,1.4842976160872272,0.01025819879290228
moirai,1.0,Salesforce/moirai-1.0-R-large,cov,price,21,24,2014-12-16,6.8127255893832555,3.1483883180596908,0.02647970931256073
moirai,1.0,Salesforce/moirai-1.0-R-large,cov,price,21,25,2015-04-17,2.6472565026203916,1.3100905718391855,0.010421849484676287
moirai,1.0,Salesforce/moirai-1.0-R-large,cov,price,21,26,2015-08-14,11.252537676227258,5.843906114312517,0.05021558907762854
moirai,1.0,Salesforce/moirai-1.0-R-large,cov,price,21,27,2015-12-11,3.2793151060425227,1.9705982704753628,0.015007885674657237
moirai,1.0,Salesforce/moirai-1.0-R-large,cov,price,21,28,2016-04-13,1.8095299358183168,1.1607588082152995,0.010502924330502554
moirai,1.0,Salesforce/moirai-1.0-R-large,cov,price,21,29,2016-08-10,1.455148711274528,0.9086651383753568,0.007493068672760912
moirai,1.0,Salesforce/moirai-1.0-R-large,cov,price,21,30,2016-12-08,3.0102259318337556,1.8054845443354752,0.01224485655526035
moirai,1.0,Salesforce/moirai-1.0-R-large,cov,price,21,31,2017-04-10,2.5192691589909835,1.3067051661863263,0.009513007109968502
moirai,1.0,Salesforce/moirai-1.0-R-large,cov,price,21,32,2017-08-08,1.8571821564621012,0.883086593866085,0.007178558816550264
moirai,1.0,Salesforce/moirai-1.0-R-large,cov,price,21,33,2017-12-05,3.979673924846867,1.5082688669921827,0.010966291180322453
moirai,1.0,Salesforce/moirai-1.0-R-large,cov,price,21,34,2018-04-06,2.2294272642819926,0.9000201775836683,0.008721286803136507
moirai,1.0,Salesforce/moirai-1.0-R-large,cov,price,21,35,2018-08-03,3.940944426817746,1.52823942195952,0.011327438065690712
moirai,1.0,Salesforce/moirai-1.0-R-large,cov,price,21,36,2018-11-30,16.852317443584038,8.07807186998065,0.06813704166965828
moirai,1.0,Salesforce/moirai-1.0-R-large,cov,price,21,37,2019-04-03,5.598514591155652,2.870355157195896,0.022126530033606318
moirai,1.0,Salesforce/moirai-1.0-R-large,cov,price,21,38,2019-08-01,3.5364425023611528,1.9336600133788577,0.014827705183564624
moirai,1.0,Salesforce/moirai-1.0-R-large,cov,price,21,39,2019-11-27,4.162254972708927,2.366576614696918,0.01733363230507369
moirai,1.0,Salesforce/moirai-1.0-R-large,cov,price,21,40,2020-03-27,4.630891557196234,3.954502518795524,0.028092988388960436
moirai,1.0,Salesforce/moirai-1.0-R-large,cov,price,21,41,2020-07-27,3.3639202019832237,2.7135089916117514,0.01849627683260073
moirai,1.0,Salesforce/moirai-1.0-R-large,cov,price,21,42,2020-11-20,3.455957866561603,2.792687628657304,0.01893885351263418
moirai,1.0,Salesforce/moirai-1.0-R-large,cov,price,21,43,2021-03-24,6.185698235255371,4.589877150223602,0.036363609208515744
moirai,1.0,Salesforce/moirai-1.0-R-large,cov,price,21,44,2021-07-22,2.328573854405991,1.6487470290385526,0.011376069149581218
moirai,1.0,Salesforce/moirai-1.0-R-large,cov,price,21,45,2021-11-17,2.2568320768609653,1.5285152242723656,0.011998233869122531
moirai,1.0,Salesforce/moirai-1.0-R-large,cov,price,21,46,2022-03-18,2.3887560408563386,1.8561827562475166,0.015224018939740172
moirai,1.0,Salesforce/moirai-1.0-R-large,cov,price,21,47,2022-07-19,9.042085225634843,7.655448029609871,0.05856605258954312
moirai,1.0,Salesforce/moirai-1.0-R-large,cov,price,21,48,2022-11-14,3.637156559862168,3.3948479581171322,0.0232072038685086
moirai,1.0,Salesforce/moirai-1.0-R-large,cov,price,21,49,2023-03-16,5.351019739609304,5.138166316472546,0.03942355242605445
moirai,1.0,Salesforce/moirai-1.0-R-large,cov,price,21,50,2023-07-17,1.4776125169693963,1.2584723802713587,0.010044921776188216
moirai,1.0,Salesforce/moirai-1.0-R-large,cov,price,21,51,2023-11-10,6.093779432138688,5.348217022165128,0.03927594610954577
moirai,1.0,Salesforce/moirai-1.0-R-large,cov,price,21,52,2024-03-13,1.2007018177996494,0.8405681342301786,0.008488686522441068
moirai,1.0,Salesforce/moirai-1.0-R-large,cov,price,21,53,2024-07-12,6.461802780182847,3.688751061658032,0.029082000105945978
moirai,1.0,Salesforce/moirai-1.0-R-large,cov,price,21,54,2024-11-07,4.85813524160789,2.5225189209168093,0.018008021575163468
moirai,1.0,Salesforce/moirai-1.0-R-large,cov,price,21,55,2025-03-12,4.609976449578872,2.6322188393984987,0.021323832138983114
moirai,1.0,Salesforce/moirai-1.0-R-large,cov,price,21,56,2025-07-11,2.6528397651282076,1.506517260971046,0.011558265261786506
moirai,1.0,Salesforce/moirai-1.0-R-large,cov,price,21,57,2025-11-06,2.2754464365744496,1.2429190072248746,0.00998180449019382
moirai,1.0,Salesforce/moirai-1.0-R-large,cov,price,21,58,2026-03-10,5.343802266509876,3.1177372592196653,0.02447848236667553
moirai,1.0,Salesforce/moirai-1.0-R-large,cov,price,21,59,2026-07-09,2.300859538276397,1.3091303817305338,0.010002183365220883
moirai,1.0,Salesforce/moirai-1.0-R-large,cov,simple_return,21,0,2007-01-22,0.5130068529684912,149.38562264044407,0.8057861406643421
moirai,1.0,Salesforce/moirai-1.0-R-large,cov,simple_return,21,1,2007-05-18,0.7939234325807459,170.28716766675268,0.8298694602399428
moirai,1.0,Salesforce/moirai-1.0-R-large,cov,simple_return,21,2,2007-09-17,0.7783003128770136,162.58792758965467,0.8086365897609188
moirai,1.0,Salesforce/moirai-1.0-R-large,cov,simple_return,21,3,2008-01-15,1.1633651311527846,148.97306317950776,0.7016345762445519
moirai,1.0,Salesforce/moirai-1.0-R-large,cov,simple_return,21,4,2008-05-14,0.809852947921118,163.67257375891657,0.8839572483396798
moirai,1.0,Salesforce/moirai-1.0-R-large,cov,simple_return,21,5,2008-09-11,2.6417397880729436,182.86725803337015,0.8711071725688105
moirai,1.0,Salesforce/moirai-1.0-R-large,cov,simple_return,21,6,2009-01-09,1.038546357527793,177.91904833715654,0.8030817831888709
moirai,1.0,Salesforce/moirai-1.0-R-large,cov,simple_return,21,7,2009-05-11,0.5044683859851676,151.64775067284205,0.8309150868561846
moirai,1.0,Salesforce/moirai-1.0-R-large,cov,simple_return,21,8,2009-09-08,0.3472364866558565,148.4875680159193,0.8479918769979554
moirai,1.0,Salesforce/moirai-1.0-R-large,cov,simple_return,21,9,2010-01-06,0.4330972136540881,153.6273163936533,0.8014683826025656
moirai,1.0,Salesforce/moirai-1.0-R-large,cov,simple_return,21,10,2010-05-06,0.7323128398089774,172.1220622262911,0.7719842741453024
moirai,1.0,Salesforce/moirai-1.0-R-large,cov,simple_return,21,11,2010-09-02,0.29183593015920445,165.32310015400319,0.8362173915477709
moirai,1.0,Salesforce/moirai-1.0-R-large,cov,simple_return,21,12,2011-01-03,0.30430993929021966,146.02843728054157,0.8072016168494449
moirai,1.0,Salesforce/moirai-1.0-R-large,cov,simple_return,21,13,2011-05-03,0.5450910059564541,163.67976043498714,0.7930046759909386
moirai,1.0,Salesforce/moirai-1.0-R-large,cov,simple_return,21,14,2011-08-30,1.1808980049911335,182.2991495627148,0.7882250858092655
moirai,1.0,Salesforce/moirai-1.0-R-large,cov,simple_return,21,15,2011-12-28,0.3410547229974683,138.0045323198687,0.9862581882555865
moirai,1.0,Salesforce/moirai-1.0-R-large,cov,simple_return,21,16,2012-04-27,0.47740906975601266,151.9301761616775,0.8381810571158304
moirai,1.0,Salesforce/moirai-1.0-R-large,cov,simple_return,21,17,2012-08-24,0.3559034523501859,150.85652835293197,0.8897558519020721
moirai,1.0,Salesforce/moirai-1.0-R-large,cov,simple_return,21,18,2012-12-26,0.4101100972812948,154.6632888807832,0.9223800018962132
moirai,1.0,Salesforce/moirai-1.0-R-large,cov,simple_return,21,19,2013-04-26,0.43096224562947355,158.40521400575525,0.7341281917991662
moirai,1.0,Salesforce/moirai-1.0-R-large,cov,simple_return,21,20,2013-08-22,0.4667889865386813,182.253410080221,0.7641735913531373
moirai,1.0,Salesforce/moirai-1.0-R-large,cov,simple_return,21,21,2013-12-19,0.4132374916262711,155.0822264525069,0.8067034011098551
moirai,1.0,Salesforce/moirai-1.0-R-large,cov,simple_return,21,22,2014-04-22,0.5168057234216935,134.60775318676326,0.8363370543031399
moirai,1.0,Salesforce/moirai-1.0-R-large,cov,simple_return,21,23,2014-08-19,0.41373252356974705,133.4070418488711,0.8961683535626841
moirai,1.0,Salesforce/moirai-1.0-R-large,cov,simple_return,21,24,2014-12-16,1.12971165358153,185.8769308617452,0.845844509488026
moirai,1.0,Salesforce/moirai-1.0-R-large,cov,simple_return,21,25,2015-04-17,0.6340795178208039,167.42829692376057,0.7276326789576033
moirai,1.0,Salesforce/moirai-1.0-R-large,cov,simple_return,21,26,2015-08-14,1.9621081364167072,182.60347015605873,0.8748376958059448
moirai,1.0,Salesforce/moirai-1.0-R-large,cov,simple_return,21,27,2015-12-11,1.2143490673968533,180.70521466948279,0.7859303876739259
moirai,1.0,Salesforce/moirai-1.0-R-large,cov,simple_return,21,28,2016-04-13,0.42795119098266454,152.63656765874848,0.8831490098156114
moirai,1.0,Salesforce/moirai-1.0-R-large,cov,simple_return,21,29,2016-08-10,0.3575625388387096,137.5302349999039,0.9881221694536596
moirai,1.0,Salesforce/moirai-1.0-R-large,cov,simple_return,21,30,2016-12-08,0.37886711196116923,149.1603020892732,0.8176304307090909
moirai,1.0,Salesforce/moirai-1.0-R-large,cov,simple_return,21,31,2017-04-10,0.39238070200753855,168.49975785552945,0.8820638478617334
moirai,1.0,Salesforce/moirai-1.0-R-large,cov,simple_return,21,32,2017-08-08,0.5047039444426054,154.01200028382317,0.8676471280591296
moirai,1.0,Salesforce/moirai-1.0-R-large,cov,simple_return,21,33,2017-12-05,0.4558418792046659,158.8705007474805,0.7434876054476731
moirai,1.0,Salesforce/moirai-1.0-R-large,cov,simple_return,21,34,2018-04-06,0.9209941583119118,148.541788873212,0.7420984151557339
moirai,1.0,Salesforce/moirai-1.0-R-large,cov,simple_return,21,35,2018-08-03,0.554114469977369,156.85746370966106,0.7902462952987298
moirai,1.0,Salesforce/moirai-1.0-R-large,cov,simple_return,21,36,2018-11-30,2.034153515060205,175.61707444769687,0.9074375923366031
moirai,1.0,Salesforce/moirai-1.0-R-large,cov,simple_return,21,37,2019-04-03,0.38755658402181176,123.94056078322373,0.8506976954258915
moirai,1.0,Salesforce/moirai-1.0-R-large,cov,simple_return,21,38,2019-08-01,1.3687922167112558,174.2362202186559,0.8757916811699958
moirai,1.0,Salesforce/moirai-1.0-R-large,cov,simple_return,21,39,2019-11-27,0.41029485325677756,151.7115625663769,0.8310037882989337
moirai,1.0,Salesforce/moirai-1.0-R-large,cov,simple_return,21,40,2020-03-27,1.8812060731529927,163.56988049403068,0.8335985694171791
moirai,1.0,Salesforce/moirai-1.0-R-large,cov,simple_return,21,41,2020-07-27,0.3006412765419944,112.14895023636493,0.7588364930805658
moirai,1.0,Salesforce/moirai-1.0-R-large,cov,simple_return,21,42,2020-11-20,0.35655374963235487,153.63248605994536,0.9385156484027485
moirai,1.0,Salesforce/moirai-1.0-R-large,cov,simple_return,21,43,2021-03-24,0.40946673645243575,143.61455640259638,0.784432235366032
moirai,1.0,Salesforce/moirai-1.0-R-large,cov,simple_return,21,44,2021-07-22,0.2804373462295275,126.84810801627613,0.8234410084722378
moirai,1.0,Salesforce/moirai-1.0-R-large,cov,simple_return,21,45,2021-11-17,0.6767199610692066,154.57490897054183,0.7980093084186215
moirai,1.0,Salesforce/moirai-1.0-R-large,cov,simple_return,21,46,2022-03-18,0.5657914733050997,133.92584725141444,0.73475270635485
moirai,1.0,Salesforce/moirai-1.0-R-large,cov,simple_return,21,47,2022-07-19,0.7026257122601011,174.67764058595034,0.8055046725520089
moirai,1.0,Salesforce/moirai-1.0-R-large,cov,simple_return,21,48,2022-11-14,0.6873237439293377,163.80276334424894,0.8248761715456179
moirai,1.0,Salesforce/moirai-1.0-R-large,cov,simple_return,21,49,2023-03-16,0.4641020993262387,141.9429007232228,0.8712676741611844
moirai,1.0,Salesforce/moirai-1.0-R-large,cov,simple_return,21,50,2023-07-17,0.4042314251550424,144.7381018194147,0.879064018504124
moirai,1.0,Salesforce/moirai-1.0-R-large,cov,simple_return,21,51,2023-11-10,0.28428524098466884,142.15065877635251,0.9190774687461549
moirai,1.0,Salesforce/moirai-1.0-R-large,cov,simple_return,21,52,2024-03-13,0.44613947614174626,165.0203584327152,0.756261398686418
moirai,1.0,Salesforce/moirai-1.0-R-large,cov,simple_return,21,53,2024-07-12,1.0265452085220528,163.63641552190285,0.8451995277689998
moirai,1.0,Salesforce/moirai-1.0-R-large,cov,simple_return,21,54,2024-11-07,0.4178827989264524,170.61712921160003,0.896624846752318
moirai,1.0,Salesforce/moirai-1.0-R-large,cov,simple_return,21,55,2025-03-12,2.1005854027083513,173.74686013187747,0.8830221586001955
moirai,1.0,Salesforce/moirai-1.0-R-large,cov,simple_return,21,56,2025-07-11,0.44046736679174225,145.75856717820366,0.8528394243594997
moirai,1.0,Salesforce/moirai-1.0-R-large,cov,simple_return,21,57,2025-11-06,0.6561658749890744,148.15997296963513,0.8147309781317116
moirai,1.0,Salesforce/moirai-1.0-R-large,cov,simple_return,21,58,2026-03-10,0.9354152913280825,154.29096208993474,0.7997942989751747
moirai,1.0,Salesforce/moirai-1.0-R-large,cov,simple_return,21,59,2026-07-09,0.6506038008002905,148.16359888919982,0.7898841803650042
moirai,1.0,Salesforce/moirai-1.0-R-large,cov,log_return,21,0,2007-01-22,0.48974159700569275,140.94763505030895,0.7661563128163728
moirai,1.0,Salesforce/moirai-1.0-R-large,cov,log_return,21,1,2007-05-18,0.7860043935211553,151.76523006184888,0.8162792146579971
moirai,1.0,Salesforce/moirai-1.0-R-large,cov,log_return,21,2,2007-09-17,0.7656590910287621,169.34267609452982,0.7721505723816001
moirai,1.0,Salesforce/moirai-1.0-R-large,cov,log_return,21,3,2008-01-15,1.2199324645487017,155.25773199597427,0.7408789160592405
moirai,1.0,Salesforce/moirai-1.0-R-large,cov,log_return,21,4,2008-05-14,0.8136877295591963,163.00801816945156,0.8724050166382867
moirai,1.0,Salesforce/moirai-1.0-R-large,cov,log_return,21,5,2008-09-11,2.618499144338098,188.77410153734021,0.8493401223868156
moirai,1.0,Salesforce/moirai-1.0-R-large,cov,log_return,21,6,2009-01-09,1.0144198829177073,158.69712586230418,0.7865431095394673
moirai,1.0,Salesforce/moirai-1.0-R-large,cov,log_return,21,7,2009-05-11,0.5281008672417322,146.85981152453246,0.9256504994944615
moirai,1.0,Salesforce/moirai-1.0-R-large,cov,log_return,21,8,2009-09-08,0.32804218088944104,124.68252971097218,0.8473585752768863
moirai,1.0,Salesforce/moirai-1.0-R-large,cov,log_return,21,9,2010-01-06,0.42273520624591054,157.85554293598045,0.7849298544994666
moirai,1.0,Salesforce/moirai-1.0-R-large,cov,log_return,21,10,2010-05-06,0.7363818422328194,169.74809578201874,0.7945138440107118
moirai,1.0,Salesforce/moirai-1.0-R-large,cov,log_return,21,11,2010-09-02,0.3182984062973426,176.4532237845706,0.8612149547591342
moirai,1.0,Salesforce/moirai-1.0-R-large,cov,log_return,21,12,2011-01-03,0.34150919287655923,156.84957814412758,0.8741338310618532
moirai,1.0,Salesforce/moirai-1.0-R-large,cov,log_return,21,13,2011-05-03,0.5393182682605407,155.24101113655857,0.7993583395965719
moirai,1.0,Salesforce/moirai-1.0-R-large,cov,log_return,21,14,2011-08-30,1.2120962730976772,167.91209377819902,0.7871861476258153
moirai,1.0,Salesforce/moirai-1.0-R-large,cov,log_return,21,15,2011-12-28,0.35008201312615284,153.07618737714995,0.9553926747903425
moirai,1.0,Salesforce/moirai-1.0-R-large,cov,log_return,21,16,2012-04-27,0.48529267919853575,165.36949023712825,0.8142959256110279
moirai,1.0,Salesforce/moirai-1.0-R-large,cov,log_return,21,17,2012-08-24,0.3641875375645326,152.87992840308695,0.8962778819468465
moirai,1.0,Salesforce/moirai-1.0-R-large,cov,log_return,21,18,2012-12-26,0.43013985876560157,167.65968207308757,0.9008321707928391
moirai,1.0,Salesforce/moirai-1.0-R-large,cov,log_return,21,19,2013-04-26,0.4029003030033439,144.97318065559588,0.7095442151742476
moirai,1.0,Salesforce/moirai-1.0-R-large,cov,log_return,21,20,2013-08-22,0.45045758045756906,164.77938130072712,0.762232794215442
moirai,1.0,Salesforce/moirai-1.0-R-large,cov,log_return,21,21,2013-12-19,0.4579332252752797,160.59137867558738,0.8462621290708244
moirai,1.0,Salesforce/moirai-1.0-R-large,cov,log_return,21,22,2014-04-22,0.47626399566979377,126.45984334561768,0.7808951266714523
moirai,1.0,Salesforce/moirai-1.0-R-large,cov,log_return,21,23,2014-08-19,0.45575667962593663,155.03929607689975,0.9438030739033506
moirai,1.0,Salesforce/moirai-1.0-R-large,cov,log_return,21,24,2014-12-16,1.1406713806260238,187.7342317921703,0.850945269537474
moirai,1.0,Salesforce/moirai-1.0-R-large,cov,log_return,21,25,2015-04-17,0.633650577498378,159.77367590733618,0.728419719922186
moirai,1.0,Salesforce/moirai-1.0-R-large,cov,log_return,21,26,2015-08-14,1.9680812106532655,188.86718565325157,0.8795829695490126
moirai,1.0,Salesforce/moirai-1.0-R-large,cov,log_return,21,27,2015-12-11,1.1909523752174476,179.7706346938158,0.7837256536832287
moirai,1.0,Salesforce/moirai-1.0-R-large,cov,log_return,21,28,2016-04-13,0.44478188992597784,150.41309823645724,0.9104203776878984
moirai,1.0,Salesforce/moirai-1.0-R-large,cov,log_return,21,29,2016-08-10,0.3877915475767511,156.25016969278752,1.0166772504138237
moirai,1.0,Salesforce/moirai-1.0-R-large,cov,log_return,21,30,2016-12-08,0.3550807175274087,130.5734749221945,0.777764267432732
moirai,1.0,Salesforce/moirai-1.0-R-large,cov,log_return,21,31,2017-04-10,0.36454436740442026,148.7201511893728,0.8798735134710429
moirai,1.0,Salesforce/moirai-1.0-R-large,cov,log_return,21,32,2017-08-08,0.4936007238107116,138.95525487196554,0.8402602307340239
moirai,1.0,Salesforce/moirai-1.0-R-large,cov,log_return,21,33,2017-12-05,0.4644175993523317,149.0170964682443,0.7416009008109746
moirai,1.0,Salesforce/moirai-1.0-R-large,cov,log_return,21,34,2018-04-06,0.9540966887819811,151.95489229155936,0.7731145230814634
moirai,1.0,Salesforce/moirai-1.0-R-large,cov,log_return,21,35,2018-08-03,0.5827295529531296,166.04688569344884,0.805333865403024
moirai,1.0,Salesforce/moirai-1.0-R-large,cov,log_return,21,36,2018-11-30,2.049891962014075,181.483436739676,0.8955936968083448
moirai,1.0,Salesforce/moirai-1.0-R-large,cov,log_return,21,37,2019-04-03,0.37661197108824546,117.1266229895565,0.853534271963843
moirai,1.0,Salesforce/moirai-1.0-R-large,cov,log_return,21,38,2019-08-01,1.3430619496861493,177.09580294396707,0.8435050550090367
moirai,1.0,Salesforce/moirai-1.0-R-large,cov,log_return,21,39,2019-11-27,0.4286015217238297,159.24274320159253,0.8420044427835139
moirai,1.0,Salesforce/moirai-1.0-R-large,cov,log_return,21,40,2020-03-27,1.7309480945936748,144.71243315160115,0.8000034880192899
moirai,1.0,Salesforce/moirai-1.0-R-large,cov,log_return,21,41,2020-07-27,0.3024831309028458,118.19658678678704,0.7292897953549539
moirai,1.0,Salesforce/moirai-1.0-R-large,cov,log_return,21,42,2020-11-20,0.3460447826341318,150.13306831712927,0.9590764745253186
moirai,1.0,Salesforce/moirai-1.0-R-large,cov,log_return,21,43,2021-03-24,0.40727837067655454,140.69474927214597,0.7983306471068841
moirai,1.0,Salesforce/moirai-1.0-R-large,cov,log_return,21,44,2021-07-22,0.2775006334864402,130.26237363179698,0.8323113620980105
moirai,1.0,Salesforce/moirai-1.0-R-large,cov,log_return,21,45,2021-11-17,0.686174801601725,151.2116845045755,0.7905004996215932
moirai,1.0,Salesforce/moirai-1.0-R-large,cov,log_return,21,46,2022-03-18,0.5869718740565943,132.88340249566028,0.7456531897112321
moirai,1.0,Salesforce/moirai-1.0-R-large,cov,log_return,21,47,2022-07-19,0.73483397134478,181.29845901023032,0.828739701199215
moirai,1.0,Salesforce/moirai-1.0-R-large,cov,log_return,21,48,2022-11-14,0.6745859084337249,165.85904790146796,0.7845088356683942
moirai,1.0,Salesforce/moirai-1.0-R-large,cov,log_return,21,49,2023-03-16,0.44018808685814914,147.65009561245873,0.8390899979542061
moirai,1.0,Salesforce/moirai-1.0-R-large,cov,log_return,21,50,2023-07-17,0.39326643897596275,133.20352063074463,0.8720639833660787
moirai,1.0,Salesforce/moirai-1.0-R-large,cov,log_return,21,51,2023-11-10,0.2751069232548252,129.119576196714,0.8861136741998108
moirai,1.0,Salesforce/moirai-1.0-R-large,cov,log_return,21,52,2024-03-13,0.4597224035744968,162.0556142834495,0.7862903346896845
moirai,1.0,Salesforce/moirai-1.0-R-large,cov,log_return,21,53,2024-07-12,1.0055785410481068,154.60213847541416,0.838041421682351
moirai,1.0,Salesforce/moirai-1.0-R-large,cov,log_return,21,54,2024-11-07,0.3942322938639857,159.01985885689658,0.880977568782099
moirai,1.0,Salesforce/moirai-1.0-R-large,cov,log_return,21,55,2025-03-12,2.0510748235976566,174.32931752813613,0.8494471197864033
moirai,1.0,Salesforce/moirai-1.0-R-large,cov,log_return,21,56,2025-07-11,0.46108877655853187,160.6278552264817,0.8628707523895564
moirai,1.0,Salesforce/moirai-1.0-R-large,cov,log_return,21,57,2025-11-06,0.6514555253948576,137.4650386194978,0.8127232005831699
moirai,1.0,Salesforce/moirai-1.0-R-large,cov,log_return,21,58,2026-03-10,0.9215594379378723,157.6516867797759,0.7739038228647347
moirai,1.0,Salesforce/moirai-1.0-R-large,cov,log_return,21,59,2026-07-09,0.6849577254270643,169.39182760042974,0.8371450871646515
moirai,moe,Salesforce/moirai-moe-1.0-R-base,uni,price,5,0,2007-01-22,1.179919888463255,0.506877530348666,0.003898953960213074
moirai,moe,Salesforce/moirai-moe-1.0-R-base,uni,price,5,1,2007-05-18,1.3338387346958251,0.544112930847733,0.004393726962357498
moirai,moe,Salesforce/moirai-moe-1.0-R-base,uni,price,5,2,2007-09-17,3.4965476002599862,1.6875230057555595,0.01272529845846388
moirai,moe,Salesforce/moirai-moe-1.0-R-base,uni,price,5,3,2008-01-15,2.860911633205639,1.8333276304731412,0.015096553917881061
moirai,moe,Salesforce/moirai-moe-1.0-R-base,uni,price,5,4,2008-05-14,1.7733859417772815,1.2494997841189424,0.00880194061118162
moirai,moe,Salesforce/moirai-moe-1.0-R-base,uni,price,5,5,2008-09-11,1.9794380941959047,1.7906196552999705,0.012947032367280183
moirai,moe,Salesforce/moirai-moe-1.0-R-base,uni,price,5,6,2009-01-09,0.8260098399865411,1.445602047595434,0.011584553665327924
moirai,moe,Salesforce/moirai-moe-1.0-R-base,uni,price,5,7,2009-05-11,0.7460826466099981,1.3656196491549886,0.010558446865276946
moirai,moe,Salesforce/moirai-moe-1.0-R-base,uni,price,5,8,2009-09-08,0.21428699156802325,0.32874448634155523,0.004496115734314287
moirai,moe,Salesforce/moirai-moe-1.0-R-base,uni,price,5,9,2010-01-06,0.2750759947723131,0.365800714129503,0.0033873932828489984
moirai,moe,Salesforce/moirai-moe-1.0-R-base,uni,price,5,10,2010-05-06,1.3203734982015953,1.61234011554414,0.01221568226525984
moirai,moe,Salesforce/moirai-moe-1.0-R-base,uni,price,5,11,2010-09-02,0.36588017597254757,0.4671490547971618,0.0037913382010287175
moirai,moe,Salesforce/moirai-moe-1.0-R-base,uni,price,5,12,2011-01-03,0.32657651309488195,0.25888264627553453,0.0029920139403962305
moirai,moe,Salesforce/moirai-moe-1.0-R-base,uni,price,5,13,2011-05-03,1.171619222183523,0.762425887400491,0.005409556571910305
moirai,moe,Salesforce/moirai-moe-1.0-R-base,uni,price,5,14,2011-08-30,1.529280142420307,1.2220370988578686,0.00925572348458354
moirai,moe,Salesforce/moirai-moe-1.0-R-base,uni,price,5,15,2011-12-28,0.6714892952383754,0.5730919586567793,0.004090120892442042
moirai,moe,Salesforce/moirai-moe-1.0-R-base,uni,price,5,16,2012-04-27,0.6276004812703257,0.49000719459662095,0.0037169641822930883
moirai,moe,Salesforce/moirai-moe-1.0-R-base,uni,price,5,17,2012-08-24,1.092244364342142,0.7984310116299073,0.005677110883693103
moirai,moe,Salesforce/moirai-moe-1.0-R-base,uni,price,5,18,2012-12-26,2.003641454245025,1.4392058452919003,0.010764408181061018
moirai,moe,Salesforce/moirai-moe-1.0-R-base,uni,price,5,19,2013-04-26,0.6854006869918562,0.4520750189761202,0.003987394080158708
moirai,moe,Salesforce/moirai-moe-1.0-R-base,uni,price,5,20,2013-08-22,1.0287299646159451,0.6349851963665556,0.004681101532332598
moirai,moe,Salesforce/moirai-moe-1.0-R-base,uni,price,5,21,2013-12-19,1.851073432698389,0.8769886060427315,0.005801402658951856
moirai,moe,Salesforce/moirai-moe-1.0-R-base,uni,price,5,22,2014-04-22,1.2852481259273894,0.6254228319236282,0.004510480711888515
moirai,moe,Salesforce/moirai-moe-1.0-R-base,uni,price,5,23,2014-08-19,1.1918436774808665,0.5227749925543366,0.003483743216953263
moirai,moe,Salesforce/moirai-moe-1.0-R-base,uni,price,5,24,2014-12-16,7.7780501521571725,3.583368279787047,0.031157156397523922
moirai,moe,Salesforce/moirai-moe-1.0-R-base,uni,price,5,25,2015-04-17,2.6003526892619613,1.2865287606928753,0.009300252425375393
moirai,moe,Salesforce/moirai-moe-1.0-R-base,uni,price,5,26,2015-08-14,3.2113881675697504,1.6478130499300476,0.013594986012380631
moirai,moe,Salesforce/moirai-moe-1.0-R-base,uni,price,5,27,2015-12-11,2.236244331961141,1.3234583559295896,0.00942227948476294
moirai,moe,Salesforce/moirai-moe-1.0-R-base,uni,price,5,28,2016-04-13,1.5510111446938104,0.9862778923760491,0.007118171382838904
moirai,moe,Salesforce/moirai-moe-1.0-R-base,uni,price,5,29,2016-08-10,0.6401921200095674,0.3974073938511905,0.0031699139951326403
moirai,moe,Salesforce/moirai-moe-1.0-R-base,uni,price,5,30,2016-12-08,1.0592855254066689,0.6314833434649886,0.004843169393391387
moirai,moe,Salesforce/moirai-moe-1.0-R-base,uni,price,5,31,2017-04-10,2.0665983953994136,1.0766953984574827,0.007833540912405797
moirai,moe,Salesforce/moirai-moe-1.0-R-base,uni,price,5,32,2017-08-08,1.7410034823320097,0.826428483875865,0.006710592147775078
moirai,moe,Salesforce/moirai-moe-1.0-R-base,uni,price,5,33,2017-12-05,1.5043298853467195,0.5744924216279623,0.004137416546187728
moirai,moe,Salesforce/moirai-moe-1.0-R-base,uni,price,5,34,2018-04-06,4.869147249411887,1.991409372839978,0.013945096950348521
moirai,moe,Salesforce/moirai-moe-1.0-R-base,uni,price,5,35,2018-08-03,1.2009621050102273,0.46617959577572543,0.003704604349642568
moirai,moe,Salesforce/moirai-moe-1.0-R-base,uni,price,5,36,2018-11-30,7.507302359902957,3.4882346582972126,0.02950371477303236
moirai,moe,Salesforce/moirai-moe-1.0-R-base,uni,price,5,37,2019-04-03,1.6534462884944587,0.8466954096929016,0.006013914920101966
moirai,moe,Salesforce/moirai-moe-1.0-R-base,uni,price,5,38,2019-08-01,4.673446981394905,2.5463946421647465,0.021728214149758007
moirai,moe,Salesforce/moirai-moe-1.0-R-base,uni,price,5,39,2019-11-27,2.3593100523712454,1.3471850837025428,0.010227853776830213
moirai,moe,Salesforce/moirai-moe-1.0-R-base,uni,price,5,40,2020-03-27,2.003694080177918,1.8238693270526425,0.01933272311640881
moirai,moe,Salesforce/moirai-moe-1.0-R-base,uni,price,5,41,2020-07-27,1.0401456943590002,0.8555128412650141,0.0065293277765793864
moirai,moe,Salesforce/moirai-moe-1.0-R-base,uni,price,5,42,2020-11-20,1.0457195580342973,0.8482745473508415,0.006727245025240294
moirai,moe,Salesforce/moirai-moe-1.0-R-base,uni,price,5,43,2021-03-24,2.6342509823917086,1.999573219894179,0.014801813124607429
moirai,moe,Salesforce/moirai-moe-1.0-R-base,uni,price,5,44,2021-07-22,0.7903042341459051,0.5587215596772652,0.0047063570343877145
moirai,moe,Salesforce/moirai-moe-1.0-R-base,uni,price,5,45,2021-11-17,0.25445260876437914,0.17095151399226302,0.002994441050367239
moirai,moe,Salesforce/moirai-moe-1.0-R-base,uni,price,5,46,2022-03-18,1.5619810363500373,1.2138414669676034,0.009029935443067016
moirai,moe,Salesforce/moirai-moe-1.0-R-base,uni,price,5,47,2022-07-19,2.9562833258265933,2.5521466448910672,0.018843595549028883
moirai,moe,Salesforce/moirai-moe-1.0-R-base,uni,price,5,48,2022-11-14,0.9183397712652138,0.8458064470484417,0.007023992046101393
moirai,moe,Salesforce/moirai-moe-1.0-R-base,uni,price,5,49,2023-03-16,0.9313154546150361,0.8927999885310126,0.006808236732428313
moirai,moe,Salesforce/moirai-moe-1.0-R-base,uni,price,5,50,2023-07-17,0.6962627162375323,0.5883456949827186,0.005148070579755738
moirai,moe,Salesforce/moirai-moe-1.0-R-base,uni,price,5,51,2023-11-10,2.488792208859498,2.179818461809737,0.0171438377542723
moirai,moe,Salesforce/moirai-moe-1.0-R-base,uni,price,5,52,2024-03-13,1.1055524131859564,0.7784135026432314,0.006132275172798452
moirai,moe,Salesforce/moirai-moe-1.0-R-base,uni,price,5,53,2024-07-12,2.1307580250225473,1.1945890197035718,0.00891766810957005
moirai,moe,Salesforce/moirai-moe-1.0-R-base,uni,price,5,54,2024-11-07,1.2370422767058764,0.6376621212490889,0.004897776711258534
moirai,moe,Salesforce/moirai-moe-1.0-R-base,uni,price,5,55,2025-03-12,2.336945803338491,1.293057940119449,0.00901352218718006
moirai,moe,Salesforce/moirai-moe-1.0-R-base,uni,price,5,56,2025-07-11,0.38961957671187486,0.22161375537946135,0.0023317856944043295
moirai,moe,Salesforce/moirai-moe-1.0-R-base,uni,price,5,57,2025-11-06,1.4729944420625642,0.7984513289261631,0.005566252328688213
moirai,moe,Salesforce/moirai-moe-1.0-R-base,uni,price,5,58,2026-03-10,2.966400103861694,1.7116087814863747,0.012977086794654445
moirai,moe,Salesforce/moirai-moe-1.0-R-base,uni,price,5,59,2026-07-09,2.1596565108349712,1.2359464540637104,0.008541251640716773
moirai,moe,Salesforce/moirai-moe-1.0-R-base,uni,simple_return,5,0,2007-01-22,0.7087207000455288,180.74588470359524,0.8035789442615264
moirai,moe,Salesforce/moirai-moe-1.0-R-base,uni,simple_return,5,1,2007-05-18,0.5254952154726878,161.96324634471793,0.7889862344146675
moirai,moe,Salesforce/moirai-moe-1.0-R-base,uni,simple_return,5,2,2007-09-17,1.1903237829282318,139.27116181839898,0.7471653125769291
moirai,moe,Salesforce/moirai-moe-1.0-R-base,uni,simple_return,5,3,2008-01-15,1.7015791278234618,196.42880523115576,0.8557912816725733
moirai,moe,Salesforce/moirai-moe-1.0-R-base,uni,simple_return,5,4,2008-05-14,0.7145909364561749,192.14482972172254,0.8076998475865603
moirai,moe,Salesforce/moirai-moe-1.0-R-base,uni,simple_return,5,5,2008-09-11,2.590041697753851,180.34021505759347,0.8726268659725432
moirai,moe,Salesforce/moirai-moe-1.0-R-base,uni,simple_return,5,6,2009-01-09,0.6909567865910012,191.3411510409847,0.8407430657965611
moirai,moe,Salesforce/moirai-moe-1.0-R-base,uni,simple_return,5,7,2009-05-11,0.7778334330106615,167.60710358225833,0.8400752283175819
moirai,moe,Salesforce/moirai-moe-1.0-R-base,uni,simple_return,5,8,2009-09-08,0.22101330662340615,143.09288082849827,0.7267204505990095
moirai,moe,Salesforce/moirai-moe-1.0-R-base,uni,simple_return,5,9,2010-01-06,0.2096814229031063,130.58938084513508,0.8326519698245114
moirai,moe,Salesforce/moirai-moe-1.0-R-base,uni,simple_return,5,10,2010-05-06,0.8083095932847204,181.25836663394907,0.7687610576502442
moirai,moe,Salesforce/moirai-moe-1.0-R-base,uni,simple_return,5,11,2010-09-02,0.29268033028343143,139.8512560312052,0.5856769226915621
moirai,moe,Salesforce/moirai-moe-1.0-R-base,uni,simple_return,5,12,2011-01-03,0.19886352861306333,176.48194855516692,1.10767743855962
moirai,moe,Salesforce/moirai-moe-1.0-R-base,uni,simple_return,5,13,2011-05-03,0.5038588809367306,158.44494413692735,0.7066305650348823
moirai,moe,Salesforce/moirai-moe-1.0-R-base,uni,simple_return,5,14,2011-08-30,1.3269326867912923,159.98648659867297,0.8287667111266465
moirai,moe,Salesforce/moirai-moe-1.0-R-base,uni,simple_return,5,15,2011-12-28,0.537282696427389,180.68290992427606,0.8407683879169977
moirai,moe,Salesforce/moirai-moe-1.0-R-base,uni,simple_return,5,16,2012-04-27,0.5307140663460739,180.12834534366527,0.724206790470933
moirai,moe,Salesforce/moirai-moe-1.0-R-base,uni,simple_return,5,17,2012-08-24,0.23755849021575878,172.08579686545946,0.8733321290528072
moirai,moe,Salesforce/moirai-moe-1.0-R-base,uni,simple_return,5,18,2012-12-26,1.0317444693557145,172.83179102704514,0.9480403299110589
moirai,moe,Salesforce/moirai-moe-1.0-R-base,uni,simple_return,5,19,2013-04-26,0.5698763251030947,147.55012182004407,0.6607996143266439
moirai,moe,Salesforce/moirai-moe-1.0-R-base,uni,simple_return,5,20,2013-08-22,0.5300803041504739,195.14837087216708,0.7913514065036372
moirai,moe,Salesforce/moirai-moe-1.0-R-base,uni,simple_return,5,21,2013-12-19,0.40989713858085364,180.8804744013318,0.7628699794185541
moirai,moe,Salesforce/moirai-moe-1.0-R-base,uni,simple_return,5,22,2014-04-22,0.4674444512854899,138.06245029718323,0.8147580805264576
moirai,moe,Salesforce/moirai-moe-1.0-R-base,uni,simple_return,5,23,2014-08-19,0.3334732596254504,132.85253198910564,0.7726078792552801
moirai,moe,Salesforce/moirai-moe-1.0-R-base,uni,simple_return,5,24,2014-12-16,1.5927112005869315,199.99963597928684,0.9889723263943524
moirai,moe,Salesforce/moirai-moe-1.0-R-base,uni,simple_return,5,25,2015-04-17,0.60022027095734,187.56475544368107,0.8646261883884763
moirai,moe,Salesforce/moirai-moe-1.0-R-base,uni,simple_return,5,26,2015-08-14,1.6950373102021428,166.89803689766492,0.8267042554199858
moirai,moe,Salesforce/moirai-moe-1.0-R-base,uni,simple_return,5,27,2015-12-11,1.4258368239156836,182.81784677068472,0.765985687555152
moirai,moe,Salesforce/moirai-moe-1.0-R-base,uni,simple_return,5,28,2016-04-13,0.13805561190828342,84.67392865308277,0.9774028896508395
moirai,moe,Salesforce/moirai-moe-1.0-R-base,uni,simple_return,5,29,2016-08-10,0.27083308209574714,154.36697332095304,0.6863486170604872
moirai,moe,Salesforce/moirai-moe-1.0-R-base,uni,simple_return,5,30,2016-12-08,0.48566235953954234,158.92518722316035,0.6646240623856635
moirai,moe,Salesforce/moirai-moe-1.0-R-base,uni,simple_return,5,31,2017-04-10,0.5733837404578527,182.57653331220195,0.7912780421595467
moirai,moe,Salesforce/moirai-moe-1.0-R-base,uni,simple_return,5,32,2017-08-08,0.6755583353741351,186.8316914725781,0.9039259224160321
moirai,moe,Salesforce/moirai-moe-1.0-R-base,uni,simple_return,5,33,2017-12-05,0.32758775406730717,138.9257827445926,0.6601791995159388
moirai,moe,Salesforce/moirai-moe-1.0-R-base,uni,simple_return,5,34,2018-04-06,0.9182991063990064,126.2419650473552,0.7510635719660865
moirai,moe,Salesforce/moirai-moe-1.0-R-base,uni,simple_return,5,35,2018-08-03,0.5183000548027168,168.32257977744968,0.9300859856849901
moirai,moe,Salesforce/moirai-moe-1.0-R-base,uni,simple_return,5,36,2018-11-30,2.048638654498345,158.23537539072822,0.9133148624998372
moirai,moe,Salesforce/moirai-moe-1.0-R-base,uni,simple_return,5,37,2019-04-03,0.38004544614599267,107.23808140308051,0.781109369003131
moirai,moe,Salesforce/moirai-moe-1.0-R-base,uni,simple_return,5,38,2019-08-01,1.604204783734644,146.3924867801811,0.8327935991794745
moirai,moe,Salesforce/moirai-moe-1.0-R-base,uni,simple_return,5,39,2019-11-27,0.5815922888003471,163.23528349521186,0.7936498454144352
moirai,moe,Salesforce/moirai-moe-1.0-R-base,uni,simple_return,5,40,2020-03-27,2.1252294383839887,179.40542859799612,0.7652106057897545
moirai,moe,Salesforce/moirai-moe-1.0-R-base,uni,simple_return,5,41,2020-07-27,0.5218725689448279,182.79048631736387,0.695048715907148
moirai,moe,Salesforce/moirai-moe-1.0-R-base,uni,simple_return,5,42,2020-11-20,0.37327556127697337,135.99105513701795,0.7429418562066242
moirai,moe,Salesforce/moirai-moe-1.0-R-base,uni,simple_return,5,43,2021-03-24,0.43569953585719057,163.1766397087119,0.9179240137090342
moirai,moe,Salesforce/moirai-moe-1.0-R-base,uni,simple_return,5,44,2021-07-22,0.2518710238639089,120.19523064081635,0.6981714552118808
moirai,moe,Salesforce/moirai-moe-1.0-R-base,uni,simple_return,5,45,2021-11-17,0.13556086716450416,125.42213803162609,0.7977747719083198
moirai,moe,Salesforce/moirai-moe-1.0-R-base,uni,simple_return,5,46,2022-03-18,0.5434284992397516,162.65878862166966,0.7146613631013496
moirai,moe,Salesforce/moirai-moe-1.0-R-base,uni,simple_return,5,47,2022-07-19,0.6690971474261669,157.57083111977465,0.820917020721926
moirai,moe,Salesforce/moirai-moe-1.0-R-base,uni,simple_return,5,48,2022-11-14,0.4905714363216483,190.22483839173412,0.8501241840769338
moirai,moe,Salesforce/moirai-moe-1.0-R-base,uni,simple_return,5,49,2023-03-16,0.8069130657765002,165.32324632781973,0.753952141810871
moirai,moe,Salesforce/moirai-moe-1.0-R-base,uni,simple_return,5,50,2023-07-17,0.27848968150991604,97.80725024213478,0.8120590324764848
moirai,moe,Salesforce/moirai-moe-1.0-R-base,uni,simple_return,5,51,2023-11-10,0.32039359803289524,85.36185607420394,0.9441712580304765
moirai,moe,Salesforce/moirai-moe-1.0-R-base,uni,simple_return,5,52,2024-03-13,0.4183918081330313,147.16801388276397,0.6048616079491361
moirai,moe,Salesforce/moirai-moe-1.0-R-base,uni,simple_return,5,53,2024-07-12,0.7893564051534941,173.41896805289093,0.8098646972013162
moirai,moe,Salesforce/moirai-moe-1.0-R-base,uni,simple_return,5,54,2024-11-07,0.3654162804273606,133.6971633139106,1.0876532227059805
moirai,moe,Salesforce/moirai-moe-1.0-R-base,uni,simple_return,5,55,2025-03-12,1.3405272398337569,176.64748995398668,0.7059990032135162
moirai,moe,Salesforce/moirai-moe-1.0-R-base,uni,simple_return,5,56,2025-07-11,0.2872941749603518,136.54917985630033,0.9266258685904718
moirai,moe,Salesforce/moirai-moe-1.0-R-base,uni,simple_return,5,57,2025-11-06,0.6464351867765717,93.64190752358556,0.8239349532441982
moirai,moe,Salesforce/moirai-moe-1.0-R-base,uni,simple_return,5,58,2026-03-10,0.7192328861151128,167.12861912625695,0.8539015013899532
moirai,moe,Salesforce/moirai-moe-1.0-R-base,uni,simple_return,5,59,2026-07-09,0.4783858113937625,150.45590937524415,0.6802123038109387
moirai,moe,Salesforce/moirai-moe-1.0-R-base,uni,log_return,5,0,2007-01-22,0.7209914648452885,176.1580768229043,0.7687946135935116
moirai,moe,Salesforce/moirai-moe-1.0-R-base,uni,log_return,5,1,2007-05-18,0.6041455903495884,166.41286022670613,0.9299909566962534
moirai,moe,Salesforce/moirai-moe-1.0-R-base,uni,log_return,5,2,2007-09-17,1.2286727797118686,157.0323220391667,0.7830709525916452
moirai,moe,Salesforce/moirai-moe-1.0-R-base,uni,log_return,5,3,2008-01-15,1.6477165156974998,191.6668240133627,0.833495423799115
moirai,moe,Salesforce/moirai-moe-1.0-R-base,uni,log_return,5,4,2008-05-14,0.7180525876075363,189.90108366423004,0.7842891742417247
moirai,moe,Salesforce/moirai-moe-1.0-R-base,uni,log_return,5,5,2008-09-11,2.570520240534646,171.3391112516448,0.8714501948882766
moirai,moe,Salesforce/moirai-moe-1.0-R-base,uni,log_return,5,6,2009-01-09,0.6486133388448355,174.3972337075597,0.8118682443153342
moirai,moe,Salesforce/moirai-moe-1.0-R-base,uni,log_return,5,7,2009-05-11,0.7521198753587598,174.86236388855247,0.8655989628923054
moirai,moe,Salesforce/moirai-moe-1.0-R-base,uni,log_return,5,8,2009-09-08,0.19986594523642678,115.36693731326338,0.741769049264162
moirai,moe,Salesforce/moirai-moe-1.0-R-base,uni,log_return,5,9,2010-01-06,0.16647008678157826,87.56248105084609,0.7007957226434287
moirai,moe,Salesforce/moirai-moe-1.0-R-base,uni,log_return,5,10,2010-05-06,0.7458213243433295,140.38848469467007,0.7559391165647931
moirai,moe,Salesforce/moirai-moe-1.0-R-base,uni,log_return,5,11,2010-09-02,0.3173602834149876,156.01952133384427,0.6707052592891896
moirai,moe,Salesforce/moirai-moe-1.0-R-base,uni,log_return,5,12,2011-01-03,0.2585692109890997,199.99947228479255,1.3389749164757665
moirai,moe,Salesforce/moirai-moe-1.0-R-base,uni,log_return,5,13,2011-05-03,0.5089270257723874,147.1440935007017,0.705710092899976
moirai,moe,Salesforce/moirai-moe-1.0-R-base,uni,log_return,5,14,2011-08-30,1.4243123028514182,180.3675071480447,0.8530614591048753
moirai,moe,Salesforce/moirai-moe-1.0-R-base,uni,log_return,5,15,2011-12-28,0.4416155916086182,130.36463484716822,0.8247589366233655
moirai,moe,Salesforce/moirai-moe-1.0-R-base,uni,log_return,5,16,2012-04-27,0.5775626963339913,190.65238057621195,0.8315091626615639
moirai,moe,Salesforce/moirai-moe-1.0-R-base,uni,log_return,5,17,2012-08-24,0.2616225028847029,182.26748057068122,0.8785002726808102
moirai,moe,Salesforce/moirai-moe-1.0-R-base,uni,log_return,5,18,2012-12-26,0.958784502291399,124.04560570322379,0.9031072093833897
moirai,moe,Salesforce/moirai-moe-1.0-R-base,uni,log_return,5,19,2013-04-26,0.5987623486771712,149.01078484806956,0.6894547136365659
moirai,moe,Salesforce/moirai-moe-1.0-R-base,uni,log_return,5,20,2013-08-22,0.5379617816630038,174.96390201457174,0.8360816159714207
moirai,moe,Salesforce/moirai-moe-1.0-R-base,uni,log_return,5,21,2013-12-19,0.3226397086619854,133.36639678771343,0.6439686069298055
moirai,moe,Salesforce/moirai-moe-1.0-R-base,uni,log_return,5,22,2014-04-22,0.5006847321578632,173.43229494334793,0.7544469681981205
moirai,moe,Salesforce/moirai-moe-1.0-R-base,uni,log_return,5,23,2014-08-19,0.3113548040776917,129.12322034312803,0.7027350168030165
moirai,moe,Salesforce/moirai-moe-1.0-R-base,uni,log_return,5,24,2014-12-16,1.6026846725397483,177.34749182907984,0.9886752194528206
moirai,moe,Salesforce/moirai-moe-1.0-R-base,uni,log_return,5,25,2015-04-17,0.5196668450079208,187.4737363736268,0.8023367511038465
moirai,moe,Salesforce/moirai-moe-1.0-R-base,uni,log_return,5,26,2015-08-14,1.6824836183170877,165.3407546091577,0.828928259119705
moirai,moe,Salesforce/moirai-moe-1.0-R-base,uni,log_return,5,27,2015-12-11,1.4521227171718136,191.53814377460444,0.768641169341557
moirai,moe,Salesforce/moirai-moe-1.0-R-base,uni,log_return,5,28,2016-04-13,0.24256277664576298,129.70014982176076,1.1111388674857745
moirai,moe,Salesforce/moirai-moe-1.0-R-base,uni,log_return,5,29,2016-08-10,0.2754527207950172,116.77054352653062,0.7589791854337588
moirai,moe,Salesforce/moirai-moe-1.0-R-base,uni,log_return,5,30,2016-12-08,0.5422755350095805,179.04523681023406,0.7552962425045108
moirai,moe,Salesforce/moirai-moe-1.0-R-base,uni,log_return,5,31,2017-04-10,0.5440428346093994,191.0100340931291,0.7130275449438573
moirai,moe,Salesforce/moirai-moe-1.0-R-base,uni,log_return,5,32,2017-08-08,0.6833303711606566,177.48486533264398,0.9223782267207441
moirai,moe,Salesforce/moirai-moe-1.0-R-base,uni,log_return,5,33,2017-12-05,0.3625598030344753,176.90582017567908,0.7212159245356387
moirai,moe,Salesforce/moirai-moe-1.0-R-base,uni,log_return,5,34,2018-04-06,0.9754400773825966,138.06657145849434,0.7640195445145799
moirai,moe,Salesforce/moirai-moe-1.0-R-base,uni,log_return,5,35,2018-08-03,0.4551787899271154,159.0007246292001,0.7763348604527682
moirai,moe,Salesforce/moirai-moe-1.0-R-base,uni,log_return,5,36,2018-11-30,2.0273297128441423,155.66663826093009,0.8999779856183774
moirai,moe,Salesforce/moirai-moe-1.0-R-base,uni,log_return,5,37,2019-04-03,0.4055335098130512,132.2451490908673,0.7647395967123616
moirai,moe,Salesforce/moirai-moe-1.0-R-base,uni,log_return,5,38,2019-08-01,1.6895631327701943,156.66857341680515,0.8870789556850363
moirai,moe,Salesforce/moirai-moe-1.0-R-base,uni,log_return,5,39,2019-11-27,0.5542669355505352,151.90817444712812,0.7804354566583959
moirai,moe,Salesforce/moirai-moe-1.0-R-base,uni,log_return,5,40,2020-03-27,1.92110569427361,167.83571733049686,0.6773409759735808
moirai,moe,Salesforce/moirai-moe-1.0-R-base,uni,log_return,5,41,2020-07-27,0.4943635669766572,165.84050245943402,0.6910261484936596
moirai,moe,Salesforce/moirai-moe-1.0-R-base,uni,log_return,5,42,2020-11-20,0.356617901682699,150.9631835076195,0.7472010532255344
moirai,moe,Salesforce/moirai-moe-1.0-R-base,uni,log_return,5,43,2021-03-24,0.39483147637761534,139.55098822338434,0.8813895514579566
moirai,moe,Salesforce/moirai-moe-1.0-R-base,uni,log_return,5,44,2021-07-22,0.24944814397849518,122.66389470722847,0.7797123514133075
moirai,moe,Salesforce/moirai-moe-1.0-R-base,uni,log_return,5,45,2021-11-17,0.1406787340782771,96.67048857201127,0.8964113440247579
moirai,moe,Salesforce/moirai-moe-1.0-R-base,uni,log_return,5,46,2022-03-18,0.5665154041671916,167.5956885964273,0.7724470169037158
moirai,moe,Salesforce/moirai-moe-1.0-R-base,uni,log_return,5,47,2022-07-19,0.5941113792573144,141.5706836353083,0.7226330072799078
moirai,moe,Salesforce/moirai-moe-1.0-R-base,uni,log_return,5,48,2022-11-14,0.5559827670086556,193.57604468419714,0.9515724802894064
moirai,moe,Salesforce/moirai-moe-1.0-R-base,uni,log_return,5,49,2023-03-16,0.8268687257646105,194.7527727052081,0.7507962883464647
moirai,moe,Salesforce/moirai-moe-1.0-R-base,uni,log_return,5,50,2023-07-17,0.24534434256356316,101.58746554955252,0.6969285002480483
moirai,moe,Salesforce/moirai-moe-1.0-R-base,uni,log_return,5,51,2023-11-10,0.421757841261617,112.14771109340501,1.138768232614706
moirai,moe,Salesforce/moirai-moe-1.0-R-base,uni,log_return,5,52,2024-03-13,0.4688061432029685,153.8735810216202,0.7176558768540906
moirai,moe,Salesforce/moirai-moe-1.0-R-base,uni,log_return,5,53,2024-07-12,0.8045087329453879,175.2369325805209,0.8363645040073551
moirai,moe,Salesforce/moirai-moe-1.0-R-base,uni,log_return,5,54,2024-11-07,0.3282907678044806,134.904407631817,0.9044202111277334
moirai,moe,Salesforce/moirai-moe-1.0-R-base,uni,log_return,5,55,2025-03-12,1.349447700119153,172.40300260023133,0.7360967127596132
moirai,moe,Salesforce/moirai-moe-1.0-R-base,uni,log_return,5,56,2025-07-11,0.2814796202761495,119.24954076819733,0.862640646762562
moirai,moe,Salesforce/moirai-moe-1.0-R-base,uni,log_return,5,57,2025-11-06,0.6335463723670526,85.63650721574433,0.8258690828907769
moirai,moe,Salesforce/moirai-moe-1.0-R-base,uni,log_return,5,58,2026-03-10,0.7110288167070077,163.2516942766832,0.8088489100399143
moirai,moe,Salesforce/moirai-moe-1.0-R-base,uni,log_return,5,59,2026-07-09,0.4529789211445296,157.18913255551655,0.7530410140078085
moirai,moe,Salesforce/moirai-moe-1.0-R-base,uni,price,21,0,2007-01-22,1.734959840763573,0.7383008934579123,0.005438839169455339
moirai,moe,Salesforce/moirai-moe-1.0-R-base,uni,price,21,1,2007-05-18,2.9537517599310923,1.1994182559163922,0.00900769628279557
moirai,moe,Salesforce/moirai-moe-1.0-R-base,uni,price,21,2,2007-09-17,2.2325974705893867,1.0625112336310774,0.008227836544531457
moirai,moe,Salesforce/moirai-moe-1.0-R-base,uni,price,21,3,2008-01-15,2.2577397569928572,1.4371199328702293,0.012692461325412829
moirai,moe,Salesforce/moirai-moe-1.0-R-base,uni,price,21,4,2008-05-14,1.740251534322849,1.2509015644324954,0.009403365837303994
moirai,moe,Salesforce/moirai-moe-1.0-R-base,uni,price,21,5,2008-09-11,3.1976907781002253,3.207060589939422,0.02295512301926881
moirai,moe,Salesforce/moirai-moe-1.0-R-base,uni,price,21,6,2009-01-09,0.9749503666148691,1.7309486114688681,0.013741912011952026
moirai,moe,Salesforce/moirai-moe-1.0-R-base,uni,price,21,7,2009-05-11,0.9674309646955436,1.7321854623067634,0.012944192650403344
moirai,moe,Salesforce/moirai-moe-1.0-R-base,uni,price,21,8,2009-09-08,0.7312422524142113,1.113534548322009,0.010098150310763027
moirai,moe,Salesforce/moirai-moe-1.0-R-base,uni,price,21,9,2010-01-06,0.9153791928504067,1.2568730040425489,0.009268459541313105
moirai,moe,Salesforce/moirai-moe-1.0-R-base,uni,price,21,10,2010-05-06,1.8339965582704214,2.326906210325124,0.01797693685156386
moirai,moe,Salesforce/moirai-moe-1.0-R-base,uni,price,21,11,2010-09-02,0.5268388962628714,0.6573429655742914,0.004836481910439719
moirai,moe,Salesforce/moirai-moe-1.0-R-base,uni,price,21,12,2011-01-03,1.9993406555798288,1.578190907779646,0.011697825424142314
moirai,moe,Salesforce/moirai-moe-1.0-R-base,uni,price,21,13,2011-05-03,2.120272222199451,1.3873859308230656,0.010102101558323888
moirai,moe,Salesforce/moirai-moe-1.0-R-base,uni,price,21,14,2011-08-30,1.7710740871129942,1.427470826680049,0.011082410791981414
moirai,moe,Salesforce/moirai-moe-1.0-R-base,uni,price,21,15,2011-12-28,1.994591270532297,1.6741115494446994,0.01173549860489417
moirai,moe,Salesforce/moirai-moe-1.0-R-base,uni,price,21,16,2012-04-27,0.9300416428927818,0.754703855886641,0.0055587207999181825
moirai,moe,Salesforce/moirai-moe-1.0-R-base,uni,price,21,17,2012-08-24,1.9174081127165197,1.3793786145925595,0.009616600129880748
moirai,moe,Salesforce/moirai-moe-1.0-R-base,uni,price,21,18,2012-12-26,1.9911369783265869,1.4033465198072501,0.01028675985046943
moirai,moe,Salesforce/moirai-moe-1.0-R-base,uni,price,21,19,2013-04-26,1.628711689411432,1.0500203000509283,0.007800441630662048
moirai,moe,Salesforce/moirai-moe-1.0-R-base,uni,price,21,20,2013-08-22,2.6060960314275627,1.5806844658210226,0.011775546025098699
moirai,moe,Salesforce/moirai-moe-1.0-R-base,uni,price,21,21,2013-12-19,2.659547526907363,1.2605281535666675,0.008864810939433346
moirai,moe,Salesforce/moirai-moe-1.0-R-base,uni,price,21,22,2014-04-22,0.8539926115269675,0.41497439044045364,0.005016506683393035
moirai,moe,Salesforce/moirai-moe-1.0-R-base,uni,price,21,23,2014-08-19,1.2719187259352243,0.5549988095551293,0.005173274630750001
moirai,moe,Salesforce/moirai-moe-1.0-R-base,uni,price,21,24,2014-12-16,5.453172791941988,2.5100181604917773,0.021215242669675588
moirai,moe,Salesforce/moirai-moe-1.0-R-base,uni,price,21,25,2015-04-17,2.498925298943453,1.236492352228368,0.008642497747777094
moirai,moe,Salesforce/moirai-moe-1.0-R-base,uni,price,21,26,2015-08-14,6.801828731558416,3.5815185927275497,0.028901405051461
moirai,moe,Salesforce/moirai-moe-1.0-R-base,uni,price,21,27,2015-12-11,3.278062485347053,1.9733407832048597,0.014739286701823515
moirai,moe,Salesforce/moirai-moe-1.0-R-base,uni,price,21,28,2016-04-13,1.0283777284631102,0.6559195006131833,0.006011442931771692
moirai,moe,Salesforce/moirai-moe-1.0-R-base,uni,price,21,29,2016-08-10,1.0279255613672862,0.6413760803452947,0.004807637805909319
moirai,moe,Salesforce/moirai-moe-1.0-R-base,uni,price,21,30,2016-12-08,0.9358872572853492,0.55713414712765,0.005239523396203972
moirai,moe,Salesforce/moirai-moe-1.0-R-base,uni,price,21,31,2017-04-10,1.1338302284558168,0.5882478839733206,0.005896400447813057
moirai,moe,Salesforce/moirai-moe-1.0-R-base,uni,price,21,32,2017-08-08,2.7682583543126325,1.3122282582688785,0.009908087276329774
moirai,moe,Salesforce/moirai-moe-1.0-R-base,uni,price,21,33,2017-12-05,3.6811718070824986,1.3943598346254154,0.010008476154031977
moirai,moe,Salesforce/moirai-moe-1.0-R-base,uni,price,21,34,2018-04-06,3.7576016974794415,1.5244996315916037,0.012086153723192904
moirai,moe,Salesforce/moirai-moe-1.0-R-base,uni,price,21,35,2018-08-03,4.157618997037461,1.613516566443261,0.01211225389977768
moirai,moe,Salesforce/moirai-moe-1.0-R-base,uni,price,21,36,2018-11-30,19.676383309663077,9.35302548658641,0.08891548367859688
moirai,moe,Salesforce/moirai-moe-1.0-R-base,uni,price,21,37,2019-04-03,2.930306203110224,1.491552631527168,0.010670462465065042
moirai,moe,Salesforce/moirai-moe-1.0-R-base,uni,price,21,38,2019-08-01,4.506557598482476,2.456149399152478,0.0188352442987063
moirai,moe,Salesforce/moirai-moe-1.0-R-base,uni,price,21,39,2019-11-27,2.340014663286632,1.320495667333458,0.009543793599464397
moirai,moe,Salesforce/moirai-moe-1.0-R-base,uni,price,21,40,2020-03-27,5.00324138679276,4.277316583725491,0.030078197627452435
moirai,moe,Salesforce/moirai-moe-1.0-R-base,uni,price,21,41,2020-07-27,4.088297485358865,3.3100573960262425,0.024449463903081396
moirai,moe,Salesforce/moirai-moe-1.0-R-base,uni,price,21,42,2020-11-20,0.7157240988672262,0.5722099505543751,0.009205737615581576
moirai,moe,Salesforce/moirai-moe-1.0-R-base,uni,price,21,43,2021-03-24,6.681223285387191,4.9684462896780985,0.04026248087517962
moirai,moe,Salesforce/moirai-moe-1.0-R-base,uni,price,21,44,2021-07-22,1.214407294176765,0.8565346390795465,0.008195025900236004
moirai,moe,Salesforce/moirai-moe-1.0-R-base,uni,price,21,45,2021-11-17,2.4751284209546784,1.6741762561330669,0.01299084470447403
moirai,moe,Salesforce/moirai-moe-1.0-R-base,uni,price,21,46,2022-03-18,2.099746032591089,1.6268220690048942,0.01251954281444611
moirai,moe,Salesforce/moirai-moe-1.0-R-base,uni,price,21,47,2022-07-19,9.994192023787836,8.498997986642088,0.07069645104715996
moirai,moe,Salesforce/moirai-moe-1.0-R-base,uni,price,21,48,2022-11-14,1.3531245239553964,1.2374022933207753,0.01216692580919491
moirai,moe,Salesforce/moirai-moe-1.0-R-base,uni,price,21,49,2023-03-16,1.2210739004070934,1.1456632123387651,0.009529532161972103
moirai,moe,Salesforce/moirai-moe-1.0-R-base,uni,price,21,50,2023-07-17,1.028965450691834,0.8723772210002126,0.008039903615871629
moirai,moe,Salesforce/moirai-moe-1.0-R-base,uni,price,21,51,2023-11-10,4.255426714852203,3.70125349670693,0.02788425972300769
moirai,moe,Salesforce/moirai-moe-1.0-R-base,uni,price,21,52,2024-03-13,2.1999359775625953,1.5469919359050657,0.01148205127106804
moirai,moe,Salesforce/moirai-moe-1.0-R-base,uni,price,21,53,2024-07-12,7.462598767735533,4.2431186587921275,0.034867521894821625
moirai,moe,Salesforce/moirai-moe-1.0-R-base,uni,price,21,54,2024-11-07,2.873319671481666,1.4634439556374002,0.0105302775407485
moirai,moe,Salesforce/moirai-moe-1.0-R-base,uni,price,21,55,2025-03-12,6.185331859354543,3.512592480039335,0.026468603446938996
moirai,moe,Salesforce/moirai-moe-1.0-R-base,uni,price,21,56,2025-07-11,1.0917274118320992,0.6147547723498862,0.005175241212862791
moirai,moe,Salesforce/moirai-moe-1.0-R-base,uni,price,21,57,2025-11-06,2.3716747813379553,1.2954062058570723,0.009871056342686695
moirai,moe,Salesforce/moirai-moe-1.0-R-base,uni,price,21,58,2026-03-10,6.40174417456029,3.7190532456619287,0.030382680117335872
moirai,moe,Salesforce/moirai-moe-1.0-R-base,uni,price,21,59,2026-07-09,2.2237585196515792,1.2679032928262188,0.009494882306110083
moirai,moe,Salesforce/moirai-moe-1.0-R-base,uni,simple_return,21,0,2007-01-22,0.547189378795278,177.3298051402522,0.8271610250858122
moirai,moe,Salesforce/moirai-moe-1.0-R-base,uni,simple_return,21,1,2007-05-18,0.8027821890100575,148.99280702318217,0.8433715192931412
moirai,moe,Salesforce/moirai-moe-1.0-R-base,uni,simple_return,21,2,2007-09-17,0.8062961866940477,171.8662274040302,0.8201681030990952
moirai,moe,Salesforce/moirai-moe-1.0-R-base,uni,simple_return,21,3,2008-01-15,1.3466901828526936,189.4561911444228,0.7669866676037527
moirai,moe,Salesforce/moirai-moe-1.0-R-base,uni,simple_return,21,4,2008-05-14,0.7379572914761816,152.52630618137394,0.7804645820479889
moirai,moe,Salesforce/moirai-moe-1.0-R-base,uni,simple_return,21,5,2008-09-11,2.5786139834320645,174.12805077107504,0.859217558131288
moirai,moe,Salesforce/moirai-moe-1.0-R-base,uni,simple_return,21,6,2009-01-09,1.016266073275639,181.9871217942555,0.8171371578920332
moirai,moe,Salesforce/moirai-moe-1.0-R-base,uni,simple_return,21,7,2009-05-11,0.5265911559671422,154.0118154740645,0.8600009191885218
moirai,moe,Salesforce/moirai-moe-1.0-R-base,uni,simple_return,21,8,2009-09-08,0.3442159613033827,158.46941575738512,0.8086499771840825
moirai,moe,Salesforce/moirai-moe-1.0-R-base,uni,simple_return,21,9,2010-01-06,0.455174107584033,129.39642848323487,0.8596380034386933
moirai,moe,Salesforce/moirai-moe-1.0-R-base,uni,simple_return,21,10,2010-05-06,0.7504930546439917,171.0347174243367,0.8100975632684695
moirai,moe,Salesforce/moirai-moe-1.0-R-base,uni,simple_return,21,11,2010-09-02,0.3193839331878238,168.48846579225136,0.8322498940925979
moirai,moe,Salesforce/moirai-moe-1.0-R-base,uni,simple_return,21,12,2011-01-03,0.3114040294119226,138.75737546311692,0.828872162893279
moirai,moe,Salesforce/moirai-moe-1.0-R-base,uni,simple_return,21,13,2011-05-03,0.5726735393296842,174.5280496993858,0.8281033162753132
moirai,moe,Salesforce/moirai-moe-1.0-R-base,uni,simple_return,21,14,2011-08-30,1.170911797678445,152.2013038944733,0.7659467230147672
moirai,moe,Salesforce/moirai-moe-1.0-R-base,uni,simple_return,21,15,2011-12-28,0.373290815472997,152.0474437125319,1.0295496894333276
moirai,moe,Salesforce/moirai-moe-1.0-R-base,uni,simple_return,21,16,2012-04-27,0.4522433174227705,167.5752083084296,0.7901965632546578
moirai,moe,Salesforce/moirai-moe-1.0-R-base,uni,simple_return,21,17,2012-08-24,0.3345901137027586,143.36293966832744,0.8292508134884993
moirai,moe,Salesforce/moirai-moe-1.0-R-base,uni,simple_return,21,18,2012-12-26,0.4391183825490499,163.07886288081218,0.9746059682321278
moirai,moe,Salesforce/moirai-moe-1.0-R-base,uni,simple_return,21,19,2013-04-26,0.4317009334446816,165.34491029491508,0.7639026921962533
moirai,moe,Salesforce/moirai-moe-1.0-R-base,uni,simple_return,21,20,2013-08-22,0.4609430684679537,170.6214380018519,0.7995091495350761
moirai,moe,Salesforce/moirai-moe-1.0-R-base,uni,simple_return,21,21,2013-12-19,0.45914778793406597,160.8251316529196,0.8431917057945393
moirai,moe,Salesforce/moirai-moe-1.0-R-base,uni,simple_return,21,22,2014-04-22,0.47390929079601324,133.89561954341391,0.7469055343783634
moirai,moe,Salesforce/moirai-moe-1.0-R-base,uni,simple_return,21,23,2014-08-19,0.3634130291709371,150.65232046297692,0.7795803004757156
moirai,moe,Salesforce/moirai-moe-1.0-R-base,uni,simple_return,21,24,2014-12-16,1.1186448993831695,180.490457248892,0.8380254205389377
moirai,moe,Salesforce/moirai-moe-1.0-R-base,uni,simple_return,21,25,2015-04-17,0.6664756229653259,176.75334595780296,0.7951775573245655
moirai,moe,Salesforce/moirai-moe-1.0-R-base,uni,simple_return,21,26,2015-08-14,1.9421822054006554,185.76226697894936,0.8753720276703829
moirai,moe,Salesforce/moirai-moe-1.0-R-base,uni,simple_return,21,27,2015-12-11,1.2084642401642667,173.8564855941798,0.7765129367551435
moirai,moe,Salesforce/moirai-moe-1.0-R-base,uni,simple_return,21,28,2016-04-13,0.4229345502448284,134.25864967041034,0.8816381779994942
moirai,moe,Salesforce/moirai-moe-1.0-R-base,uni,simple_return,21,29,2016-08-10,0.3524834455307195,147.9086317898085,0.9375479546882072
moirai,moe,Salesforce/moirai-moe-1.0-R-base,uni,simple_return,21,30,2016-12-08,0.36429340396410315,158.19192771549737,0.7865188095938183
moirai,moe,Salesforce/moirai-moe-1.0-R-base,uni,simple_return,21,31,2017-04-10,0.374149161504674,171.33484337917025,0.840067058294617
moirai,moe,Salesforce/moirai-moe-1.0-R-base,uni,simple_return,21,32,2017-08-08,0.5003144905540132,146.20804058750429,0.8563641231506525
moirai,moe,Salesforce/moirai-moe-1.0-R-base,uni,simple_return,21,33,2017-12-05,0.4991694943849357,166.34067711423052,0.7779502038803189
moirai,moe,Salesforce/moirai-moe-1.0-R-base,uni,simple_return,21,34,2018-04-06,0.9124202840455153,137.16531406493962,0.8248718612391058
moirai,moe,Salesforce/moirai-moe-1.0-R-base,uni,simple_return,21,35,2018-08-03,0.5415238443889506,165.20583096457432,0.7436605685760274
moirai,moe,Salesforce/moirai-moe-1.0-R-base,uni,simple_return,21,36,2018-11-30,1.9967905390672314,173.6102806361023,0.8930432067363913
moirai,moe,Salesforce/moirai-moe-1.0-R-base,uni,simple_return,21,37,2019-04-03,0.42097084623939807,137.96821031997374,0.9108558615169772
moirai,moe,Salesforce/moirai-moe-1.0-R-base,uni,simple_return,21,38,2019-08-01,1.3527453866570904,177.23657652939303,0.8108660584128555
moirai,moe,Salesforce/moirai-moe-1.0-R-base,uni,simple_return,21,39,2019-11-27,0.41288319448319843,154.44673846157875,0.7945908781998449
moirai,moe,Salesforce/moirai-moe-1.0-R-base,uni,simple_return,21,40,2020-03-27,1.7194084748369851,158.71035727342513,0.999850855572462
moirai,moe,Salesforce/moirai-moe-1.0-R-base,uni,simple_return,21,41,2020-07-27,0.3280149436776152,135.60077065691186,0.7140707050635607
moirai,moe,Salesforce/moirai-moe-1.0-R-base,uni,simple_return,21,42,2020-11-20,0.3141484019493253,152.6879443992327,0.8377245434519773
moirai,moe,Salesforce/moirai-moe-1.0-R-base,uni,simple_return,21,43,2021-03-24,0.41602332402460257,158.38069274002825,0.760642394810228
moirai,moe,Salesforce/moirai-moe-1.0-R-base,uni,simple_return,21,44,2021-07-22,0.2622971853087477,109.81568144642341,0.837624550933355
moirai,moe,Salesforce/moirai-moe-1.0-R-base,uni,simple_return,21,45,2021-11-17,0.6874364800842306,164.77822771852698,0.8257862154077684
moirai,moe,Salesforce/moirai-moe-1.0-R-base,uni,simple_return,21,46,2022-03-18,0.5986563353718355,175.29541334601853,0.7311827082683653
moirai,moe,Salesforce/moirai-moe-1.0-R-base,uni,simple_return,21,47,2022-07-19,0.6840397828384043,162.58940360671116,0.7919469751692098
moirai,moe,Salesforce/moirai-moe-1.0-R-base,uni,simple_return,21,48,2022-11-14,0.6562004704257444,167.69671534533498,0.8337227661495175
moirai,moe,Salesforce/moirai-moe-1.0-R-base,uni,simple_return,21,49,2023-03-16,0.4984664285038726,162.79696915599223,0.8310500943820739
moirai,moe,Salesforce/moirai-moe-1.0-R-base,uni,simple_return,21,50,2023-07-17,0.40960559025111487,141.02832686523104,0.8416352113514499
moirai,moe,Salesforce/moirai-moe-1.0-R-base,uni,simple_return,21,51,2023-11-10,0.2871029603176848,153.40453182418128,0.9103320578364033
moirai,moe,Salesforce/moirai-moe-1.0-R-base,uni,simple_return,21,52,2024-03-13,0.4630387129053446,160.25024186514233,0.809265383752153
moirai,moe,Salesforce/moirai-moe-1.0-R-base,uni,simple_return,21,53,2024-07-12,0.9955813798223336,166.44985719991763,0.8372875318906386
moirai,moe,Salesforce/moirai-moe-1.0-R-base,uni,simple_return,21,54,2024-11-07,0.3646881257986328,123.31700107626693,0.8224736896208137
moirai,moe,Salesforce/moirai-moe-1.0-R-base,uni,simple_return,21,55,2025-03-12,2.098488034559475,180.58612902096874,0.87894581433596
moirai,moe,Salesforce/moirai-moe-1.0-R-base,uni,simple_return,21,56,2025-07-11,0.44639274158633,137.48351199781087,0.8287072849724679
moirai,moe,Salesforce/moirai-moe-1.0-R-base,uni,simple_return,21,57,2025-11-06,0.6174170060645957,127.83295291801994,0.770438887605311
moirai,moe,Salesforce/moirai-moe-1.0-R-base,uni,simple_return,21,58,2026-03-10,0.9249915032006244,163.63285273154668,0.7904894522497137
moirai,moe,Salesforce/moirai-moe-1.0-R-base,uni,simple_return,21,59,2026-07-09,0.6325189417605538,156.70868634333655,0.7732672136244187
moirai,moe,Salesforce/moirai-moe-1.0-R-base,uni,log_return,21,0,2007-01-22,0.5582478369654228,175.13043248428457,0.8708845822379855
moirai,moe,Salesforce/moirai-moe-1.0-R-base,uni,log_return,21,1,2007-05-18,0.7893190268818844,142.0506577372568,0.829814383997475
moirai,moe,Salesforce/moirai-moe-1.0-R-base,uni,log_return,21,2,2007-09-17,0.7226657765751627,155.36248273066587,0.730272562251988
moirai,moe,Salesforce/moirai-moe-1.0-R-base,uni,log_return,21,3,2008-01-15,1.2867003866760773,180.05762796560936,0.7390539246230347
moirai,moe,Salesforce/moirai-moe-1.0-R-base,uni,log_return,21,4,2008-05-14,0.7944344154670304,171.20613173647942,0.8536743424302153
moirai,moe,Salesforce/moirai-moe-1.0-R-base,uni,log_return,21,5,2008-09-11,2.6529740815309717,183.43086718211157,0.8829576591458831
moirai,moe,Salesforce/moirai-moe-1.0-R-base,uni,log_return,21,6,2009-01-09,1.044223559748542,188.38654639827095,0.8134150852872953
moirai,moe,Salesforce/moirai-moe-1.0-R-base,uni,log_return,21,7,2009-05-11,0.5656304833602517,174.08711882042712,0.8596553502285134
moirai,moe,Salesforce/moirai-moe-1.0-R-base,uni,log_return,21,8,2009-09-08,0.34992315113120875,178.13854503998564,0.7483459522877525
moirai,moe,Salesforce/moirai-moe-1.0-R-base,uni,log_return,21,9,2010-01-06,0.4610546376797563,146.18689912940843,0.847107522250957
moirai,moe,Salesforce/moirai-moe-1.0-R-base,uni,log_return,21,10,2010-05-06,0.7568952940937804,180.74684423181697,0.8082027010147746
moirai,moe,Salesforce/moirai-moe-1.0-R-base,uni,log_return,21,11,2010-09-02,0.3022070023640601,161.2192646409194,0.8175765026600508
moirai,moe,Salesforce/moirai-moe-1.0-R-base,uni,log_return,21,12,2011-01-03,0.3279437997597512,152.51617792091088,0.8275976921507859
moirai,moe,Salesforce/moirai-moe-1.0-R-base,uni,log_return,21,13,2011-05-03,0.559047712161915,180.66237502125014,0.8004924210514077
moirai,moe,Salesforce/moirai-moe-1.0-R-base,uni,log_return,21,14,2011-08-30,1.249686581146881,156.30753923099,0.8088137577698131
moirai,moe,Salesforce/moirai-moe-1.0-R-base,uni,log_return,21,15,2011-12-28,0.3265187377262281,145.37572317764844,0.9379518080042568
moirai,moe,Salesforce/moirai-moe-1.0-R-base,uni,log_return,21,16,2012-04-27,0.46332130161855306,170.99094039642665,0.826517981316155
moirai,moe,Salesforce/moirai-moe-1.0-R-base,uni,log_return,21,17,2012-08-24,0.35253121297517914,159.24293214773303,0.9035485751506963
moirai,moe,Salesforce/moirai-moe-1.0-R-base,uni,log_return,21,18,2012-12-26,0.4552659275115777,177.18744751002018,0.9715278121139284
moirai,moe,Salesforce/moirai-moe-1.0-R-base,uni,log_return,21,19,2013-04-26,0.42050297687374394,149.95639793652717,0.7533471722406978
moirai,moe,Salesforce/moirai-moe-1.0-R-base,uni,log_return,21,20,2013-08-22,0.47758950168663933,165.17211965244906,0.8155494066847881
moirai,moe,Salesforce/moirai-moe-1.0-R-base,uni,log_return,21,21,2013-12-19,0.4426337424195737,158.1954924859444,0.8289071037755886
moirai,moe,Salesforce/moirai-moe-1.0-R-base,uni,log_return,21,22,2014-04-22,0.49041037849737906,137.9904785836214,0.7612801232840877
moirai,moe,Salesforce/moirai-moe-1.0-R-base,uni,log_return,21,23,2014-08-19,0.37803786699013614,151.63421757635746,0.8118212426191013
moirai,moe,Salesforce/moirai-moe-1.0-R-base,uni,log_return,21,24,2014-12-16,1.1334630224140525,186.61873550987627,0.8475971593886343
moirai,moe,Salesforce/moirai-moe-1.0-R-base,uni,log_return,21,25,2015-04-17,0.67832197886768,178.543814780262,0.8021584820437169
moirai,moe,Salesforce/moirai-moe-1.0-R-base,uni,log_return,21,26,2015-08-14,1.9512104985088259,181.4787100617804,0.8815202573423697
moirai,moe,Salesforce/moirai-moe-1.0-R-base,uni,log_return,21,27,2015-12-11,1.1987924375233148,180.76087167581346,0.7615739576673639
moirai,moe,Salesforce/moirai-moe-1.0-R-base,uni,log_return,21,28,2016-04-13,0.4494713094022056,139.7307505390462,0.9367911896601144
moirai,moe,Salesforce/moirai-moe-1.0-R-base,uni,log_return,21,29,2016-08-10,0.3470288068636474,141.1227495734097,0.9138981676329284
moirai,moe,Salesforce/moirai-moe-1.0-R-base,uni,log_return,21,30,2016-12-08,0.36948494555659417,144.5805901148568,0.782862555890207
moirai,moe,Salesforce/moirai-moe-1.0-R-base,uni,log_return,21,31,2017-04-10,0.388540154257572,173.40421197934174,0.8949272040852918
moirai,moe,Salesforce/moirai-moe-1.0-R-base,uni,log_return,21,32,2017-08-08,0.4982365556616222,136.88540620465213,0.850792815839117
moirai,moe,Salesforce/moirai-moe-1.0-R-base,uni,log_return,21,33,2017-12-05,0.4782864524777883,153.3522932421412,0.7582977732421669
moirai,moe,Salesforce/moirai-moe-1.0-R-base,uni,log_return,21,34,2018-04-06,0.8839958343143983,144.42510598750206,0.8042896853415766
moirai,moe,Salesforce/moirai-moe-1.0-R-base,uni,log_return,21,35,2018-08-03,0.5557705129388277,162.77886597413286,0.7745730963119997
moirai,moe,Salesforce/moirai-moe-1.0-R-base,uni,log_return,21,36,2018-11-30,1.9853176737250833,171.7909998420979,0.8994533595523462
moirai,moe,Salesforce/moirai-moe-1.0-R-base,uni,log_return,21,37,2019-04-03,0.38926453637794256,125.68039132667491,0.8761439737655308
moirai,moe,Salesforce/moirai-moe-1.0-R-base,uni,log_return,21,38,2019-08-01,1.3659776992874832,173.18568157287066,0.844812717263507
moirai,moe,Salesforce/moirai-moe-1.0-R-base,uni,log_return,21,39,2019-11-27,0.41370715391427765,161.2769349962114,0.7977794153257114
moirai,moe,Salesforce/moirai-moe-1.0-R-base,uni,log_return,21,40,2020-03-27,1.62278194099487,159.7141202425691,1.0310389494860936
moirai,moe,Salesforce/moirai-moe-1.0-R-base,uni,log_return,21,41,2020-07-27,0.35027226281043733,145.55016017654307,0.7364987044929889
moirai,moe,Salesforce/moirai-moe-1.0-R-base,uni,log_return,21,42,2020-11-20,0.3218865293910848,160.64907932811388,0.8204241969032626
moirai,moe,Salesforce/moirai-moe-1.0-R-base,uni,log_return,21,43,2021-03-24,0.43324972454486815,164.16587809109723,0.8058023443824326
moirai,moe,Salesforce/moirai-moe-1.0-R-base,uni,log_return,21,44,2021-07-22,0.2772509399018939,128.84535764525668,0.8351901190346215
moirai,moe,Salesforce/moirai-moe-1.0-R-base,uni,log_return,21,45,2021-11-17,0.691029439196085,165.10361577683628,0.8245225461686455
moirai,moe,Salesforce/moirai-moe-1.0-R-base,uni,log_return,21,46,2022-03-18,0.591271971412554,169.08839531386047,0.7334149372940293
moirai,moe,Salesforce/moirai-moe-1.0-R-base,uni,log_return,21,47,2022-07-19,0.7297971799121237,178.9258701168024,0.8318612887222749
moirai,moe,Salesforce/moirai-moe-1.0-R-base,uni,log_return,21,48,2022-11-14,0.677409692919494,159.63566508802901,0.8366961300148968
moirai,moe,Salesforce/moirai-moe-1.0-R-base,uni,log_return,21,49,2023-03-16,0.5378339202952996,168.9047786147747,0.8893444891457981
moirai,moe,Salesforce/moirai-moe-1.0-R-base,uni,log_return,21,50,2023-07-17,0.42840833012149493,144.1691556933123,0.8741395359307158
moirai,moe,Salesforce/moirai-moe-1.0-R-base,uni,log_return,21,51,2023-11-10,0.29005722818281704,145.95243401074057,0.9541693106446143
moirai,moe,Salesforce/moirai-moe-1.0-R-base,uni,log_return,21,52,2024-03-13,0.4416522121544651,152.0417256722366,0.8182204986390782
moirai,moe,Salesforce/moirai-moe-1.0-R-base,uni,log_return,21,53,2024-07-12,1.0340706848826386,173.9711585178295,0.8470113153588954
moirai,moe,Salesforce/moirai-moe-1.0-R-base,uni,log_return,21,54,2024-11-07,0.3311947763380396,107.87531703444787,0.7461260012863185
moirai,moe,Salesforce/moirai-moe-1.0-R-base,uni,log_return,21,55,2025-03-12,2.0819368778640497,168.21036092464982,0.8821079862054246
moirai,moe,Salesforce/moirai-moe-1.0-R-base,uni,log_return,21,56,2025-07-11,0.44674223995906454,138.6727872573789,0.8543499556316569
moirai,moe,Salesforce/moirai-moe-1.0-R-base,uni,log_return,21,57,2025-11-06,0.6500740756131116,143.7746258738503,0.8171009258921408
moirai,moe,Salesforce/moirai-moe-1.0-R-base,uni,log_return,21,58,2026-03-10,0.9593197782402911,164.37841428068094,0.8263267367842373
moirai,moe,Salesforce/moirai-moe-1.0-R-base,uni,log_return,21,59,2026-07-09,0.6508582004740288,161.17798022053776,0.8194412129462143
moirai,moe,Salesforce/moirai-moe-1.0-R-base,cov,price,5,0,2007-01-22,1.1610172563683678,0.4985618690168022,0.0038329250209853502
moirai,moe,Salesforce/moirai-moe-1.0-R-base,cov,price,5,1,2007-05-18,1.0883818341260219,0.444405696639537,0.0037837752597804286
moirai,moe,Salesforce/moirai-moe-1.0-R-base,cov,price,5,2,2007-09-17,5.235102201518381,2.535700450639247,0.02067690170749627
moirai,moe,Salesforce/moirai-moe-1.0-R-base,cov,price,5,3,2008-01-15,5.251164650682025,3.334973221454449,0.02710596425304494
moirai,moe,Salesforce/moirai-moe-1.0-R-base,cov,price,5,4,2008-05-14,1.3237380058165775,0.9317313317053932,0.007003222485368033
moirai,moe,Salesforce/moirai-moe-1.0-R-base,cov,price,5,5,2008-09-11,3.87126192161847,3.4650643967713055,0.028820220476404583
moirai,moe,Salesforce/moirai-moe-1.0-R-base,cov,price,5,6,2009-01-09,2.7865650054916022,4.773436426805385,0.03408574817883894
moirai,moe,Salesforce/moirai-moe-1.0-R-base,cov,price,5,7,2009-05-11,1.4187564183543686,2.5728045521630367,0.020086159780260918
moirai,moe,Salesforce/moirai-moe-1.0-R-base,cov,price,5,8,2009-09-08,1.0236696170894728,1.582201574208037,0.010838456298735907
moirai,moe,Salesforce/moirai-moe-1.0-R-base,cov,price,5,9,2010-01-06,0.5044298202858706,0.6717970230559993,0.005289960170843076
moirai,moe,Salesforce/moirai-moe-1.0-R-base,cov,price,5,10,2010-05-06,3.281446629088397,4.079802629794385,0.02869847376637087
moirai,moe,Salesforce/moirai-moe-1.0-R-base,cov,price,5,11,2010-09-02,0.400662283078474,0.5113012680246178,0.0060644714507361985
moirai,moe,Salesforce/moirai-moe-1.0-R-base,cov,price,5,12,2011-01-03,0.3492280996328185,0.2767070477894355,0.0030668997920258404
moirai,moe,Salesforce/moirai-moe-1.0-R-base,cov,price,5,13,2011-05-03,1.5594989669104264,1.0131331075039596,0.007490331436689661
moirai,moe,Salesforce/moirai-moe-1.0-R-base,cov,price,5,14,2011-08-30,2.82136070000159,2.2344674195799614,0.01611244681323866
moirai,moe,Salesforce/moirai-moe-1.0-R-base,cov,price,5,15,2011-12-28,3.158431665710448,2.7315251897333286,0.019402278822209202
moirai,moe,Salesforce/moirai-moe-1.0-R-base,cov,price,5,16,2012-04-27,1.3265135829972603,1.0336318394117903,0.007908776982374901
moirai,moe,Salesforce/moirai-moe-1.0-R-base,cov,price,5,17,2012-08-24,0.4384716032772287,0.32184484395437324,0.0035055050422837055
moirai,moe,Salesforce/moirai-moe-1.0-R-base,cov,price,5,18,2012-12-26,2.228819831861554,1.6026279675725001,0.012919774870314912
moirai,moe,Salesforce/moirai-moe-1.0-R-base,cov,price,5,19,2013-04-26,1.1834764469964163,0.7814665569768273,0.006204064518159463
moirai,moe,Salesforce/moirai-moe-1.0-R-base,cov,price,5,20,2013-08-22,1.7315159689424457,1.0661541783290929,0.007651323918946888
moirai,moe,Salesforce/moirai-moe-1.0-R-base,cov,price,5,21,2013-12-19,2.537895182972094,1.2046157794439354,0.00896528325877037
moirai,moe,Salesforce/moirai-moe-1.0-R-base,cov,price,5,22,2014-04-22,1.138237198930861,0.5540239119735173,0.003970621542950812
moirai,moe,Salesforce/moirai-moe-1.0-R-base,cov,price,5,23,2014-08-19,1.0039332479177452,0.4402395335766877,0.0030961070445111884
moirai,moe,Salesforce/moirai-moe-1.0-R-base,cov,price,5,24,2014-12-16,11.87327795133997,5.525139181844865,0.04914008993172211
moirai,moe,Salesforce/moirai-moe-1.0-R-base,cov,price,5,25,2015-04-17,2.15485564078202,1.0648321389660316,0.008041509867088601
moirai,moe,Salesforce/moirai-moe-1.0-R-base,cov,price,5,26,2015-08-14,4.040964117085413,2.064508495507158,0.0179299727461038
moirai,moe,Salesforce/moirai-moe-1.0-R-base,cov,price,5,27,2015-12-11,2.3790338197268452,1.4096625359954185,0.011147854148631474
moirai,moe,Salesforce/moirai-moe-1.0-R-base,cov,price,5,28,2016-04-13,1.6483701277199252,1.048775804628986,0.007862074154256736
moirai,moe,Salesforce/moirai-moe-1.0-R-base,cov,price,5,29,2016-08-10,0.9834647262749946,0.6113209826653466,0.004608409330031791
moirai,moe,Salesforce/moirai-moe-1.0-R-base,cov,price,5,30,2016-12-08,1.6014672205493903,0.9565020412202567,0.007131889595005926
moirai,moe,Salesforce/moirai-moe-1.0-R-base,cov,price,5,31,2017-04-10,0.9395712544171833,0.4913528969884121,0.0037288164312348454
moirai,moe,Salesforce/moirai-moe-1.0-R-base,cov,price,5,32,2017-08-08,1.6481943630210518,0.782630843222251,0.00664115618457606
moirai,moe,Salesforce/moirai-moe-1.0-R-base,cov,price,5,33,2017-12-05,1.999010652572474,0.7644902386024255,0.006018302719700974
moirai,moe,Salesforce/moirai-moe-1.0-R-base,cov,price,5,34,2018-04-06,2.299554823154433,0.9349878962035328,0.007201454289616672
moirai,moe,Salesforce/moirai-moe-1.0-R-base,cov,price,5,35,2018-08-03,1.3447210872948694,0.5222090771360538,0.003956387195153371
moirai,moe,Salesforce/moirai-moe-1.0-R-base,cov,price,5,36,2018-11-30,6.300449843183918,2.9375333901838925,0.024294133255137136
moirai,moe,Salesforce/moirai-moe-1.0-R-base,cov,price,5,37,2019-04-03,0.7745233100050445,0.395616483432896,0.003481427042494285
moirai,moe,Salesforce/moirai-moe-1.0-R-base,cov,price,5,38,2019-08-01,3.437193925774513,1.8810321627616835,0.01459657922876796
moirai,moe,Salesforce/moirai-moe-1.0-R-base,cov,price,5,39,2019-11-27,2.554226886461833,1.4574377952423219,0.012162956649857145
moirai,moe,Salesforce/moirai-moe-1.0-R-base,cov,price,5,40,2020-03-27,4.133493321202355,3.730879036655335,0.03194121660850467
moirai,moe,Salesforce/moirai-moe-1.0-R-base,cov,price,5,41,2020-07-27,0.7219093629153158,0.5929925553374253,0.004689274876277545
moirai,moe,Salesforce/moirai-moe-1.0-R-base,cov,price,5,42,2020-11-20,1.8129785649809445,1.4753688290006572,0.010071011553849235
moirai,moe,Salesforce/moirai-moe-1.0-R-base,cov,price,5,43,2021-03-24,1.8139442648473438,1.3719911707566226,0.010119146282062317
moirai,moe,Salesforce/moirai-moe-1.0-R-base,cov,price,5,44,2021-07-22,1.7596340075640926,1.248511995487873,0.009389251248777368
moirai,moe,Salesforce/moirai-moe-1.0-R-base,cov,price,5,45,2021-11-17,0.2796128094266462,0.18792585228161485,0.002505913464607574
moirai,moe,Salesforce/moirai-moe-1.0-R-base,cov,price,5,46,2022-03-18,0.7703511457210902,0.5962450959476506,0.005890573407636413
moirai,moe,Salesforce/moirai-moe-1.0-R-base,cov,price,5,47,2022-07-19,0.6958362959674058,0.5926329169005315,0.006611572565826906
moirai,moe,Salesforce/moirai-moe-1.0-R-base,cov,price,5,48,2022-11-14,0.4152808387592166,0.38387171607226894,0.006367279010112512
moirai,moe,Salesforce/moirai-moe-1.0-R-base,cov,price,5,49,2023-03-16,0.7545335904388865,0.7238835934963324,0.008125502316261935
moirai,moe,Salesforce/moirai-moe-1.0-R-base,cov,price,5,50,2023-07-17,0.5273941870522473,0.4451448518665047,0.004522960051355659
moirai,moe,Salesforce/moirai-moe-1.0-R-base,cov,price,5,51,2023-11-10,2.221486521236207,1.9428531643103626,0.014047339853915534
moirai,moe,Salesforce/moirai-moe-1.0-R-base,cov,price,5,52,2024-03-13,0.7745593704632778,0.54430889642567,0.004159138480705368
moirai,moe,Salesforce/moirai-moe-1.0-R-base,cov,price,5,53,2024-07-12,2.1367405986362433,1.19782729281992,0.009075114239059632
moirai,moe,Salesforce/moirai-moe-1.0-R-base,cov,price,5,54,2024-11-07,0.4424491367324707,0.2272242264958478,0.003889167751171906
moirai,moe,Salesforce/moirai-moe-1.0-R-base,cov,price,5,55,2025-03-12,1.4108273611402633,0.7796868265361463,0.006559923771807589
moirai,moe,Salesforce/moirai-moe-1.0-R-base,cov,price,5,56,2025-07-11,0.69472568131201,0.3957417425971903,0.003457214179504158
moirai,moe,Salesforce/moirai-moe-1.0-R-base,cov,price,5,57,2025-11-06,1.8958500796047,1.0296651595414272,0.008025463580031294
moirai,moe,Salesforce/moirai-moe-1.0-R-base,cov,price,5,58,2026-03-10,2.5629901565766575,1.480991916130006,0.011150619550229513
moirai,moe,Salesforce/moirai-moe-1.0-R-base,cov,price,5,59,2026-07-09,0.7135659186119425,0.40555774256044025,0.0037580294510217733
moirai,moe,Salesforce/moirai-moe-1.0-R-base,cov,simple_return,5,0,2007-01-22,0.7080583611332398,157.60205501311214,0.8699534269124222
moirai,moe,Salesforce/moirai-moe-1.0-R-base,cov,simple_return,5,1,2007-05-18,0.5389833966242212,159.81642906592194,0.8338852766720971
moirai,moe,Salesforce/moirai-moe-1.0-R-base,cov,simple_return,5,2,2007-09-17,1.235636498190676,152.9143345205452,0.7907681528774785
moirai,moe,Salesforce/moirai-moe-1.0-R-base,cov,simple_return,5,3,2008-01-15,1.5301913284603446,180.51407477248884,0.7640011449136517
moirai,moe,Salesforce/moirai-moe-1.0-R-base,cov,simple_return,5,4,2008-05-14,0.7060657383578945,170.00363489193847,0.8337713154685211
moirai,moe,Salesforce/moirai-moe-1.0-R-base,cov,simple_return,5,5,2008-09-11,2.663201884918949,196.85063277563557,0.8946593245320129
moirai,moe,Salesforce/moirai-moe-1.0-R-base,cov,simple_return,5,6,2009-01-09,0.6586460711275673,172.13407108443607,0.7556769454984859
moirai,moe,Salesforce/moirai-moe-1.0-R-base,cov,simple_return,5,7,2009-05-11,0.7757735295495651,182.220932710664,0.78291320261393
moirai,moe,Salesforce/moirai-moe-1.0-R-base,cov,simple_return,5,8,2009-09-08,0.29789153669670904,193.6369390208937,0.9576423070347181
moirai,moe,Salesforce/moirai-moe-1.0-R-base,cov,simple_return,5,9,2010-01-06,0.20059102863630945,138.0903294873443,0.7215766759840004
moirai,moe,Salesforce/moirai-moe-1.0-R-base,cov,simple_return,5,10,2010-05-06,0.8225580724398293,121.07460838432398,0.8584296197623621
moirai,moe,Salesforce/moirai-moe-1.0-R-base,cov,simple_return,5,11,2010-09-02,0.31192893577138653,145.13966345512293,0.6226793836140304
moirai,moe,Salesforce/moirai-moe-1.0-R-base,cov,simple_return,5,12,2011-01-03,0.25976973390938546,174.2984897305709,1.2300311394193995
moirai,moe,Salesforce/moirai-moe-1.0-R-base,cov,simple_return,5,13,2011-05-03,0.5742017833641352,171.47136806099485,0.7715615909277241
moirai,moe,Salesforce/moirai-moe-1.0-R-base,cov,simple_return,5,14,2011-08-30,1.4774547217082348,185.4814443790938,0.837352790677965
moirai,moe,Salesforce/moirai-moe-1.0-R-base,cov,simple_return,5,15,2011-12-28,0.4892312811485978,173.04763849372264,0.8188545716685542
moirai,moe,Salesforce/moirai-moe-1.0-R-base,cov,simple_return,5,16,2012-04-27,0.5694155602554481,187.61986541419063,0.8165903889516222
moirai,moe,Salesforce/moirai-moe-1.0-R-base,cov,simple_return,5,17,2012-08-24,0.2393919244801345,107.52942581625872,0.9690454108687917
moirai,moe,Salesforce/moirai-moe-1.0-R-base,cov,simple_return,5,18,2012-12-26,0.9780336087906855,183.54259716526548,0.8929875470923183
moirai,moe,Salesforce/moirai-moe-1.0-R-base,cov,simple_return,5,19,2013-04-26,0.6358425331058379,169.73443899675803,0.722874986399656
moirai,moe,Salesforce/moirai-moe-1.0-R-base,cov,simple_return,5,20,2013-08-22,0.5295847822584606,186.82357700265615,0.7985831266951089
moirai,moe,Salesforce/moirai-moe-1.0-R-base,cov,simple_return,5,21,2013-12-19,0.3988793717739166,177.13762781107127,0.6833440615191075
moirai,moe,Salesforce/moirai-moe-1.0-R-base,cov,simple_return,5,22,2014-04-22,0.41317966432563563,101.53122115327693,0.7853817302153784
moirai,moe,Salesforce/moirai-moe-1.0-R-base,cov,simple_return,5,23,2014-08-19,0.2398084617783272,81.55602700524315,0.6993034242727463
moirai,moe,Salesforce/moirai-moe-1.0-R-base,cov,simple_return,5,24,2014-12-16,1.7185225769008843,199.99969159106445,1.0780717823035293
moirai,moe,Salesforce/moirai-moe-1.0-R-base,cov,simple_return,5,25,2015-04-17,0.5124846034912175,158.35766002786232,0.8558685578743868
moirai,moe,Salesforce/moirai-moe-1.0-R-base,cov,simple_return,5,26,2015-08-14,1.6749407571236619,168.90299855329576,0.8335925741161667
moirai,moe,Salesforce/moirai-moe-1.0-R-base,cov,simple_return,5,27,2015-12-11,1.4293670718270004,188.47460148306692,0.7004046805499261
moirai,moe,Salesforce/moirai-moe-1.0-R-base,cov,simple_return,5,28,2016-04-13,0.18074231587800252,125.48483224355911,0.9048849497928687
moirai,moe,Salesforce/moirai-moe-1.0-R-base,cov,simple_return,5,29,2016-08-10,0.26546188033033513,127.68849905792507,0.7496963146968386
moirai,moe,Salesforce/moirai-moe-1.0-R-base,cov,simple_return,5,30,2016-12-08,0.49074780085373243,130.3057856384445,0.6717424378780082
moirai,moe,Salesforce/moirai-moe-1.0-R-base,cov,simple_return,5,31,2017-04-10,0.5488532202041574,192.96266506209327,0.7574106674924972
moirai,moe,Salesforce/moirai-moe-1.0-R-base,cov,simple_return,5,32,2017-08-08,0.6874276502904204,182.83562977418407,0.9564483553246232
moirai,moe,Salesforce/moirai-moe-1.0-R-base,cov,simple_return,5,33,2017-12-05,0.33029733353410734,148.97614526695926,0.7074795434027409
moirai,moe,Salesforce/moirai-moe-1.0-R-base,cov,simple_return,5,34,2018-04-06,1.0557612384960726,142.0933473831161,0.7861225252165381
moirai,moe,Salesforce/moirai-moe-1.0-R-base,cov,simple_return,5,35,2018-08-03,0.6411293737215757,171.9031695484395,1.0685248288018188
moirai,moe,Salesforce/moirai-moe-1.0-R-base,cov,simple_return,5,36,2018-11-30,2.189817800740755,178.60678151221242,0.9643824001177362
moirai,moe,Salesforce/moirai-moe-1.0-R-base,cov,simple_return,5,37,2019-04-03,0.37303969593631764,85.32859902574593,0.7760949717709811
moirai,moe,Salesforce/moirai-moe-1.0-R-base,cov,simple_return,5,38,2019-08-01,1.5993782821089506,176.29802362359257,0.8624980458589286
moirai,moe,Salesforce/moirai-moe-1.0-R-base,cov,simple_return,5,39,2019-11-27,0.6160674304129974,174.93227529829812,0.7859331029778198
moirai,moe,Salesforce/moirai-moe-1.0-R-base,cov,simple_return,5,40,2020-03-27,1.8570701085876986,161.88363789486868,0.6722266357822418
moirai,moe,Salesforce/moirai-moe-1.0-R-base,cov,simple_return,5,41,2020-07-27,0.478703257172553,156.01961716171851,0.6236974306064416
moirai,moe,Salesforce/moirai-moe-1.0-R-base,cov,simple_return,5,42,2020-11-20,0.34309110094665446,128.94079421929032,0.8223276241665964
moirai,moe,Salesforce/moirai-moe-1.0-R-base,cov,simple_return,5,43,2021-03-24,0.36976136850439256,152.50851153403048,0.8523107797519194
moirai,moe,Salesforce/moirai-moe-1.0-R-base,cov,simple_return,5,44,2021-07-22,0.22543434060422615,129.0759803024837,0.760685725910394
moirai,moe,Salesforce/moirai-moe-1.0-R-base,cov,simple_return,5,45,2021-11-17,0.15285954749754255,131.93474245582962,0.7989152627640818
moirai,moe,Salesforce/moirai-moe-1.0-R-base,cov,simple_return,5,46,2022-03-18,0.6578067618441565,179.69349262540172,0.7555070306310395
moirai,moe,Salesforce/moirai-moe-1.0-R-base,cov,simple_return,5,47,2022-07-19,0.6593870100114121,152.23137851991422,0.8072208641751212
moirai,moe,Salesforce/moirai-moe-1.0-R-base,cov,simple_return,5,48,2022-11-14,0.5281666352259041,171.58782004428613,0.9158908964902674
moirai,moe,Salesforce/moirai-moe-1.0-R-base,cov,simple_return,5,49,2023-03-16,0.8758269756555344,184.62290832406637,0.8214127901306791
moirai,moe,Salesforce/moirai-moe-1.0-R-base,cov,simple_return,5,50,2023-07-17,0.28551955804245704,98.18387725525582,0.8223040148306368
moirai,moe,Salesforce/moirai-moe-1.0-R-base,cov,simple_return,5,51,2023-11-10,0.36344756332052025,117.64503259346701,0.9984150547020043
moirai,moe,Salesforce/moirai-moe-1.0-R-base,cov,simple_return,5,52,2024-03-13,0.4228121906646874,160.27373271466482,0.6033142707755622
moirai,moe,Salesforce/moirai-moe-1.0-R-base,cov,simple_return,5,53,2024-07-12,0.7673095688288748,172.18880458269422,0.854324155573528
moirai,moe,Salesforce/moirai-moe-1.0-R-base,cov,simple_return,5,54,2024-11-07,0.3556405392365582,159.4629030041864,1.0215305416316554
moirai,moe,Salesforce/moirai-moe-1.0-R-base,cov,simple_return,5,55,2025-03-12,1.4421746040259615,187.81594893371408,0.807881779913691
moirai,moe,Salesforce/moirai-moe-1.0-R-base,cov,simple_return,5,56,2025-07-11,0.2747112040922826,126.948214765073,0.9102426305572201
moirai,moe,Salesforce/moirai-moe-1.0-R-base,cov,simple_return,5,57,2025-11-06,0.6545700747369341,134.4852359158555,0.8067119224726785
moirai,moe,Salesforce/moirai-moe-1.0-R-base,cov,simple_return,5,58,2026-03-10,0.7446302168631727,165.7807542331189,0.8236198594538738
moirai,moe,Salesforce/moirai-moe-1.0-R-base,cov,simple_return,5,59,2026-07-09,0.4675385022809104,174.06548462501596,0.6672236977993233
moirai,moe,Salesforce/moirai-moe-1.0-R-base,cov,log_return,5,0,2007-01-22,0.6906439880764236,169.9820841586951,0.8605131085388777
moirai,moe,Salesforce/moirai-moe-1.0-R-base,cov,log_return,5,1,2007-05-18,0.5770573358578934,161.5473609734158,0.8928726301157626
moirai,moe,Salesforce/moirai-moe-1.0-R-base,cov,log_return,5,2,2007-09-17,1.0447500133733172,125.91944775406884,0.7374921531445428
moirai,moe,Salesforce/moirai-moe-1.0-R-base,cov,log_return,5,3,2008-01-15,1.4308170552123067,158.30367121640322,0.7225111165667223
moirai,moe,Salesforce/moirai-moe-1.0-R-base,cov,log_return,5,4,2008-05-14,0.7643179789415292,180.6262936295656,0.8364233099895777
moirai,moe,Salesforce/moirai-moe-1.0-R-base,cov,log_return,5,5,2008-09-11,2.592406427675036,192.8195132521422,0.861731891127295
moirai,moe,Salesforce/moirai-moe-1.0-R-base,cov,log_return,5,6,2009-01-09,0.7483415435474767,174.62765974949318,0.8128599878851835
moirai,moe,Salesforce/moirai-moe-1.0-R-base,cov,log_return,5,7,2009-05-11,0.7278296668325397,163.64134570153564,0.7757809138279155
moirai,moe,Salesforce/moirai-moe-1.0-R-base,cov,log_return,5,8,2009-09-08,0.31685700821914264,181.4770991235984,0.9961697601739397
moirai,moe,Salesforce/moirai-moe-1.0-R-base,cov,log_return,5,9,2010-01-06,0.19799995300997553,124.1293219580673,0.8039266465614955
moirai,moe,Salesforce/moirai-moe-1.0-R-base,cov,log_return,5,10,2010-05-06,0.8140202915887511,114.90366212230629,0.8546698345253825
moirai,moe,Salesforce/moirai-moe-1.0-R-base,cov,log_return,5,11,2010-09-02,0.34073532823477615,154.00188370957127,0.6697570453985107
moirai,moe,Salesforce/moirai-moe-1.0-R-base,cov,log_return,5,12,2011-01-03,0.22733858554910297,181.11880822115165,1.1547615787047678
moirai,moe,Salesforce/moirai-moe-1.0-R-base,cov,log_return,5,13,2011-05-03,0.5023162906634446,141.22978078513947,0.6945942044745859
moirai,moe,Salesforce/moirai-moe-1.0-R-base,cov,log_return,5,14,2011-08-30,1.4585522094976646,175.32488300621657,0.9083944743654754
moirai,moe,Salesforce/moirai-moe-1.0-R-base,cov,log_return,5,15,2011-12-28,0.4758008771319852,153.32689241360015,0.7763621333626608
moirai,moe,Salesforce/moirai-moe-1.0-R-base,cov,log_return,5,16,2012-04-27,0.5979429656185172,184.0905520111323,0.8600412697529864
moirai,moe,Salesforce/moirai-moe-1.0-R-base,cov,log_return,5,17,2012-08-24,0.25021311351521275,182.78850637570372,0.8864141351756321
moirai,moe,Salesforce/moirai-moe-1.0-R-base,cov,log_return,5,18,2012-12-26,1.0140357046484436,196.92768675413046,0.9191954860733116
moirai,moe,Salesforce/moirai-moe-1.0-R-base,cov,log_return,5,19,2013-04-26,0.6579562201823337,165.42988400828568,0.756758540273816
moirai,moe,Salesforce/moirai-moe-1.0-R-base,cov,log_return,5,20,2013-08-22,0.5458422748874928,178.35290901644078,0.8473123875563058
moirai,moe,Salesforce/moirai-moe-1.0-R-base,cov,log_return,5,21,2013-12-19,0.32077560826925855,119.64403163719184,0.5908726977606173
moirai,moe,Salesforce/moirai-moe-1.0-R-base,cov,log_return,5,22,2014-04-22,0.5105923398252489,121.29346580196878,0.8687462411692224
moirai,moe,Salesforce/moirai-moe-1.0-R-base,cov,log_return,5,23,2014-08-19,0.1939068257863844,62.38324364494908,0.7778756549592762
moirai,moe,Salesforce/moirai-moe-1.0-R-base,cov,log_return,5,24,2014-12-16,1.8467765128900788,199.99975888919124,1.1275535164298045
moirai,moe,Salesforce/moirai-moe-1.0-R-base,cov,log_return,5,25,2015-04-17,0.5787554361481235,191.5355397436892,0.873236314402536
moirai,moe,Salesforce/moirai-moe-1.0-R-base,cov,log_return,5,26,2015-08-14,1.6513529934192421,154.18146803133612,0.8125349771663869
moirai,moe,Salesforce/moirai-moe-1.0-R-base,cov,log_return,5,27,2015-12-11,1.5576469851265542,192.77950372772935,0.8235977643355206
moirai,moe,Salesforce/moirai-moe-1.0-R-base,cov,log_return,5,28,2016-04-13,0.25259422218075633,150.78314120706503,1.074489908601409
moirai,moe,Salesforce/moirai-moe-1.0-R-base,cov,log_return,5,29,2016-08-10,0.31493431725827986,158.6703932080622,0.7439020966545077
moirai,moe,Salesforce/moirai-moe-1.0-R-base,cov,log_return,5,30,2016-12-08,0.5132295211041116,130.11340968834898,0.7035229547103307
moirai,moe,Salesforce/moirai-moe-1.0-R-base,cov,log_return,5,31,2017-04-10,0.5352520110433012,190.08313080153792,0.7061898195258128
moirai,moe,Salesforce/moirai-moe-1.0-R-base,cov,log_return,5,32,2017-08-08,0.6062423843532482,126.39149564285432,0.8880829969439215
moirai,moe,Salesforce/moirai-moe-1.0-R-base,cov,log_return,5,33,2017-12-05,0.33968627874180785,155.3973587775898,0.6972281181548561
moirai,moe,Salesforce/moirai-moe-1.0-R-base,cov,log_return,5,34,2018-04-06,1.1056405580178321,181.6082841812237,0.7187947255347115
moirai,moe,Salesforce/moirai-moe-1.0-R-base,cov,log_return,5,35,2018-08-03,0.593641788615107,163.93668585606923,0.9934448348826517
moirai,moe,Salesforce/moirai-moe-1.0-R-base,cov,log_return,5,36,2018-11-30,2.290262832422968,183.31334741514542,0.9631495473456998
moirai,moe,Salesforce/moirai-moe-1.0-R-base,cov,log_return,5,37,2019-04-03,0.31719505411151294,87.92284804479206,0.7168148993184479
moirai,moe,Salesforce/moirai-moe-1.0-R-base,cov,log_return,5,38,2019-08-01,1.6250217636044422,177.35375672881943,0.868621077727872
moirai,moe,Salesforce/moirai-moe-1.0-R-base,cov,log_return,5,39,2019-11-27,0.5552205996142633,150.15918080363488,0.7229959764376046
moirai,moe,Salesforce/moirai-moe-1.0-R-base,cov,log_return,5,40,2020-03-27,2.073194399885628,179.14960919672959,0.7056179553460797
moirai,moe,Salesforce/moirai-moe-1.0-R-base,cov,log_return,5,41,2020-07-27,0.45506097692558284,152.7315417847675,0.6391264163313639
moirai,moe,Salesforce/moirai-moe-1.0-R-base,cov,log_return,5,42,2020-11-20,0.4180781409126062,179.44258483933447,0.8438346218088778
moirai,moe,Salesforce/moirai-moe-1.0-R-base,cov,log_return,5,43,2021-03-24,0.3261038295552964,110.41927703288259,0.7941012934725811
moirai,moe,Salesforce/moirai-moe-1.0-R-base,cov,log_return,5,44,2021-07-22,0.20220785221136864,122.20129066925216,0.6506652426253814
moirai,moe,Salesforce/moirai-moe-1.0-R-base,cov,log_return,5,45,2021-11-17,0.13485835879890098,106.45872778328098,0.7951210500720232
moirai,moe,Salesforce/moirai-moe-1.0-R-base,cov,log_return,5,46,2022-03-18,0.5099905800262433,135.8034255156889,0.6242371295473955
moirai,moe,Salesforce/moirai-moe-1.0-R-base,cov,log_return,5,47,2022-07-19,0.6527388935253167,125.01902549570885,0.8045027373090482
moirai,moe,Salesforce/moirai-moe-1.0-R-base,cov,log_return,5,48,2022-11-14,0.49795059977640727,160.5067167694004,0.8190871645129004
moirai,moe,Salesforce/moirai-moe-1.0-R-base,cov,log_return,5,49,2023-03-16,0.9020031588240286,186.6491802016668,0.8194956984068763
moirai,moe,Salesforce/moirai-moe-1.0-R-base,cov,log_return,5,50,2023-07-17,0.2750166308090856,98.3795726976157,0.7851292695262423
moirai,moe,Salesforce/moirai-moe-1.0-R-base,cov,log_return,5,51,2023-11-10,0.385592938491605,117.22265564657644,1.136087533435801
moirai,moe,Salesforce/moirai-moe-1.0-R-base,cov,log_return,5,52,2024-03-13,0.4225829915274498,141.33815374057178,0.6201401640702898
moirai,moe,Salesforce/moirai-moe-1.0-R-base,cov,log_return,5,53,2024-07-12,0.8080583256438435,154.29241898585872,0.8937945406894161
moirai,moe,Salesforce/moirai-moe-1.0-R-base,cov,log_return,5,54,2024-11-07,0.38744352196466064,187.2676409264352,1.1016016827474064
moirai,moe,Salesforce/moirai-moe-1.0-R-base,cov,log_return,5,55,2025-03-12,1.441564871960154,188.74460710697528,0.8019784216549364
moirai,moe,Salesforce/moirai-moe-1.0-R-base,cov,log_return,5,56,2025-07-11,0.24690819058812638,130.6657441493566,0.7604109531297079
moirai,moe,Salesforce/moirai-moe-1.0-R-base,cov,log_return,5,57,2025-11-06,0.7427520955088566,119.49266139069663,0.8793784707395089
moirai,moe,Salesforce/moirai-moe-1.0-R-base,cov,log_return,5,58,2026-03-10,0.7624994287636807,175.10567678370523,0.8668323371385098
moirai,moe,Salesforce/moirai-moe-1.0-R-base,cov,log_return,5,59,2026-07-09,0.46346485216006134,152.77868804621846,0.6953420433259976
moirai,moe,Salesforce/moirai-moe-1.0-R-base,cov,price,21,0,2007-01-22,1.8370441755105889,0.7818401966186989,0.005946956451454252
moirai,moe,Salesforce/moirai-moe-1.0-R-base,cov,price,21,1,2007-05-18,2.0476098178452142,0.8349437375171171,0.007219727716582614
moirai,moe,Salesforce/moirai-moe-1.0-R-base,cov,price,21,2,2007-09-17,7.153002076982547,3.4364495638134254,0.026485918505269865
moirai,moe,Salesforce/moirai-moe-1.0-R-base,cov,price,21,3,2008-01-15,2.68380560584243,1.702518133579705,0.016475459464019026
moirai,moe,Salesforce/moirai-moe-1.0-R-base,cov,price,21,4,2008-05-14,3.8612186637761168,2.7498198719141147,0.020155105689360193
moirai,moe,Salesforce/moirai-moe-1.0-R-base,cov,price,21,5,2008-09-11,10.418907230642658,9.93728827545761,0.08325452558322516
moirai,moe,Salesforce/moirai-moe-1.0-R-base,cov,price,21,6,2009-01-09,3.1931204765179113,5.5325833337613854,0.04078978979743436
moirai,moe,Salesforce/moirai-moe-1.0-R-base,cov,price,21,7,2009-05-11,1.1223575490630466,2.015417949375858,0.020754783995379087
moirai,moe,Salesforce/moirai-moe-1.0-R-base,cov,price,21,8,2009-09-08,1.318687226710283,2.022001353511303,0.01570184552750359
moirai,moe,Salesforce/moirai-moe-1.0-R-base,cov,price,21,9,2010-01-06,2.1718143353418013,2.9543524816062745,0.021962873187077667
moirai,moe,Salesforce/moirai-moe-1.0-R-base,cov,price,21,10,2010-05-06,3.134500281250349,3.9695842227180056,0.03084350983749459
moirai,moe,Salesforce/moirai-moe-1.0-R-base,cov,price,21,11,2010-09-02,1.8019242736627272,2.2634351898767706,0.016423120411913242
moirai,moe,Salesforce/moirai-moe-1.0-R-base,cov,price,21,12,2011-01-03,0.847580642735018,0.6644057507553756,0.006552168360137245
moirai,moe,Salesforce/moirai-moe-1.0-R-base,cov,price,21,13,2011-05-03,2.5298763500313273,1.6523650585737566,0.012248547560739316
moirai,moe,Salesforce/moirai-moe-1.0-R-base,cov,price,21,14,2011-08-30,4.46092275232097,3.5484677630701573,0.02555369098878468
moirai,moe,Salesforce/moirai-moe-1.0-R-base,cov,price,21,15,2011-12-28,6.063028398261453,5.196551650197359,0.0372113157621377
moirai,moe,Salesforce/moirai-moe-1.0-R-base,cov,price,21,16,2012-04-27,6.088673663336175,4.8232408101974125,0.04043143214628256
moirai,moe,Salesforce/moirai-moe-1.0-R-base,cov,price,21,17,2012-08-24,3.479790734508745,2.5228195383797085,0.019827137604697075
moirai,moe,Salesforce/moirai-moe-1.0-R-base,cov,price,21,18,2012-12-26,5.324442285494748,3.794225718415682,0.03037189964158614
moirai,moe,Salesforce/moirai-moe-1.0-R-base,cov,price,21,19,2013-04-26,3.899911319182041,2.532576203984662,0.018681633094101025
moirai,moe,Salesforce/moirai-moe-1.0-R-base,cov,price,21,20,2013-08-22,2.299101640957842,1.3940133092415181,0.010359335214782403
moirai,moe,Salesforce/moirai-moe-1.0-R-base,cov,price,21,21,2013-12-19,2.9618253308990505,1.4043840368255698,0.010343331970108342
moirai,moe,Salesforce/moirai-moe-1.0-R-base,cov,price,21,22,2014-04-22,0.8744263289349895,0.4247807366505034,0.005399320873368852
moirai,moe,Salesforce/moirai-moe-1.0-R-base,cov,price,21,23,2014-08-19,1.02395767331136,0.44785241871682396,0.004860818442506918
moirai,moe,Salesforce/moirai-moe-1.0-R-base,cov,price,21,24,2014-12-16,6.871470480840657,3.182155396994531,0.027723798431843066
moirai,moe,Salesforce/moirai-moe-1.0-R-base,cov,price,21,25,2015-04-17,2.4123930612808215,1.192785133238026,0.009499683645336009
moirai,moe,Salesforce/moirai-moe-1.0-R-base,cov,price,21,26,2015-08-14,11.483623819241437,5.959615997055214,0.053922578771175296
moirai,moe,Salesforce/moirai-moe-1.0-R-base,cov,price,21,27,2015-12-11,4.22475109883958,2.537060735663196,0.0182885248895928
moirai,moe,Salesforce/moirai-moe-1.0-R-base,cov,price,21,28,2016-04-13,1.4408474075656317,0.921229856475336,0.007641952044264542
moirai,moe,Salesforce/moirai-moe-1.0-R-base,cov,price,21,29,2016-08-10,1.5649875902139831,0.9771527262135818,0.007493406735510262
moirai,moe,Salesforce/moirai-moe-1.0-R-base,cov,price,21,30,2016-12-08,2.3742857410266542,1.4210657359892591,0.010103128515444109
moirai,moe,Salesforce/moirai-moe-1.0-R-base,cov,price,21,31,2017-04-10,2.3090405689884803,1.1969008238143217,0.008901126782826342
moirai,moe,Salesforce/moirai-moe-1.0-R-base,cov,price,21,32,2017-08-08,2.103711571224823,0.9994225427332757,0.007993531878026221
moirai,moe,Salesforce/moirai-moe-1.0-R-base,cov,price,21,33,2017-12-05,4.707326113115133,1.7873572026817022,0.012839381251389044
moirai,moe,Salesforce/moirai-moe-1.0-R-base,cov,price,21,34,2018-04-06,2.76087125627546,1.1152540665483486,0.010031911420643629
moirai,moe,Salesforce/moirai-moe-1.0-R-base,cov,price,21,35,2018-08-03,2.503069516926105,0.9667399219151015,0.007713895346397468
moirai,moe,Salesforce/moirai-moe-1.0-R-base,cov,price,21,36,2018-11-30,16.602807509581694,7.96484530834746,0.07120112298737102
moirai,moe,Salesforce/moirai-moe-1.0-R-base,cov,price,21,37,2019-04-03,2.7549353259746328,1.4005686204974075,0.010006711459730942
moirai,moe,Salesforce/moirai-moe-1.0-R-base,cov,price,21,38,2019-08-01,3.17707199960306,1.739127677245602,0.014164650175372266
moirai,moe,Salesforce/moirai-moe-1.0-R-base,cov,price,21,39,2019-11-27,1.8348335232142277,1.0353776599931972,0.00836939900334379
moirai,moe,Salesforce/moirai-moe-1.0-R-base,cov,price,21,40,2020-03-27,3.2019624671583884,2.744420231036762,0.038981350549625274
moirai,moe,Salesforce/moirai-moe-1.0-R-base,cov,price,21,41,2020-07-27,3.0126932396157846,2.425006115342009,0.017351908689828003
moirai,moe,Salesforce/moirai-moe-1.0-R-base,cov,price,21,42,2020-11-20,3.4632436388974446,2.798917053907756,0.019585434807435846
moirai,moe,Salesforce/moirai-moe-1.0-R-base,cov,price,21,43,2021-03-24,6.290274903279817,4.669304348550321,0.03901143953008641
moirai,moe,Salesforce/moirai-moe-1.0-R-base,cov,price,21,44,2021-07-22,1.9670877104514972,1.390944329867543,0.01051268954098164
moirai,moe,Salesforce/moirai-moe-1.0-R-base,cov,price,21,45,2021-11-17,1.8759507457158369,1.273730445264014,0.010809333354121965
moirai,moe,Salesforce/moirai-moe-1.0-R-base,cov,price,21,46,2022-03-18,1.6824414607340734,1.3010081773990478,0.011381741818996323
moirai,moe,Salesforce/moirai-moe-1.0-R-base,cov,price,21,47,2022-07-19,4.1858537420682875,3.449767100935669,0.023314951051703746
moirai,moe,Salesforce/moirai-moe-1.0-R-base,cov,price,21,48,2022-11-14,1.0192796593291735,0.9345653281993845,0.01372020730722446
moirai,moe,Salesforce/moirai-moe-1.0-R-base,cov,price,21,49,2023-03-16,3.0297198742549822,2.8653878005894113,0.02015225537283743
moirai,moe,Salesforce/moirai-moe-1.0-R-base,cov,price,21,50,2023-07-17,1.2412268247460365,1.0514579070597658,0.008986205347400706
moirai,moe,Salesforce/moirai-moe-1.0-R-base,cov,price,21,51,2023-11-10,4.5943631697264395,4.003997726671911,0.02816929657470086
moirai,moe,Salesforce/moirai-moe-1.0-R-base,cov,price,21,52,2024-03-13,1.107916565987635,0.7746934204933337,0.007159982420932651
moirai,moe,Salesforce/moirai-moe-1.0-R-base,cov,price,21,53,2024-07-12,8.198337336773568,4.647205793631461,0.03973176481970333
moirai,moe,Salesforce/moirai-moe-1.0-R-base,cov,price,21,54,2024-11-07,1.682080929821571,0.8636287230086566,0.00970393308799352
moirai,moe,Salesforce/moirai-moe-1.0-R-base,cov,price,21,55,2025-03-12,6.824809510483051,3.83854652515312,0.03264869377706496
moirai,moe,Salesforce/moirai-moe-1.0-R-base,cov,price,21,56,2025-07-11,2.8006671086442947,1.590925285813934,0.011484657688469275
moirai,moe,Salesforce/moirai-moe-1.0-R-base,cov,price,21,57,2025-11-06,2.1468651866832507,1.1731088460070251,0.009974360354507055
moirai,moe,Salesforce/moirai-moe-1.0-R-base,cov,price,21,58,2026-03-10,5.508097747630399,3.2112699602960015,0.025891395121184095
moirai,moe,Salesforce/moirai-moe-1.0-R-base,cov,price,21,59,2026-07-09,2.496483810338622,1.4198587125351254,0.010612710744929216
moirai,moe,Salesforce/moirai-moe-1.0-R-base,cov,simple_return,21,0,2007-01-22,0.544507063777694,173.33719928378463,0.8503286983446231
moirai,moe,Salesforce/moirai-moe-1.0-R-base,cov,simple_return,21,1,2007-05-18,0.7412792445557067,128.6757248492045,0.7813924569882844
moirai,moe,Salesforce/moirai-moe-1.0-R-base,cov,simple_return,21,2,2007-09-17,0.756258784072924,157.07748096402477,0.7950251847217762
moirai,moe,Salesforce/moirai-moe-1.0-R-base,cov,simple_return,21,3,2008-01-15,1.2445663479425975,168.42597621395373,0.6978155759333066
moirai,moe,Salesforce/moirai-moe-1.0-R-base,cov,simple_return,21,4,2008-05-14,0.7341675579199951,150.46080466911772,0.806846103537437
moirai,moe,Salesforce/moirai-moe-1.0-R-base,cov,simple_return,21,5,2008-09-11,2.5601294114872823,169.81400516402647,0.8561769219616636
moirai,moe,Salesforce/moirai-moe-1.0-R-base,cov,simple_return,21,6,2009-01-09,1.0648283616404313,189.90977243466867,0.8535179085739609
moirai,moe,Salesforce/moirai-moe-1.0-R-base,cov,simple_return,21,7,2009-05-11,0.5228845912827148,167.53987232223065,0.8039119806179851
moirai,moe,Salesforce/moirai-moe-1.0-R-base,cov,simple_return,21,8,2009-09-08,0.38002051178645246,171.8082079806057,0.863371088384623
moirai,moe,Salesforce/moirai-moe-1.0-R-base,cov,simple_return,21,9,2010-01-06,0.41005684391318115,151.02815890100413,0.7490959806080267
moirai,moe,Salesforce/moirai-moe-1.0-R-base,cov,simple_return,21,10,2010-05-06,0.7361118403831381,142.41260716234768,0.7918992762252792
moirai,moe,Salesforce/moirai-moe-1.0-R-base,cov,simple_return,21,11,2010-09-02,0.3097616952685718,166.50509276476524,0.8415097970293296
moirai,moe,Salesforce/moirai-moe-1.0-R-base,cov,simple_return,21,12,2011-01-03,0.333248054684564,144.52377522255767,0.8432723306943078
moirai,moe,Salesforce/moirai-moe-1.0-R-base,cov,simple_return,21,13,2011-05-03,0.5342938423755064,161.09785974511956,0.7695445422965935
moirai,moe,Salesforce/moirai-moe-1.0-R-base,cov,simple_return,21,14,2011-08-30,1.1697639224206815,148.41635345996934,0.7730705439323887
moirai,moe,Salesforce/moirai-moe-1.0-R-base,cov,simple_return,21,15,2011-12-28,0.37894293450853933,170.4222553213103,1.014273243799098
moirai,moe,Salesforce/moirai-moe-1.0-R-base,cov,simple_return,21,16,2012-04-27,0.490991816514531,156.55104452311974,0.8543776630561771
moirai,moe,Salesforce/moirai-moe-1.0-R-base,cov,simple_return,21,17,2012-08-24,0.3403483913143099,141.72366510859234,0.8806779348826569
moirai,moe,Salesforce/moirai-moe-1.0-R-base,cov,simple_return,21,18,2012-12-26,0.42076029727438746,158.98125813945146,0.914901351942519
moirai,moe,Salesforce/moirai-moe-1.0-R-base,cov,simple_return,21,19,2013-04-26,0.4344305996396705,165.0624025824414,0.7651235143423241
moirai,moe,Salesforce/moirai-moe-1.0-R-base,cov,simple_return,21,20,2013-08-22,0.45547547299378116,174.76283719041496,0.748474784440746
moirai,moe,Salesforce/moirai-moe-1.0-R-base,cov,simple_return,21,21,2013-12-19,0.4237678515487674,150.8920862325991,0.7847524000813979
moirai,moe,Salesforce/moirai-moe-1.0-R-base,cov,simple_return,21,22,2014-04-22,0.49280763629640006,125.6044390899731,0.7972225504329572
moirai,moe,Salesforce/moirai-moe-1.0-R-base,cov,simple_return,21,23,2014-08-19,0.4129783803490625,129.04716661182414,0.9118781580168128
moirai,moe,Salesforce/moirai-moe-1.0-R-base,cov,simple_return,21,24,2014-12-16,1.1744145877384418,164.19082918113244,0.9041763552393568
moirai,moe,Salesforce/moirai-moe-1.0-R-base,cov,simple_return,21,25,2015-04-17,0.6536415156741406,155.45975997273644,0.7787266999260103
moirai,moe,Salesforce/moirai-moe-1.0-R-base,cov,simple_return,21,26,2015-08-14,1.9734667837049749,181.33068711985482,0.876572783752845
moirai,moe,Salesforce/moirai-moe-1.0-R-base,cov,simple_return,21,27,2015-12-11,1.2379204424598595,185.61307200062592,0.7921695982372013
moirai,moe,Salesforce/moirai-moe-1.0-R-base,cov,simple_return,21,28,2016-04-13,0.49844010849074755,151.63810361358992,0.9697035904456625
moirai,moe,Salesforce/moirai-moe-1.0-R-base,cov,simple_return,21,29,2016-08-10,0.3926623257120962,169.0786808284186,0.9497791979098209
moirai,moe,Salesforce/moirai-moe-1.0-R-base,cov,simple_return,21,30,2016-12-08,0.37497828889462353,134.13901436168553,0.8147419917124048
moirai,moe,Salesforce/moirai-moe-1.0-R-base,cov,simple_return,21,31,2017-04-10,0.36873719605523037,167.5214185266023,0.8596306139834066
moirai,moe,Salesforce/moirai-moe-1.0-R-base,cov,simple_return,21,32,2017-08-08,0.5024869032540302,147.6861221042618,0.8565173319282933
moirai,moe,Salesforce/moirai-moe-1.0-R-base,cov,simple_return,21,33,2017-12-05,0.4418661688584612,146.93414992873835,0.7287698152149366
moirai,moe,Salesforce/moirai-moe-1.0-R-base,cov,simple_return,21,34,2018-04-06,0.9857523345238427,163.38528260127282,0.8026835677564745
moirai,moe,Salesforce/moirai-moe-1.0-R-base,cov,simple_return,21,35,2018-08-03,0.5764046235950588,151.53020726965508,0.8154043476928831
moirai,moe,Salesforce/moirai-moe-1.0-R-base,cov,simple_return,21,36,2018-11-30,2.126930126573797,179.9837959317935,0.9417936687661985
moirai,moe,Salesforce/moirai-moe-1.0-R-base,cov,simple_return,21,37,2019-04-03,0.4083847274226471,134.85625801054306,0.8492874209413256
moirai,moe,Salesforce/moirai-moe-1.0-R-base,cov,simple_return,21,38,2019-08-01,1.351064581910294,173.23500774848247,0.8393047821563564
moirai,moe,Salesforce/moirai-moe-1.0-R-base,cov,simple_return,21,39,2019-11-27,0.43533912828998955,167.5062517931499,0.8316794245052206
moirai,moe,Salesforce/moirai-moe-1.0-R-base,cov,simple_return,21,40,2020-03-27,1.6622714261339637,164.7364026238367,0.7632769786933499
moirai,moe,Salesforce/moirai-moe-1.0-R-base,cov,simple_return,21,41,2020-07-27,0.2998764610185204,123.94732247097795,0.648475790065585
moirai,moe,Salesforce/moirai-moe-1.0-R-base,cov,simple_return,21,42,2020-11-20,0.3557472226745615,179.45080711708664,0.8932670962056624
moirai,moe,Salesforce/moirai-moe-1.0-R-base,cov,simple_return,21,43,2021-03-24,0.4276730722349637,151.13487560464097,0.8335135267544345
moirai,moe,Salesforce/moirai-moe-1.0-R-base,cov,simple_return,21,44,2021-07-22,0.28981866993534783,141.3300150259462,0.8722044857384481
moirai,moe,Salesforce/moirai-moe-1.0-R-base,cov,simple_return,21,45,2021-11-17,0.6568363438720322,157.23475987678742,0.787079835735148
moirai,moe,Salesforce/moirai-moe-1.0-R-base,cov,simple_return,21,46,2022-03-18,0.6510741538533218,172.05089122209378,0.8361792110653696
moirai,moe,Salesforce/moirai-moe-1.0-R-base,cov,simple_return,21,47,2022-07-19,0.7637455029967938,174.9209074189017,0.8235600868939084
moirai,moe,Salesforce/moirai-moe-1.0-R-base,cov,simple_return,21,48,2022-11-14,0.6545092865716244,149.21085346367127,0.8249105349017485
moirai,moe,Salesforce/moirai-moe-1.0-R-base,cov,simple_return,21,49,2023-03-16,0.5070020680981604,167.16523687477135,0.84281835435299
moirai,moe,Salesforce/moirai-moe-1.0-R-base,cov,simple_return,21,50,2023-07-17,0.42121672235370233,149.01887178394736,0.8926699161620534
moirai,moe,Salesforce/moirai-moe-1.0-R-base,cov,simple_return,21,51,2023-11-10,0.28566255849325867,148.4494356626803,0.9833930938242665
moirai,moe,Salesforce/moirai-moe-1.0-R-base,cov,simple_return,21,52,2024-03-13,0.4675848326699377,161.19387399062373,0.8164672073738648
moirai,moe,Salesforce/moirai-moe-1.0-R-base,cov,simple_return,21,53,2024-07-12,1.0166888520033943,166.92186757750693,0.8477143082054828
moirai,moe,Salesforce/moirai-moe-1.0-R-base,cov,simple_return,21,54,2024-11-07,0.3806188687520638,137.51222088982806,0.8102944635453725
moirai,moe,Salesforce/moirai-moe-1.0-R-base,cov,simple_return,21,55,2025-03-12,2.1090669536636364,180.0114323124138,0.892113946587188
moirai,moe,Salesforce/moirai-moe-1.0-R-base,cov,simple_return,21,56,2025-07-11,0.46764820766101317,157.3933752039633,0.8695619679089983
moirai,moe,Salesforce/moirai-moe-1.0-R-base,cov,simple_return,21,57,2025-11-06,0.667760501962859,167.6676491777315,0.8135472018644904
moirai,moe,Salesforce/moirai-moe-1.0-R-base,cov,simple_return,21,58,2026-03-10,0.9635361176361428,168.50936068539286,0.8069260238299012
moirai,moe,Salesforce/moirai-moe-1.0-R-base,cov,simple_return,21,59,2026-07-09,0.6599380255495201,159.83928949237546,0.8038026228210818
moirai,moe,Salesforce/moirai-moe-1.0-R-base,cov,log_return,21,0,2007-01-22,0.5427047143722197,172.14251843969336,0.8348466384802323
moirai,moe,Salesforce/moirai-moe-1.0-R-base,cov,log_return,21,1,2007-05-18,0.7795771640399624,134.83844499705927,0.8166130309703878
moirai,moe,Salesforce/moirai-moe-1.0-R-base,cov,log_return,21,2,2007-09-17,0.7694251775778571,153.39727810839923,0.804623064209826
moirai,moe,Salesforce/moirai-moe-1.0-R-base,cov,log_return,21,3,2008-01-15,1.3067727669438214,168.2590937201111,0.7645170655263327
moirai,moe,Salesforce/moirai-moe-1.0-R-base,cov,log_return,21,4,2008-05-14,0.7515081459698861,147.9271912452325,0.8317594905933903
moirai,moe,Salesforce/moirai-moe-1.0-R-base,cov,log_return,21,5,2008-09-11,2.602119902908788,173.25970671474786,0.8587677118755457
moirai,moe,Salesforce/moirai-moe-1.0-R-base,cov,log_return,21,6,2009-01-09,0.9945931583853114,178.9098647984579,0.7961383343948398
moirai,moe,Salesforce/moirai-moe-1.0-R-base,cov,log_return,21,7,2009-05-11,0.4986043360256576,157.1262063718048,0.8240772539216585
moirai,moe,Salesforce/moirai-moe-1.0-R-base,cov,log_return,21,8,2009-09-08,0.33662054455632034,145.38034466129935,0.7922593794880445
moirai,moe,Salesforce/moirai-moe-1.0-R-base,cov,log_return,21,9,2010-01-06,0.43883090977688205,169.01804514801938,0.797290161951095
moirai,moe,Salesforce/moirai-moe-1.0-R-base,cov,log_return,21,10,2010-05-06,0.7214569305747084,143.51447528062587,0.7746887173519843
moirai,moe,Salesforce/moirai-moe-1.0-R-base,cov,log_return,21,11,2010-09-02,0.2832218278819414,151.2757958326538,0.7862979612689556
moirai,moe,Salesforce/moirai-moe-1.0-R-base,cov,log_return,21,12,2011-01-03,0.33773913994474825,151.7628011002636,0.8262745675941332
moirai,moe,Salesforce/moirai-moe-1.0-R-base,cov,log_return,21,13,2011-05-03,0.5434169685334842,151.23036395615455,0.8004766424026948
moirai,moe,Salesforce/moirai-moe-1.0-R-base,cov,log_return,21,14,2011-08-30,1.1533752520837468,139.52940054043856,0.7692158526366815
moirai,moe,Salesforce/moirai-moe-1.0-R-base,cov,log_return,21,15,2011-12-28,0.3536665258260577,164.81206161990622,0.9372749682605759
moirai,moe,Salesforce/moirai-moe-1.0-R-base,cov,log_return,21,16,2012-04-27,0.4815577658825297,158.80805926444052,0.8178951125999675
moirai,moe,Salesforce/moirai-moe-1.0-R-base,cov,log_return,21,17,2012-08-24,0.3580422826932295,155.75039347705882,0.8895749077503657
moirai,moe,Salesforce/moirai-moe-1.0-R-base,cov,log_return,21,18,2012-12-26,0.4543329717048442,186.2463864875284,0.9442285375405377
moirai,moe,Salesforce/moirai-moe-1.0-R-base,cov,log_return,21,19,2013-04-26,0.41033127958024823,147.2970384529704,0.7598256396147822
moirai,moe,Salesforce/moirai-moe-1.0-R-base,cov,log_return,21,20,2013-08-22,0.46939749038822265,177.62906263958038,0.7658658224233009
moirai,moe,Salesforce/moirai-moe-1.0-R-base,cov,log_return,21,21,2013-12-19,0.4120827895128129,141.48559444598817,0.795116718062585
moirai,moe,Salesforce/moirai-moe-1.0-R-base,cov,log_return,21,22,2014-04-22,0.5085089018952462,130.60149512061997,0.824375960097888
moirai,moe,Salesforce/moirai-moe-1.0-R-base,cov,log_return,21,23,2014-08-19,0.43111330890889543,139.17579959434062,0.9085297221370637
moirai,moe,Salesforce/moirai-moe-1.0-R-base,cov,log_return,21,24,2014-12-16,1.1941383043978842,173.42747441585723,0.8834801594317373
moirai,moe,Salesforce/moirai-moe-1.0-R-base,cov,log_return,21,25,2015-04-17,0.6525184683807049,154.29502218994483,0.7975201201409812
moirai,moe,Salesforce/moirai-moe-1.0-R-base,cov,log_return,21,26,2015-08-14,1.977486180218703,187.43348287161854,0.8737004111056001
moirai,moe,Salesforce/moirai-moe-1.0-R-base,cov,log_return,21,27,2015-12-11,1.208297715862398,182.16541735696234,0.7751773793757109
moirai,moe,Salesforce/moirai-moe-1.0-R-base,cov,log_return,21,28,2016-04-13,0.4714922624763052,150.1677038696717,0.9229793082635656
moirai,moe,Salesforce/moirai-moe-1.0-R-base,cov,log_return,21,29,2016-08-10,0.3797278591907928,166.81872749470102,0.9158047428463024
moirai,moe,Salesforce/moirai-moe-1.0-R-base,cov,log_return,21,30,2016-12-08,0.37286901698438407,140.83680042879539,0.7864798078634606
moirai,moe,Salesforce/moirai-moe-1.0-R-base,cov,log_return,21,31,2017-04-10,0.3749608191845913,163.90117319077123,0.8472874753336231
moirai,moe,Salesforce/moirai-moe-1.0-R-base,cov,log_return,21,32,2017-08-08,0.4850444245581516,137.2427087155565,0.8622548102416955
moirai,moe,Salesforce/moirai-moe-1.0-R-base,cov,log_return,21,33,2017-12-05,0.4731124293852034,164.43988481087075,0.763380282497312
moirai,moe,Salesforce/moirai-moe-1.0-R-base,cov,log_return,21,34,2018-04-06,0.9618774481276147,146.47697875895105,0.8154905624612998
moirai,moe,Salesforce/moirai-moe-1.0-R-base,cov,log_return,21,35,2018-08-03,0.5747673126930125,154.58412194931736,0.7883477956703389
moirai,moe,Salesforce/moirai-moe-1.0-R-base,cov,log_return,21,36,2018-11-30,2.089199319092109,178.62600269951864,0.931507594774102
moirai,moe,Salesforce/moirai-moe-1.0-R-base,cov,log_return,21,37,2019-04-03,0.43253728064728014,139.15054302111406,0.9437656033708348
moirai,moe,Salesforce/moirai-moe-1.0-R-base,cov,log_return,21,38,2019-08-01,1.3414707118567235,169.02561302813132,0.8242608803473319
moirai,moe,Salesforce/moirai-moe-1.0-R-base,cov,log_return,21,39,2019-11-27,0.4286861060858913,155.64167938776768,0.8341592148715454
moirai,moe,Salesforce/moirai-moe-1.0-R-base,cov,log_return,21,40,2020-03-27,1.5663132842034964,145.95181337705714,0.7466545908890286
moirai,moe,Salesforce/moirai-moe-1.0-R-base,cov,log_return,21,41,2020-07-27,0.34329023886158305,126.69778612287675,0.7609099468692723
moirai,moe,Salesforce/moirai-moe-1.0-R-base,cov,log_return,21,42,2020-11-20,0.332105456842657,170.47886601936298,0.8824205141176158
moirai,moe,Salesforce/moirai-moe-1.0-R-base,cov,log_return,21,43,2021-03-24,0.4450504862514345,169.84702526723413,0.8833534732737784
moirai,moe,Salesforce/moirai-moe-1.0-R-base,cov,log_return,21,44,2021-07-22,0.26408311954793695,134.25955642935628,0.8449123041594445
moirai,moe,Salesforce/moirai-moe-1.0-R-base,cov,log_return,21,45,2021-11-17,0.6775283407171024,163.40240758423462,0.8182264798681079
moirai,moe,Salesforce/moirai-moe-1.0-R-base,cov,log_return,21,46,2022-03-18,0.6403779277719687,169.13957036964516,0.7778099708747592
moirai,moe,Salesforce/moirai-moe-1.0-R-base,cov,log_return,21,47,2022-07-19,0.7069705189909299,158.78895920755463,0.8233058122929442
moirai,moe,Salesforce/moirai-moe-1.0-R-base,cov,log_return,21,48,2022-11-14,0.7080499168243114,168.06372159355232,0.8486955136126935
moirai,moe,Salesforce/moirai-moe-1.0-R-base,cov,log_return,21,49,2023-03-16,0.5053387899434633,167.17275912241075,0.8801914597731482
moirai,moe,Salesforce/moirai-moe-1.0-R-base,cov,log_return,21,50,2023-07-17,0.40976256458662375,139.46994767694449,0.8366472722464734
moirai,moe,Salesforce/moirai-moe-1.0-R-base,cov,log_return,21,51,2023-11-10,0.3019042181832849,134.23183259487595,0.9819928255838756
moirai,moe,Salesforce/moirai-moe-1.0-R-base,cov,log_return,21,52,2024-03-13,0.4339822986348766,148.76696884369383,0.775049131529467
moirai,moe,Salesforce/moirai-moe-1.0-R-base,cov,log_return,21,53,2024-07-12,1.04293840478186,169.27882835951885,0.8617155002169566
moirai,moe,Salesforce/moirai-moe-1.0-R-base,cov,log_return,21,54,2024-11-07,0.4074369045845018,157.4664046369352,0.8012385506019006
moirai,moe,Salesforce/moirai-moe-1.0-R-base,cov,log_return,21,55,2025-03-12,2.1395873449929934,190.16993471699172,0.8892585399797563
moirai,moe,Salesforce/moirai-moe-1.0-R-base,cov,log_return,21,56,2025-07-11,0.4512364824264226,158.57781317937355,0.8587806404729483
moirai,moe,Salesforce/moirai-moe-1.0-R-base,cov,log_return,21,57,2025-11-06,0.6177728125162394,145.56105458963995,0.7346305464626766
moirai,moe,Salesforce/moirai-moe-1.0-R-base,cov,log_return,21,58,2026-03-10,0.9988591136093665,179.24256929070205,0.8280387284225249
moirai,moe,Salesforce/moirai-moe-1.0-R-base,cov,log_return,21,59,2026-07-09,0.6759152738876681,163.26572106328553,0.8536035378294065
moirai,2.0,Salesforce/moirai-2.0-R-small,uni,price,5,0,2007-01-22,0.8193648188310716,0.3516799019460179,0.0038015165250643856
moirai,2.0,Salesforce/moirai-2.0-R-small,uni,price,5,1,2007-05-18,0.8653944829084679,0.3537101627492132,0.0033533290475551893
moirai,2.0,Salesforce/moirai-2.0-R-small,uni,price,5,2,2007-09-17,5.246499668126821,2.541014069752652,0.020444617732444895
moirai,2.0,Salesforce/moirai-2.0-R-small,uni,price,5,3,2008-01-15,5.720707483959269,3.626903367507999,0.02900821207324856
moirai,2.0,Salesforce/moirai-2.0-R-small,uni,price,5,4,2008-05-14,1.682964270538971,1.1853390033003843,0.009088044484221507
moirai,2.0,Salesforce/moirai-2.0-R-small,uni,price,5,5,2008-09-11,4.518539894849574,4.027752846941427,0.03517061793227182
moirai,2.0,Salesforce/moirai-2.0-R-small,uni,price,5,6,2009-01-09,0.995399123588532,1.7380916623522085,0.013837806253359959
moirai,2.0,Salesforce/moirai-2.0-R-small,uni,price,5,7,2009-05-11,0.9647045796124021,1.7602272916250123,0.013928161443011055
moirai,2.0,Salesforce/moirai-2.0-R-small,uni,price,5,8,2009-09-08,0.8128863409432746,1.2539458331280433,0.008578641214811696
moirai,2.0,Salesforce/moirai-2.0-R-small,uni,price,5,9,2010-01-06,0.8835293385478022,1.1806073480333528,0.008481822914032194
moirai,2.0,Salesforce/moirai-2.0-R-small,uni,price,5,10,2010-05-06,2.240902227935348,2.76486286958936,0.021237353032602397
moirai,2.0,Salesforce/moirai-2.0-R-small,uni,price,5,11,2010-09-02,0.3513272547917073,0.4485561524450929,0.004379296946379556
moirai,2.0,Salesforce/moirai-2.0-R-small,uni,price,5,12,2011-01-03,0.18973003747669212,0.15035955105923465,0.003301457842795027
moirai,2.0,Salesforce/moirai-2.0-R-small,uni,price,5,13,2011-05-03,1.6767104335258665,1.088847294075587,0.008327349108923108
moirai,2.0,Salesforce/moirai-2.0-R-small,uni,price,5,14,2011-08-30,1.7554842822467835,1.3995057369510944,0.010906942051769843
moirai,2.0,Salesforce/moirai-2.0-R-small,uni,price,5,15,2011-12-28,1.7129498691249574,1.469751329808565,0.010568143000716047
moirai,2.0,Salesforce/moirai-2.0-R-small,uni,price,5,16,2012-04-27,0.7828753163177746,0.6115307698785002,0.005706800706279253
moirai,2.0,Salesforce/moirai-2.0-R-small,uni,price,5,17,2012-08-24,0.8075028904665642,0.5910914829914993,0.0041587709710768795
moirai,2.0,Salesforce/moirai-2.0-R-small,uni,price,5,18,2012-12-26,1.8975093200328432,1.3625329488132918,0.0102274437322707
moirai,2.0,Salesforce/moirai-2.0-R-small,uni,price,5,19,2013-04-26,1.1312635007976826,0.7467697968499161,0.005457186492377192
moirai,2.0,Salesforce/moirai-2.0-R-small,uni,price,5,20,2013-08-22,2.425118387242672,1.4887674388957717,0.01088804960138577
moirai,2.0,Salesforce/moirai-2.0-R-small,uni,price,5,21,2013-12-19,1.958408284031018,0.9280537007815785,0.006347217266246642
moirai,2.0,Salesforce/moirai-2.0-R-small,uni,price,5,22,2014-04-22,1.3986063998365275,0.6803601365831158,0.004794659772231218
moirai,2.0,Salesforce/moirai-2.0-R-small,uni,price,5,23,2014-08-19,0.7853111839120206,0.34402478619503785,0.0030074972654696623
moirai,2.0,Salesforce/moirai-2.0-R-small,uni,price,5,24,2014-12-16,8.234673896773598,3.7974569131636633,0.03278833493684889
moirai,2.0,Salesforce/moirai-2.0-R-small,uni,price,5,25,2015-04-17,1.0501328283715454,0.5172627978945091,0.0038716595400433112
moirai,2.0,Salesforce/moirai-2.0-R-small,uni,price,5,26,2015-08-14,3.633040080574111,1.8602365761842106,0.015304875875617331
moirai,2.0,Salesforce/moirai-2.0-R-small,uni,price,5,27,2015-12-11,1.8507974914352567,1.0941245111977962,0.008488140746348146
moirai,2.0,Salesforce/moirai-2.0-R-small,uni,price,5,28,2016-04-13,0.9170464451153211,0.5815638289638189,0.004523809047787168
moirai,2.0,Salesforce/moirai-2.0-R-small,uni,price,5,29,2016-08-10,0.5764629304707671,0.357746751758308,0.00279612287058599
moirai,2.0,Salesforce/moirai-2.0-R-small,uni,price,5,30,2016-12-08,1.309348597806647,0.7812292718515845,0.005569889130980811
moirai,2.0,Salesforce/moirai-2.0-R-small,uni,price,5,31,2017-04-10,1.494013031106836,0.7798370053650265,0.005522873686022157
moirai,2.0,Salesforce/moirai-2.0-R-small,uni,price,5,32,2017-08-08,2.4087085445912653,1.1409098261104236,0.009272268454602085
moirai,2.0,Salesforce/moirai-2.0-R-small,uni,price,5,33,2017-12-05,1.3838557489337902,0.5283339233621619,0.0038810657831371076
moirai,2.0,Salesforce/moirai-2.0-R-small,uni,price,5,34,2018-04-06,1.4425339665568688,0.5854275284127919,0.004870595275596452
moirai,2.0,Salesforce/moirai-2.0-R-small,uni,price,5,35,2018-08-03,0.7463254833448885,0.28940463359900254,0.0027248832579492305
moirai,2.0,Salesforce/moirai-2.0-R-small,uni,price,5,36,2018-11-30,6.850311229373403,3.1890635589066263,0.02573969135843905
moirai,2.0,Salesforce/moirai-2.0-R-small,uni,price,5,37,2019-04-03,0.519491397423781,0.26503273116699816,0.003126143210039251
moirai,2.0,Salesforce/moirai-2.0-R-small,uni,price,5,38,2019-08-01,4.292366039410904,2.341902905517142,0.018787679900061957
moirai,2.0,Salesforce/moirai-2.0-R-small,uni,price,5,39,2019-11-27,2.4773466317770647,1.4140782440743849,0.009804473557541705
moirai,2.0,Salesforce/moirai-2.0-R-small,uni,price,5,40,2020-03-27,2.3046501373832493,2.099503235652757,0.018814528611527728
moirai,2.0,Salesforce/moirai-2.0-R-small,uni,price,5,41,2020-07-27,1.1061801437728636,0.9098916280768091,0.007306684325325241
moirai,2.0,Salesforce/moirai-2.0-R-small,uni,price,5,42,2020-11-20,1.7100533525433403,1.3907893114786787,0.009788284435369068
moirai,2.0,Salesforce/moirai-2.0-R-small,uni,price,5,43,2021-03-24,1.386029831565205,1.046115698220385,0.00770556913832957
moirai,2.0,Salesforce/moirai-2.0-R-small,uni,price,5,44,2021-07-22,0.6961106683982538,0.4919265102533437,0.00400850061446799
moirai,2.0,Salesforce/moirai-2.0-R-small,uni,price,5,45,2021-11-17,0.8492194484572352,0.569135221885329,0.003985690917131655
moirai,2.0,Salesforce/moirai-2.0-R-small,uni,price,5,46,2022-03-18,1.0047651141069571,0.7781091592278399,0.005967355736704464
moirai,2.0,Salesforce/moirai-2.0-R-small,uni,price,5,47,2022-07-19,1.1028454545117172,0.9414526586222571,0.008083748980012066
moirai,2.0,Salesforce/moirai-2.0-R-small,uni,price,5,48,2022-11-14,0.33028403652592386,0.30486496200603896,0.005103250303219491
moirai,2.0,Salesforce/moirai-2.0-R-small,uni,price,5,49,2023-03-16,0.7263573854679931,0.6969395303868632,0.005835498025939569
moirai,2.0,Salesforce/moirai-2.0-R-small,uni,price,5,50,2023-07-17,0.4405517356397275,0.3716519915482955,0.003798665336289033
moirai,2.0,Salesforce/moirai-2.0-R-small,uni,price,5,51,2023-11-10,1.6262613724630208,1.4176911038712556,0.00986143028186682
moirai,2.0,Salesforce/moirai-2.0-R-small,uni,price,5,52,2024-03-13,0.9078696273075995,0.6380551590872519,0.005186651198825458
moirai,2.0,Salesforce/moirai-2.0-R-small,uni,price,5,53,2024-07-12,2.118161003474873,1.187480231935211,0.00892598665880574
moirai,2.0,Salesforce/moirai-2.0-R-small,uni,price,5,54,2024-11-07,0.868820754355185,0.44626204053228086,0.0038948710393560274
moirai,2.0,Salesforce/moirai-2.0-R-small,uni,price,5,55,2025-03-12,1.2360870819753016,0.6834573221001103,0.006844376742017213
moirai,2.0,Salesforce/moirai-2.0-R-small,uni,price,5,56,2025-07-11,0.7056727247000274,0.4019141448816441,0.0038529867054359155
moirai,2.0,Salesforce/moirai-2.0-R-small,uni,price,5,57,2025-11-06,1.9206896449789608,1.0431929789779946,0.008115528533069415
moirai,2.0,Salesforce/moirai-2.0-R-small,uni,price,5,58,2026-03-10,3.3762561025187567,1.945196989142834,0.01523325392918574
moirai,2.0,Salesforce/moirai-2.0-R-small,uni,price,5,59,2026-07-09,0.5672121621450325,0.32226437642394745,0.0037783680576709863
moirai,2.0,Salesforce/moirai-2.0-R-small,uni,simple_return,5,0,2007-01-22,0.7170337831237217,185.2415746246868,0.8032299266656862
moirai,2.0,Salesforce/moirai-2.0-R-small,uni,simple_return,5,1,2007-05-18,0.5416694416538924,161.11504581382235,0.8716340845260926
moirai,2.0,Salesforce/moirai-2.0-R-small,uni,simple_return,5,2,2007-09-17,1.224622559332624,170.09267185234063,0.759258873058975
moirai,2.0,Salesforce/moirai-2.0-R-small,uni,simple_return,5,3,2008-01-15,1.5451507097960215,194.83445758151643,0.7735982696032956
moirai,2.0,Salesforce/moirai-2.0-R-small,uni,simple_return,5,4,2008-05-14,0.6850750252857043,179.8597133806258,0.8018311647918998
moirai,2.0,Salesforce/moirai-2.0-R-small,uni,simple_return,5,5,2008-09-11,2.5694598465833556,198.3797648150111,0.8557225929923962
moirai,2.0,Salesforce/moirai-2.0-R-small,uni,simple_return,5,6,2009-01-09,0.7432897758950692,197.32993966860482,0.8696145007218332
moirai,2.0,Salesforce/moirai-2.0-R-small,uni,simple_return,5,7,2009-05-11,0.7175017866533654,191.09321910611592,0.7495439369886294
moirai,2.0,Salesforce/moirai-2.0-R-small,uni,simple_return,5,8,2009-09-08,0.20436545824057314,122.71395707472601,0.7945152784563198
moirai,2.0,Salesforce/moirai-2.0-R-small,uni,simple_return,5,9,2010-01-06,0.19610355482680844,121.65588016421236,0.8338991894359845
moirai,2.0,Salesforce/moirai-2.0-R-small,uni,simple_return,5,10,2010-05-06,0.8395785417312355,196.88041792148326,0.8228392936237714
moirai,2.0,Salesforce/moirai-2.0-R-small,uni,simple_return,5,11,2010-09-02,0.299240166499749,123.6414597595093,0.6276537642652644
moirai,2.0,Salesforce/moirai-2.0-R-small,uni,simple_return,5,12,2011-01-03,0.20596796346916185,184.98553364684753,1.1263377821519225
moirai,2.0,Salesforce/moirai-2.0-R-small,uni,simple_return,5,13,2011-05-03,0.49652557906930134,145.64510906006814,0.6766555515358914
moirai,2.0,Salesforce/moirai-2.0-R-small,uni,simple_return,5,14,2011-08-30,1.271027152798117,170.52418958338703,0.7764566581393795
moirai,2.0,Salesforce/moirai-2.0-R-small,uni,simple_return,5,15,2011-12-28,0.4945978116713433,161.60029836134996,0.8317983004514384
moirai,2.0,Salesforce/moirai-2.0-R-small,uni,simple_return,5,16,2012-04-27,0.57246822996262,190.1903533363957,0.7883131330045494
moirai,2.0,Salesforce/moirai-2.0-R-small,uni,simple_return,5,17,2012-08-24,0.2604555731393788,149.18745321110748,1.1019364693073608
moirai,2.0,Salesforce/moirai-2.0-R-small,uni,simple_return,5,18,2012-12-26,0.9502282434514199,195.83860660705034,0.8225927687310848
moirai,2.0,Salesforce/moirai-2.0-R-small,uni,simple_return,5,19,2013-04-26,0.5990541124282256,168.29570302357297,0.659990528413694
moirai,2.0,Salesforce/moirai-2.0-R-small,uni,simple_return,5,20,2013-08-22,0.4988071881364027,144.4788525147829,0.8066127180924954
moirai,2.0,Salesforce/moirai-2.0-R-small,uni,simple_return,5,21,2013-12-19,0.3791586578655047,162.67709820516376,0.6869295422367141
moirai,2.0,Salesforce/moirai-2.0-R-small,uni,simple_return,5,22,2014-04-22,0.44417948010971753,127.9900330610707,0.7458197095023196
moirai,2.0,Salesforce/moirai-2.0-R-small,uni,simple_return,5,23,2014-08-19,0.257482875991803,98.20672168812465,0.7029449023558545
moirai,2.0,Salesforce/moirai-2.0-R-small,uni,simple_return,5,24,2014-12-16,1.3577252509112416,164.10037789753918,0.8458103736715241
moirai,2.0,Salesforce/moirai-2.0-R-small,uni,simple_return,5,25,2015-04-17,0.43330308957969904,134.45974179779168,0.7136657810090973
moirai,2.0,Salesforce/moirai-2.0-R-small,uni,simple_return,5,26,2015-08-14,1.7969371395106668,191.17685388835267,0.8761816999081318
moirai,2.0,Salesforce/moirai-2.0-R-small,uni,simple_return,5,27,2015-12-11,1.4073783678818637,190.70928793729755,0.7593686204911017
moirai,2.0,Salesforce/moirai-2.0-R-small,uni,simple_return,5,28,2016-04-13,0.22435045212235277,126.55795984866786,1.13233009870935
moirai,2.0,Salesforce/moirai-2.0-R-small,uni,simple_return,5,29,2016-08-10,0.2970212450716809,159.7547131727246,0.7900275111208006
moirai,2.0,Salesforce/moirai-2.0-R-small,uni,simple_return,5,30,2016-12-08,0.5108571643307943,168.9551405273308,0.6805595100502951
moirai,2.0,Salesforce/moirai-2.0-R-small,uni,simple_return,5,31,2017-04-10,0.5717871180155499,196.04796595316708,0.7920388274069559
moirai,2.0,Salesforce/moirai-2.0-R-small,uni,simple_return,5,32,2017-08-08,0.6769715995191296,173.680844465371,0.9217133743773505
moirai,2.0,Salesforce/moirai-2.0-R-small,uni,simple_return,5,33,2017-12-05,0.3164626172839061,135.03910695497308,0.6643812956927503
moirai,2.0,Salesforce/moirai-2.0-R-small,uni,simple_return,5,34,2018-04-06,1.0301952552706715,151.39291378137503,0.7648457496542621
moirai,2.0,Salesforce/moirai-2.0-R-small,uni,simple_return,5,35,2018-08-03,0.4803523955351863,160.58556063432854,0.8081116230825867
moirai,2.0,Salesforce/moirai-2.0-R-small,uni,simple_return,5,36,2018-11-30,1.9787130118047846,186.89533180816522,0.874947154235208
moirai,2.0,Salesforce/moirai-2.0-R-small,uni,simple_return,5,37,2019-04-03,0.3311374219055157,87.06393037613178,0.8055321827792501
moirai,2.0,Salesforce/moirai-2.0-R-small,uni,simple_return,5,38,2019-08-01,1.61811945327073,169.5779617926665,0.862496618224831
moirai,2.0,Salesforce/moirai-2.0-R-small,uni,simple_return,5,39,2019-11-27,0.6263915183912239,148.5816390239532,0.7837215971503826
moirai,2.0,Salesforce/moirai-2.0-R-small,uni,simple_return,5,40,2020-03-27,1.9609312395451712,169.24789980852307,0.6416547205815912
moirai,2.0,Salesforce/moirai-2.0-R-small,uni,simple_return,5,41,2020-07-27,0.4989700097201304,150.06036372841191,0.6599189085923072
moirai,2.0,Salesforce/moirai-2.0-R-small,uni,simple_return,5,42,2020-11-20,0.357848460695414,131.31719617454283,0.7871644737531525
moirai,2.0,Salesforce/moirai-2.0-R-small,uni,simple_return,5,43,2021-03-24,0.37824158288232596,148.7621058512755,0.8041799747000795
moirai,2.0,Salesforce/moirai-2.0-R-small,uni,simple_return,5,44,2021-07-22,0.28335187268063605,139.30003348173366,0.7903695927953132
moirai,2.0,Salesforce/moirai-2.0-R-small,uni,simple_return,5,45,2021-11-17,0.13502746216395095,96.40477544456907,0.9115869563182023
moirai,2.0,Salesforce/moirai-2.0-R-small,uni,simple_return,5,46,2022-03-18,0.565411078553847,158.14203360612694,0.7192072689476787
moirai,2.0,Salesforce/moirai-2.0-R-small,uni,simple_return,5,47,2022-07-19,0.6200576938667766,187.38529762679946,0.752146691073369
moirai,2.0,Salesforce/moirai-2.0-R-small,uni,simple_return,5,48,2022-11-14,0.4384457075327078,143.12606237424419,0.9804517900541918
moirai,2.0,Salesforce/moirai-2.0-R-small,uni,simple_return,5,49,2023-03-16,0.8183358316724291,197.1661789267077,0.7121421326201758
moirai,2.0,Salesforce/moirai-2.0-R-small,uni,simple_return,5,50,2023-07-17,0.2822576623851658,122.1667760619454,0.8236048723911736
moirai,2.0,Salesforce/moirai-2.0-R-small,uni,simple_return,5,51,2023-11-10,0.32358654681949967,106.3705727037898,1.0322636597876769
moirai,2.0,Salesforce/moirai-2.0-R-small,uni,simple_return,5,52,2024-03-13,0.44899961564350876,156.41502817579322,0.6346371795684373
moirai,2.0,Salesforce/moirai-2.0-R-small,uni,simple_return,5,53,2024-07-12,0.7686550348538786,156.79264135085697,0.7916315703762096
moirai,2.0,Salesforce/moirai-2.0-R-small,uni,simple_return,5,54,2024-11-07,0.3081217723401158,127.31828181653539,1.0553976453779643
moirai,2.0,Salesforce/moirai-2.0-R-small,uni,simple_return,5,55,2025-03-12,1.3989323164887109,182.01315375337975,0.7446333648104356
moirai,2.0,Salesforce/moirai-2.0-R-small,uni,simple_return,5,56,2025-07-11,0.2522605396974166,121.35820600056053,0.8099991857535039
moirai,2.0,Salesforce/moirai-2.0-R-small,uni,simple_return,5,57,2025-11-06,0.6807914347722194,91.98355314776734,0.8724298632775025
moirai,2.0,Salesforce/moirai-2.0-R-small,uni,simple_return,5,58,2026-03-10,0.7327933203240501,180.5802126561186,0.7953430390189432
moirai,2.0,Salesforce/moirai-2.0-R-small,uni,simple_return,5,59,2026-07-09,0.427385932499503,121.62284771744496,0.6757380524609269
moirai,2.0,Salesforce/moirai-2.0-R-small,uni,log_return,5,0,2007-01-22,0.7181536202093971,185.4236671195721,0.8038224853048035
moirai,2.0,Salesforce/moirai-2.0-R-small,uni,log_return,5,1,2007-05-18,0.5428519291498382,160.96060717415236,0.8716671730144275
moirai,2.0,Salesforce/moirai-2.0-R-small,uni,log_return,5,2,2007-09-17,1.2148018322914313,169.883810352357,0.7579839924245003
moirai,2.0,Salesforce/moirai-2.0-R-small,uni,log_return,5,3,2008-01-15,1.5506709497058262,195.02940770509187,0.7737346043918079
moirai,2.0,Salesforce/moirai-2.0-R-small,uni,log_return,5,4,2008-05-14,0.6865292258289428,180.0143147166829,0.8012020007575432
moirai,2.0,Salesforce/moirai-2.0-R-small,uni,log_return,5,5,2008-09-11,2.5865228970587872,198.50295910390633,0.8561783852058045
moirai,2.0,Salesforce/moirai-2.0-R-small,uni,log_return,5,6,2009-01-09,0.7490061220008585,197.1939270225975,0.8639204573880873
moirai,2.0,Salesforce/moirai-2.0-R-small,uni,log_return,5,7,2009-05-11,0.7166441389101617,191.19608556181984,0.7510364371980802
moirai,2.0,Salesforce/moirai-2.0-R-small,uni,log_return,5,8,2009-09-08,0.19968533214146403,119.4623104619549,0.7944483370182008
moirai,2.0,Salesforce/moirai-2.0-R-small,uni,log_return,5,9,2010-01-06,0.19960338767625338,127.56597996985776,0.8431800835723983
moirai,2.0,Salesforce/moirai-2.0-R-small,uni,log_return,5,10,2010-05-06,0.8279937458753933,197.07166373364973,0.8178474890190984
moirai,2.0,Salesforce/moirai-2.0-R-small,uni,log_return,5,11,2010-09-02,0.2997020320858242,123.76891498142548,0.6301921194081237
moirai,2.0,Salesforce/moirai-2.0-R-small,uni,log_return,5,12,2011-01-03,0.20584086725508455,184.81850884826838,1.1261505206095912
moirai,2.0,Salesforce/moirai-2.0-R-small,uni,log_return,5,13,2011-05-03,0.49667440655397327,145.40790035800373,0.6764406225241506
moirai,2.0,Salesforce/moirai-2.0-R-small,uni,log_return,5,14,2011-08-30,1.2701222832903285,169.9678893251815,0.7751430790083543
moirai,2.0,Salesforce/moirai-2.0-R-small,uni,log_return,5,15,2011-12-28,0.4906635561342163,161.9550789292297,0.8298890045029219
moirai,2.0,Salesforce/moirai-2.0-R-small,uni,log_return,5,16,2012-04-27,0.5742939837216219,190.19503390588977,0.7879952260439543
moirai,2.0,Salesforce/moirai-2.0-R-small,uni,log_return,5,17,2012-08-24,0.2606113477734529,149.11451797275274,1.102824243395585
moirai,2.0,Salesforce/moirai-2.0-R-small,uni,log_return,5,18,2012-12-26,0.943290659254467,196.28581281762615,0.8213495946567437
moirai,2.0,Salesforce/moirai-2.0-R-small,uni,log_return,5,19,2013-04-26,0.5978472026962304,168.10593526035612,0.6606984886975417
moirai,2.0,Salesforce/moirai-2.0-R-small,uni,log_return,5,20,2013-08-22,0.5012643412742929,144.22204670180082,0.80688208447126
moirai,2.0,Salesforce/moirai-2.0-R-small,uni,log_return,5,21,2013-12-19,0.3782532567797982,162.3411930816519,0.6875657508580476
moirai,2.0,Salesforce/moirai-2.0-R-small,uni,log_return,5,22,2014-04-22,0.4445295222700097,127.79308774944246,0.7458643421472098
moirai,2.0,Salesforce/moirai-2.0-R-small,uni,log_return,5,23,2014-08-19,0.25675478411219593,97.8987555199755,0.7031788194247237
moirai,2.0,Salesforce/moirai-2.0-R-small,uni,log_return,5,24,2014-12-16,1.3464658113314023,164.62841469235414,0.8460953722369436
moirai,2.0,Salesforce/moirai-2.0-R-small,uni,log_return,5,25,2015-04-17,0.4320712668131166,134.49456481802684,0.7145393772846584
moirai,2.0,Salesforce/moirai-2.0-R-small,uni,log_return,5,26,2015-08-14,1.8156945724891083,191.09575297742552,0.8768240278771154
moirai,2.0,Salesforce/moirai-2.0-R-small,uni,log_return,5,27,2015-12-11,1.4113603500324903,191.72047766427565,0.759945562022406
moirai,2.0,Salesforce/moirai-2.0-R-small,uni,log_return,5,28,2016-04-13,0.22387629080637286,127.37856053238991,1.1337056061735182
moirai,2.0,Salesforce/moirai-2.0-R-small,uni,log_return,5,29,2016-08-10,0.2971814807142525,159.6900631896272,0.7908389255194102
moirai,2.0,Salesforce/moirai-2.0-R-small,uni,log_return,5,30,2016-12-08,0.5103788957055344,168.45498367964723,0.680817991335453
moirai,2.0,Salesforce/moirai-2.0-R-small,uni,log_return,5,31,2017-04-10,0.571838726888294,196.01629559325403,0.7909347891677357
moirai,2.0,Salesforce/moirai-2.0-R-small,uni,log_return,5,32,2017-08-08,0.6781580357536602,173.50228317887405,0.9219670062164264
moirai,2.0,Salesforce/moirai-2.0-R-small,uni,log_return,5,33,2017-12-05,0.3156041536560393,134.74796607082004,0.6638212795412259
moirai,2.0,Salesforce/moirai-2.0-R-small,uni,log_return,5,34,2018-04-06,1.0262235387352514,151.1727958098172,0.7663567571648886
moirai,2.0,Salesforce/moirai-2.0-R-small,uni,log_return,5,35,2018-08-03,0.4808204990128077,160.30160056059685,0.8079833142065356
moirai,2.0,Salesforce/moirai-2.0-R-small,uni,log_return,5,36,2018-11-30,1.9988512020293374,186.17823793290788,0.8759559328795865
moirai,2.0,Salesforce/moirai-2.0-R-small,uni,log_return,5,37,2019-04-03,0.3307462128776707,86.95417803130064,0.8068070696097727
moirai,2.0,Salesforce/moirai-2.0-R-small,uni,log_return,5,38,2019-08-01,1.6221325875965218,170.1618320388988,0.8628405702769154
moirai,2.0,Salesforce/moirai-2.0-R-small,uni,log_return,5,39,2019-11-27,0.6270721123820178,147.54211761999102,0.785962937397508
moirai,2.0,Salesforce/moirai-2.0-R-small,uni,log_return,5,40,2020-03-27,1.9698737805491513,169.17433875577518,0.6452233525102338
moirai,2.0,Salesforce/moirai-2.0-R-small,uni,log_return,5,41,2020-07-27,0.49687971641983747,150.3034784157561,0.6600425671361966
moirai,2.0,Salesforce/moirai-2.0-R-small,uni,log_return,5,42,2020-11-20,0.3572800907739994,131.67744739429753,0.78738216144818
moirai,2.0,Salesforce/moirai-2.0-R-small,uni,log_return,5,43,2021-03-24,0.3752459266982612,148.20364708458297,0.8079622415624687
moirai,2.0,Salesforce/moirai-2.0-R-small,uni,log_return,5,44,2021-07-22,0.28087870284627364,138.57677883583105,0.7874914116101334
moirai,2.0,Salesforce/moirai-2.0-R-small,uni,log_return,5,45,2021-11-17,0.1341900954880697,95.45831208306662,0.9085633034401014
moirai,2.0,Salesforce/moirai-2.0-R-small,uni,log_return,5,46,2022-03-18,0.5653907312172186,158.40920123713403,0.7200790260216262
moirai,2.0,Salesforce/moirai-2.0-R-small,uni,log_return,5,47,2022-07-19,0.6186975443285722,186.02593936681882,0.7505287380702468
moirai,2.0,Salesforce/moirai-2.0-R-small,uni,log_return,5,48,2022-11-14,0.43764059808175143,142.64332152878927,0.977865234449072
moirai,2.0,Salesforce/moirai-2.0-R-small,uni,log_return,5,49,2023-03-16,0.8188607605336142,197.17282179607278,0.7116298008039933
moirai,2.0,Salesforce/moirai-2.0-R-small,uni,log_return,5,50,2023-07-17,0.2824468030960131,122.56515605300184,0.8263575254142735
moirai,2.0,Salesforce/moirai-2.0-R-small,uni,log_return,5,51,2023-11-10,0.3212834315358144,106.78605506275527,1.0330430612359924
moirai,2.0,Salesforce/moirai-2.0-R-small,uni,log_return,5,52,2024-03-13,0.4486984497287746,156.61200179899217,0.6350150122666216
moirai,2.0,Salesforce/moirai-2.0-R-small,uni,log_return,5,53,2024-07-12,0.7710544317463283,156.15068615669801,0.7909883119048783
moirai,2.0,Salesforce/moirai-2.0-R-small,uni,log_return,5,54,2024-11-07,0.30685469590912673,126.75746741947773,1.0518157324158524
moirai,2.0,Salesforce/moirai-2.0-R-small,uni,log_return,5,55,2025-03-12,1.3955169613000575,181.85514923297384,0.743987102912534
moirai,2.0,Salesforce/moirai-2.0-R-small,uni,log_return,5,56,2025-07-11,0.2522848027884972,121.21631533205482,0.8120117673524203
moirai,2.0,Salesforce/moirai-2.0-R-small,uni,log_return,5,57,2025-11-06,0.6822729938497514,92.37039482974193,0.8726458535719773
moirai,2.0,Salesforce/moirai-2.0-R-small,uni,log_return,5,58,2026-03-10,0.7339546730775209,179.80490211890518,0.7945861226223792
moirai,2.0,Salesforce/moirai-2.0-R-small,uni,log_return,5,59,2026-07-09,0.42919488946338946,121.87567921011653,0.6768853341288288
moirai,2.0,Salesforce/moirai-2.0-R-small,uni,price,21,0,2007-01-22,2.936641382293742,1.2532284802318843,0.008843345635834962
moirai,2.0,Salesforce/moirai-2.0-R-small,uni,price,21,1,2007-05-18,1.6325934610556883,0.6669858783090535,0.0060859204842397575
moirai,2.0,Salesforce/moirai-2.0-R-small,uni,price,21,2,2007-09-17,6.6700983195482095,3.200471591910803,0.024336283461140647
moirai,2.0,Salesforce/moirai-2.0-R-small,uni,price,21,3,2008-01-15,4.214209464125915,2.6622911242401894,0.01976922206617872
moirai,2.0,Salesforce/moirai-2.0-R-small,uni,price,21,4,2008-05-14,1.3356982065452454,0.9585804741916121,0.008215553737360895
moirai,2.0,Salesforce/moirai-2.0-R-small,uni,price,21,5,2008-09-11,4.579904800715793,4.563301125370675,0.0360230221807978
moirai,2.0,Salesforce/moirai-2.0-R-small,uni,price,21,6,2009-01-09,1.4279438487998894,2.5256929001022552,0.020225597506014735
moirai,2.0,Salesforce/moirai-2.0-R-small,uni,price,21,7,2009-05-11,1.2405661455521242,2.224329060561581,0.016432202059458674
moirai,2.0,Salesforce/moirai-2.0-R-small,uni,price,21,8,2009-09-08,1.146786845941309,1.7557412071592708,0.013002817607869593
moirai,2.0,Salesforce/moirai-2.0-R-small,uni,price,21,9,2010-01-06,1.178810585045808,1.6120910826638475,0.011933905070608574
moirai,2.0,Salesforce/moirai-2.0-R-small,uni,price,21,10,2010-05-06,1.5504141851394921,1.9709418828947987,0.0149040248662914
moirai,2.0,Salesforce/moirai-2.0-R-small,uni,price,21,11,2010-09-02,0.8245468075047732,1.0293385931176966,0.00795126161684622
moirai,2.0,Salesforce/moirai-2.0-R-small,uni,price,21,12,2011-01-03,1.7477977822928554,1.3773502678882656,0.01006255571702635
moirai,2.0,Salesforce/moirai-2.0-R-small,uni,price,21,13,2011-05-03,2.9475390635853125,1.9236602396763742,0.013592630842440149
moirai,2.0,Salesforce/moirai-2.0-R-small,uni,price,21,14,2011-08-30,2.8313442416359753,2.2958599552467938,0.01860276043559843
moirai,2.0,Salesforce/moirai-2.0-R-small,uni,price,21,15,2011-12-28,3.2369145531066557,2.7365564045639967,0.018868357672972833
moirai,2.0,Salesforce/moirai-2.0-R-small,uni,price,21,16,2012-04-27,1.4221120421080906,1.154440228701258,0.0094208785823566
moirai,2.0,Salesforce/moirai-2.0-R-small,uni,price,21,17,2012-08-24,1.8366462372787156,1.3208730872245111,0.009233751423525841
moirai,2.0,Salesforce/moirai-2.0-R-small,uni,price,21,18,2012-12-26,3.6284556138023807,2.567536804999304,0.017511156555249513
moirai,2.0,Salesforce/moirai-2.0-R-small,uni,price,21,19,2013-04-26,4.409573250320097,2.8688735098620133,0.020888364894314542
moirai,2.0,Salesforce/moirai-2.0-R-small,uni,price,21,20,2013-08-22,1.9050321427165824,1.1570036436517666,0.009510671373852898
moirai,2.0,Salesforce/moirai-2.0-R-small,uni,price,21,21,2013-12-19,2.1481873966864113,1.0162230815533306,0.00782200016007428
moirai,2.0,Salesforce/moirai-2.0-R-small,uni,price,21,22,2014-04-22,2.332006905543059,1.1261657332748476,0.008120359227935239
moirai,2.0,Salesforce/moirai-2.0-R-small,uni,price,21,23,2014-08-19,0.9788699690918164,0.4280254048975873,0.005155311035239125
moirai,2.0,Salesforce/moirai-2.0-R-small,uni,price,21,24,2014-12-16,5.700645342237422,2.6261377958131416,0.022214166255073144
moirai,2.0,Salesforce/moirai-2.0-R-small,uni,price,21,25,2015-04-17,1.1560373121547367,0.569359009832787,0.005672062866519272
moirai,2.0,Salesforce/moirai-2.0-R-small,uni,price,21,26,2015-08-14,9.654494856291837,5.039143443789805,0.04219315624010276
moirai,2.0,Salesforce/moirai-2.0-R-small,uni,price,21,27,2015-12-11,3.2444570962032038,1.9531286621519854,0.01429231500131455
moirai,2.0,Salesforce/moirai-2.0-R-small,uni,price,21,28,2016-04-13,0.8830894245241988,0.5632138052476233,0.0059819056043630345
moirai,2.0,Salesforce/moirai-2.0-R-small,uni,price,21,29,2016-08-10,0.6431897402340957,0.4007998353140207,0.0038664031433136114
moirai,2.0,Salesforce/moirai-2.0-R-small,uni,price,21,30,2016-12-08,1.3505617848406357,0.8050734838658549,0.006254894055133416
moirai,2.0,Salesforce/moirai-2.0-R-small,uni,price,21,31,2017-04-10,1.470437735385692,0.7611362348252281,0.005532444674360133
moirai,2.0,Salesforce/moirai-2.0-R-small,uni,price,21,32,2017-08-08,3.473164021735072,1.6432081920870447,0.012759419498309006
moirai,2.0,Salesforce/moirai-2.0-R-small,uni,price,21,33,2017-12-05,4.20435720569604,1.5941419057518496,0.011353856513610783
moirai,2.0,Salesforce/moirai-2.0-R-small,uni,price,21,34,2018-04-06,2.3018561623932925,0.9271768876012061,0.007708214068942574
moirai,2.0,Salesforce/moirai-2.0-R-small,uni,price,21,35,2018-08-03,1.4775525042993989,0.5706903403420562,0.00539251589510754
moirai,2.0,Salesforce/moirai-2.0-R-small,uni,price,21,36,2018-11-30,18.273068161474374,8.721655814697849,0.08046202292248454
moirai,2.0,Salesforce/moirai-2.0-R-small,uni,price,21,37,2019-04-03,3.249008454981051,1.6546292079598315,0.011416360755673606
moirai,2.0,Salesforce/moirai-2.0-R-small,uni,price,21,38,2019-08-01,4.14144034775655,2.260386451891194,0.016587447525981538
moirai,2.0,Salesforce/moirai-2.0-R-small,uni,price,21,39,2019-11-27,2.4857860664105957,1.4029818364318316,0.009972931526324289
moirai,2.0,Salesforce/moirai-2.0-R-small,uni,price,21,40,2020-03-27,10.344964958335586,9.06477813355097,0.06906192669982064
moirai,2.0,Salesforce/moirai-2.0-R-small,uni,price,21,41,2020-07-27,5.34169985681049,4.352556850582017,0.031447732876046935
moirai,2.0,Salesforce/moirai-2.0-R-small,uni,price,21,42,2020-11-20,3.9239633237413285,3.177067234809668,0.021669197556765923
moirai,2.0,Salesforce/moirai-2.0-R-small,uni,price,21,43,2021-03-24,5.46040573201971,4.037845564874071,0.028507374130496126
moirai,2.0,Salesforce/moirai-2.0-R-small,uni,price,21,44,2021-07-22,0.792320903672406,0.5571593084922093,0.005875330462577308
moirai,2.0,Salesforce/moirai-2.0-R-small,uni,price,21,45,2021-11-17,2.491844996876946,1.685737708651522,0.012713004119362714
moirai,2.0,Salesforce/moirai-2.0-R-small,uni,price,21,46,2022-03-18,1.7743272232873755,1.373665313706662,0.010891159874381792
moirai,2.0,Salesforce/moirai-2.0-R-small,uni,price,21,47,2022-07-19,5.696686323948534,4.734967438866694,0.03575050352176021
moirai,2.0,Salesforce/moirai-2.0-R-small,uni,price,21,48,2022-11-14,2.7579314597231472,2.568534702505886,0.017969867535967018
moirai,2.0,Salesforce/moirai-2.0-R-small,uni,price,21,49,2023-03-16,1.8627126581964233,1.7479086201860103,0.012884491233873873
moirai,2.0,Salesforce/moirai-2.0-R-small,uni,price,21,50,2023-07-17,1.270493047184978,1.0758143678369116,0.008208024216800324
moirai,2.0,Salesforce/moirai-2.0-R-small,uni,price,21,51,2023-11-10,3.005057537217966,2.59774384067802,0.017344637468046424
moirai,2.0,Salesforce/moirai-2.0-R-small,uni,price,21,52,2024-03-13,1.2688539698712216,0.8883190764589763,0.008277189176278923
moirai,2.0,Salesforce/moirai-2.0-R-small,uni,price,21,53,2024-07-12,8.117544727079162,4.6032351597932,0.03920755608906354
moirai,2.0,Salesforce/moirai-2.0-R-small,uni,price,21,54,2024-11-07,1.5803296352057057,0.8120970815011473,0.008229794220924022
moirai,2.0,Salesforce/moirai-2.0-R-small,uni,price,21,55,2025-03-12,6.351493307165184,3.5852093594080188,0.031091416142645836
moirai,2.0,Salesforce/moirai-2.0-R-small,uni,price,21,56,2025-07-11,4.185206411544107,2.3916541026820197,0.016483198947428425
moirai,2.0,Salesforce/moirai-2.0-R-small,uni,price,21,57,2025-11-06,2.8034517289986582,1.532510448570557,0.011150285606765483
moirai,2.0,Salesforce/moirai-2.0-R-small,uni,price,21,58,2026-03-10,7.575966423615086,4.382580632455422,0.03655206488684329
moirai,2.0,Salesforce/moirai-2.0-R-small,uni,price,21,59,2026-07-09,2.5190526725847673,1.4326704256822869,0.010452433065164489
moirai,2.0,Salesforce/moirai-2.0-R-small,uni,simple_return,21,0,2007-01-22,0.516163799559066,163.12283499342593,0.7807324503416287
moirai,2.0,Salesforce/moirai-2.0-R-small,uni,simple_return,21,1,2007-05-18,0.7654375224636263,143.52241755979026,0.8100915670727876
moirai,2.0,Salesforce/moirai-2.0-R-small,uni,simple_return,21,2,2007-09-17,0.7750993580646174,170.54510175376626,0.765933899396625
moirai,2.0,Salesforce/moirai-2.0-R-small,uni,simple_return,21,3,2008-01-15,1.2984649541220104,196.73028697375165,0.7428324536149599
moirai,2.0,Salesforce/moirai-2.0-R-small,uni,simple_return,21,4,2008-05-14,0.763571626980644,179.3370131795379,0.8202480518784162
moirai,2.0,Salesforce/moirai-2.0-R-small,uni,simple_return,21,5,2008-09-11,2.597076826197934,191.11769709188872,0.859092257524109
moirai,2.0,Salesforce/moirai-2.0-R-small,uni,simple_return,21,6,2009-01-09,1.0287189849283043,186.7146504705122,0.8149483161493465
moirai,2.0,Salesforce/moirai-2.0-R-small,uni,simple_return,21,7,2009-05-11,0.5147438392441978,183.63839501142886,0.8312878461040358
moirai,2.0,Salesforce/moirai-2.0-R-small,uni,simple_return,21,8,2009-09-08,0.35194256430613335,152.46993421339877,0.8150417238163996
moirai,2.0,Salesforce/moirai-2.0-R-small,uni,simple_return,21,9,2010-01-06,0.4257288749254441,162.55206914165439,0.7700880490649704
moirai,2.0,Salesforce/moirai-2.0-R-small,uni,simple_return,21,10,2010-05-06,0.7661588589205562,181.16272379589955,0.8243209976276936
moirai,2.0,Salesforce/moirai-2.0-R-small,uni,simple_return,21,11,2010-09-02,0.2978504351528794,155.06678886854186,0.8043630073722402
moirai,2.0,Salesforce/moirai-2.0-R-small,uni,simple_return,21,12,2011-01-03,0.31704894864327754,146.9339174344571,0.8142452304929193
moirai,2.0,Salesforce/moirai-2.0-R-small,uni,simple_return,21,13,2011-05-03,0.546430366521348,154.37401592141566,0.7734964373829781
moirai,2.0,Salesforce/moirai-2.0-R-small,uni,simple_return,21,14,2011-08-30,1.1889334855642075,180.48391059494205,0.7626389169186619
moirai,2.0,Salesforce/moirai-2.0-R-small,uni,simple_return,21,15,2011-12-28,0.3316060707275363,149.46320753755361,0.9383525697443452
moirai,2.0,Salesforce/moirai-2.0-R-small,uni,simple_return,21,16,2012-04-27,0.4770924094792187,165.6694990866494,0.8191613538598224
moirai,2.0,Salesforce/moirai-2.0-R-small,uni,simple_return,21,17,2012-08-24,0.3677861820673322,162.03733065294438,0.9896520874575538
moirai,2.0,Salesforce/moirai-2.0-R-small,uni,simple_return,21,18,2012-12-26,0.4069559633966444,177.24084827687307,0.9084418480040851
moirai,2.0,Salesforce/moirai-2.0-R-small,uni,simple_return,21,19,2013-04-26,0.41672060478581446,166.40795059471364,0.7241287256619889
moirai,2.0,Salesforce/moirai-2.0-R-small,uni,simple_return,21,20,2013-08-22,0.4444045506776457,158.43941722860902,0.7511855209698363
moirai,2.0,Salesforce/moirai-2.0-R-small,uni,simple_return,21,21,2013-12-19,0.4339314271711138,159.3799677806081,0.8184797822942872
moirai,2.0,Salesforce/moirai-2.0-R-small,uni,simple_return,21,22,2014-04-22,0.49414991195285546,139.21208046451406,0.7730418649121271
moirai,2.0,Salesforce/moirai-2.0-R-small,uni,simple_return,21,23,2014-08-19,0.36829709007049366,140.95222852988354,0.8076380123414332
moirai,2.0,Salesforce/moirai-2.0-R-small,uni,simple_return,21,24,2014-12-16,1.0996579071506196,177.55496091763507,0.8359779469317403
moirai,2.0,Salesforce/moirai-2.0-R-small,uni,simple_return,21,25,2015-04-17,0.6348336014115434,153.75435792683777,0.761221397315243
moirai,2.0,Salesforce/moirai-2.0-R-small,uni,simple_return,21,26,2015-08-14,1.95283723505514,174.28185188174982,0.877012804047471
moirai,2.0,Salesforce/moirai-2.0-R-small,uni,simple_return,21,27,2015-12-11,1.1846515450180102,186.38215977867253,0.7780526934828547
moirai,2.0,Salesforce/moirai-2.0-R-small,uni,simple_return,21,28,2016-04-13,0.42769489950909373,158.94679393658433,0.8871202723948579
moirai,2.0,Salesforce/moirai-2.0-R-small,uni,simple_return,21,29,2016-08-10,0.3716529616894125,181.78848704260875,0.9482308718604562
moirai,2.0,Salesforce/moirai-2.0-R-small,uni,simple_return,21,30,2016-12-08,0.37606933736531634,168.8255655382949,0.8003289279781899
moirai,2.0,Salesforce/moirai-2.0-R-small,uni,simple_return,21,31,2017-04-10,0.36684520160990364,159.49361079993446,0.8324597008628825
moirai,2.0,Salesforce/moirai-2.0-R-small,uni,simple_return,21,32,2017-08-08,0.505067662783017,150.8960316142671,0.851523022087356
moirai,2.0,Salesforce/moirai-2.0-R-small,uni,simple_return,21,33,2017-12-05,0.47479675416107747,157.1254376611118,0.7347865185722475
moirai,2.0,Salesforce/moirai-2.0-R-small,uni,simple_return,21,34,2018-04-06,0.9215730073811012,147.55772193007007,0.7823268553688094
moirai,2.0,Salesforce/moirai-2.0-R-small,uni,simple_return,21,35,2018-08-03,0.5583444402096758,158.78921774399936,0.754967310706649
moirai,2.0,Salesforce/moirai-2.0-R-small,uni,simple_return,21,36,2018-11-30,1.9523094519381394,182.43099545538618,0.8810887338629843
moirai,2.0,Salesforce/moirai-2.0-R-small,uni,simple_return,21,37,2019-04-03,0.3734073805675689,121.40208863082023,0.9813418522805014
moirai,2.0,Salesforce/moirai-2.0-R-small,uni,simple_return,21,38,2019-08-01,1.3381446054668926,173.8672994693478,0.8421379829161052
moirai,2.0,Salesforce/moirai-2.0-R-small,uni,simple_return,21,39,2019-11-27,0.4309524301227612,146.79103158780424,0.8519401778062652
moirai,2.0,Salesforce/moirai-2.0-R-small,uni,simple_return,21,40,2020-03-27,1.6848246831211393,175.49084894721244,0.7346090170631014
moirai,2.0,Salesforce/moirai-2.0-R-small,uni,simple_return,21,41,2020-07-27,0.3148765460283424,112.84921994212856,0.7118344490564164
moirai,2.0,Salesforce/moirai-2.0-R-small,uni,simple_return,21,42,2020-11-20,0.3272890092724582,146.92809606310118,0.8742707818089174
moirai,2.0,Salesforce/moirai-2.0-R-small,uni,simple_return,21,43,2021-03-24,0.4028597129851126,147.69870878457695,0.7548914055039384
moirai,2.0,Salesforce/moirai-2.0-R-small,uni,simple_return,21,44,2021-07-22,0.2679821236878012,127.02753966376339,0.8085852800590503
moirai,2.0,Salesforce/moirai-2.0-R-small,uni,simple_return,21,45,2021-11-17,0.6726967366308464,157.18375346375174,0.8006466315835589
moirai,2.0,Salesforce/moirai-2.0-R-small,uni,simple_return,21,46,2022-03-18,0.6078995251865839,165.35568783300096,0.749037346037062
moirai,2.0,Salesforce/moirai-2.0-R-small,uni,simple_return,21,47,2022-07-19,0.6955062774725793,190.01291922214975,0.8157702651501911
moirai,2.0,Salesforce/moirai-2.0-R-small,uni,simple_return,21,48,2022-11-14,0.6496923453582543,142.8806618018071,0.8830354631222547
moirai,2.0,Salesforce/moirai-2.0-R-small,uni,simple_return,21,49,2023-03-16,0.5036056293760195,185.64579335082868,0.8734677878536979
moirai,2.0,Salesforce/moirai-2.0-R-small,uni,simple_return,21,50,2023-07-17,0.4007870169768688,153.6450813548234,0.8576616093501767
moirai,2.0,Salesforce/moirai-2.0-R-small,uni,simple_return,21,51,2023-11-10,0.2750540581588469,140.83107316227472,0.9443961575698414
moirai,2.0,Salesforce/moirai-2.0-R-small,uni,simple_return,21,52,2024-03-13,0.45545820930586356,151.0061589439631,0.7900237542189292
moirai,2.0,Salesforce/moirai-2.0-R-small,uni,simple_return,21,53,2024-07-12,1.0354229238611365,167.07353970107738,0.83469590778893
moirai,2.0,Salesforce/moirai-2.0-R-small,uni,simple_return,21,54,2024-11-07,0.3712085302039445,124.3098633358733,0.8321216699436544
moirai,2.0,Salesforce/moirai-2.0-R-small,uni,simple_return,21,55,2025-03-12,2.102611955582082,169.5633721733262,0.8849860111470041
moirai,2.0,Salesforce/moirai-2.0-R-small,uni,simple_return,21,56,2025-07-11,0.46256412804630453,143.85136010461122,0.8510726561668315
moirai,2.0,Salesforce/moirai-2.0-R-small,uni,simple_return,21,57,2025-11-06,0.6277494509724091,125.25021001987872,0.7797422200224207
moirai,2.0,Salesforce/moirai-2.0-R-small,uni,simple_return,21,58,2026-03-10,0.9553880523284228,166.33064050252867,0.8012055032797253
moirai,2.0,Salesforce/moirai-2.0-R-small,uni,simple_return,21,59,2026-07-09,0.6485041102788426,149.1977535050332,0.7829820034053511
moirai,2.0,Salesforce/moirai-2.0-R-small,uni,log_return,21,0,2007-01-22,0.5162813637237216,163.56089425494557,0.7811592048893777
moirai,2.0,Salesforce/moirai-2.0-R-small,uni,log_return,21,1,2007-05-18,0.7660159819050952,143.43734748790783,0.8103029024717606
moirai,2.0,Salesforce/moirai-2.0-R-small,uni,log_return,21,2,2007-09-17,0.7720751950709416,170.37176174882808,0.7652203285388139
moirai,2.0,Salesforce/moirai-2.0-R-small,uni,log_return,21,3,2008-01-15,1.3001812654692648,196.7582806143197,0.7433855082101014
moirai,2.0,Salesforce/moirai-2.0-R-small,uni,log_return,21,4,2008-05-14,0.7654528054569099,179.27571203158155,0.820290147306176
moirai,2.0,Salesforce/moirai-2.0-R-small,uni,log_return,21,5,2008-09-11,2.6347488717545424,191.19186466943023,0.8602490512011308
moirai,2.0,Salesforce/moirai-2.0-R-small,uni,log_return,21,6,2009-01-09,1.033058534474522,186.54750806890402,0.8147163476159079
moirai,2.0,Salesforce/moirai-2.0-R-small,uni,log_return,21,7,2009-05-11,0.5127217617078833,183.84461540021104,0.8309844322778049
moirai,2.0,Salesforce/moirai-2.0-R-small,uni,log_return,21,8,2009-09-08,0.34969467894527323,150.7192241426872,0.8159098930037044
moirai,2.0,Salesforce/moirai-2.0-R-small,uni,log_return,21,9,2010-01-06,0.42750914312882016,165.536082198194,0.7695217884459543
moirai,2.0,Salesforce/moirai-2.0-R-small,uni,log_return,21,10,2010-05-06,0.7645715863421831,181.38894098318664,0.8216388474266574
moirai,2.0,Salesforce/moirai-2.0-R-small,uni,log_return,21,11,2010-09-02,0.2966297939034335,154.8303109573951,0.8044449945301361
moirai,2.0,Salesforce/moirai-2.0-R-small,uni,log_return,21,12,2011-01-03,0.31676419474741047,146.76835079722665,0.8143763415579894
moirai,2.0,Salesforce/moirai-2.0-R-small,uni,log_return,21,13,2011-05-03,0.5480094539979229,154.33174428762214,0.7735502614255204
moirai,2.0,Salesforce/moirai-2.0-R-small,uni,log_return,21,14,2011-08-30,1.1914713453269,180.09859141383328,0.762870144328342
moirai,2.0,Salesforce/moirai-2.0-R-small,uni,log_return,21,15,2011-12-28,0.33056621489723637,148.96949930232793,0.9359757461753284
moirai,2.0,Salesforce/moirai-2.0-R-small,uni,log_return,21,16,2012-04-27,0.4775882809784514,165.6324454778207,0.8185913413876262
moirai,2.0,Salesforce/moirai-2.0-R-small,uni,log_return,21,17,2012-08-24,0.3666130193865338,162.28682340212066,0.9917027299128508
moirai,2.0,Salesforce/moirai-2.0-R-small,uni,log_return,21,18,2012-12-26,0.40501790363935614,177.95578329859882,0.9106711554654887
moirai,2.0,Salesforce/moirai-2.0-R-small,uni,log_return,21,19,2013-04-26,0.41549344488343914,166.0687778011576,0.7240311267407454
moirai,2.0,Salesforce/moirai-2.0-R-small,uni,log_return,21,20,2013-08-22,0.44450871592272817,158.35640652714994,0.7513880782645813
moirai,2.0,Salesforce/moirai-2.0-R-small,uni,log_return,21,21,2013-12-19,0.43406916041995813,159.27299689794395,0.818995399533142
moirai,2.0,Salesforce/moirai-2.0-R-small,uni,log_return,21,22,2014-04-22,0.4942920943034825,139.0638237165119,0.7730766641890227
moirai,2.0,Salesforce/moirai-2.0-R-small,uni,log_return,21,23,2014-08-19,0.36799597621293656,140.88899465964116,0.8077340072237174
moirai,2.0,Salesforce/moirai-2.0-R-small,uni,log_return,21,24,2014-12-16,1.0972173391184843,177.75793924720548,0.8356834415571168
moirai,2.0,Salesforce/moirai-2.0-R-small,uni,log_return,21,25,2015-04-17,0.6341350186867627,153.7546330335347,0.7612658896633369
moirai,2.0,Salesforce/moirai-2.0-R-small,uni,log_return,21,26,2015-08-14,1.9569174572291284,174.19685710438912,0.8769980146621656
moirai,2.0,Salesforce/moirai-2.0-R-small,uni,log_return,21,27,2015-12-11,1.189497695931781,186.47500015770734,0.7786153422498338
moirai,2.0,Salesforce/moirai-2.0-R-small,uni,log_return,21,28,2016-04-13,0.4273667577178548,159.23279755593285,0.8864197942876518
moirai,2.0,Salesforce/moirai-2.0-R-small,uni,log_return,21,29,2016-08-10,0.3728798613908935,181.19894300099955,0.9482503288673129
moirai,2.0,Salesforce/moirai-2.0-R-small,uni,log_return,21,30,2016-12-08,0.37582508582976326,168.58746473599925,0.8007277278256667
moirai,2.0,Salesforce/moirai-2.0-R-small,uni,log_return,21,31,2017-04-10,0.36595880397960906,159.02042721313637,0.8318872018881996
moirai,2.0,Salesforce/moirai-2.0-R-small,uni,log_return,21,32,2017-08-08,0.5057055902575318,150.60684049416255,0.8518139130424811
moirai,2.0,Salesforce/moirai-2.0-R-small,uni,log_return,21,33,2017-12-05,0.4735149160993483,156.70104083276527,0.7344748653788876
moirai,2.0,Salesforce/moirai-2.0-R-small,uni,log_return,21,34,2018-04-06,0.9198094993618579,146.80618718842368,0.7829945513477975
moirai,2.0,Salesforce/moirai-2.0-R-small,uni,log_return,21,35,2018-08-03,0.557591436998105,158.56932051024367,0.7549351127021117
moirai,2.0,Salesforce/moirai-2.0-R-small,uni,log_return,21,36,2018-11-30,1.958436502829532,182.44150149510503,0.8813306210797395
moirai,2.0,Salesforce/moirai-2.0-R-small,uni,log_return,21,37,2019-04-03,0.3721836847858302,121.23793920926347,0.9849787498242786
moirai,2.0,Salesforce/moirai-2.0-R-small,uni,log_return,21,38,2019-08-01,1.3410461594891843,174.06133194485432,0.842753257280286
moirai,2.0,Salesforce/moirai-2.0-R-small,uni,log_return,21,39,2019-11-27,0.4305303391580227,146.23634057224953,0.8518934829704998
moirai,2.0,Salesforce/moirai-2.0-R-small,uni,log_return,21,40,2020-03-27,1.6742691205541507,175.78298201585767,0.739361656466174
moirai,2.0,Salesforce/moirai-2.0-R-small,uni,log_return,21,41,2020-07-27,0.3144674782440029,113.58195915284522,0.7123456989361966
moirai,2.0,Salesforce/moirai-2.0-R-small,uni,log_return,21,42,2020-11-20,0.32562494481839543,146.3910906986048,0.8735806839039981
moirai,2.0,Salesforce/moirai-2.0-R-small,uni,log_return,21,43,2021-03-24,0.4007133667451978,147.50476653283786,0.7588381734820002
moirai,2.0,Salesforce/moirai-2.0-R-small,uni,log_return,21,44,2021-07-22,0.267216142004284,126.37448155993876,0.8085342699819418
moirai,2.0,Salesforce/moirai-2.0-R-small,uni,log_return,21,45,2021-11-17,0.6719123961358524,156.6419337490937,0.8013292754797168
moirai,2.0,Salesforce/moirai-2.0-R-small,uni,log_return,21,46,2022-03-18,0.6081277197055113,165.1473424640536,0.7487726737705658
moirai,2.0,Salesforce/moirai-2.0-R-small,uni,log_return,21,47,2022-07-19,0.6908161782480144,189.04912998435518,0.8145750711355908
moirai,2.0,Salesforce/moirai-2.0-R-small,uni,log_return,21,48,2022-11-14,0.6480447523072047,142.6550651016782,0.881439233384896
moirai,2.0,Salesforce/moirai-2.0-R-small,uni,log_return,21,49,2023-03-16,0.502663778244621,185.43791692982273,0.874749658817704
moirai,2.0,Salesforce/moirai-2.0-R-small,uni,log_return,21,50,2023-07-17,0.4006120642212263,153.95192273330062,0.857808595223866
moirai,2.0,Salesforce/moirai-2.0-R-small,uni,log_return,21,51,2023-11-10,0.27427271303470563,141.22953006985082,0.9445836429272618
moirai,2.0,Salesforce/moirai-2.0-R-small,uni,log_return,21,52,2024-03-13,0.4553645166444686,150.93657444968343,0.789545114199092
moirai,2.0,Salesforce/moirai-2.0-R-small,uni,log_return,21,53,2024-07-12,1.0391512664709774,166.8215785163883,0.8352720848638522
moirai,2.0,Salesforce/moirai-2.0-R-small,uni,log_return,21,54,2024-11-07,0.3720391213907798,124.84149405936871,0.831924052466613
moirai,2.0,Salesforce/moirai-2.0-R-small,uni,log_return,21,55,2025-03-12,2.0999704796945085,169.52985988627967,0.884641709567886
moirai,2.0,Salesforce/moirai-2.0-R-small,uni,log_return,21,56,2025-07-11,0.46217993797753065,143.70962989508206,0.851015279960341
moirai,2.0,Salesforce/moirai-2.0-R-small,uni,log_return,21,57,2025-11-06,0.6287627675935877,125.53671928171907,0.7801333653613689
moirai,2.0,Salesforce/moirai-2.0-R-small,uni,log_return,21,58,2026-03-10,0.9556869073593623,165.7283952848975,0.8015072522311608
moirai,2.0,Salesforce/moirai-2.0-R-small,uni,log_return,21,59,2026-07-09,0.6485782408419152,149.36239178576974,0.7835642066753729
