family,version,checkpoint,target,series,date,value
timesfm,1.0,google/timesfm-1.0-200m-pytorch,price,history,2024-06-24,5447.8701171875
timesfm,1.0,google/timesfm-1.0-200m-pytorch,price,history,2024-06-25,5469.2998046875
timesfm,1.0,google/timesfm-1.0-200m-pytorch,price,history,2024-06-26,5477.89990234375
timesfm,1.0,google/timesfm-1.0-200m-pytorch,price,history,2024-06-27,5482.8701171875
timesfm,1.0,google/timesfm-1.0-200m-pytorch,price,history,2024-06-28,5460.47998046875
timesfm,1.0,google/timesfm-1.0-200m-pytorch,price,history,2024-07-01,5475.08984375
timesfm,1.0,google/timesfm-1.0-200m-pytorch,price,history,2024-07-02,5509.009765625
timesfm,1.0,google/timesfm-1.0-200m-pytorch,price,history,2024-07-03,5537.02001953125
timesfm,1.0,google/timesfm-1.0-200m-pytorch,price,history,2024-07-05,5567.18994140625
timesfm,1.0,google/timesfm-1.0-200m-pytorch,price,history,2024-07-08,5572.85009765625
timesfm,1.0,google/timesfm-1.0-200m-pytorch,price,history,2024-07-09,5576.97998046875
timesfm,1.0,google/timesfm-1.0-200m-pytorch,price,history,2024-07-10,5633.91015625
timesfm,1.0,google/timesfm-1.0-200m-pytorch,price,history,2024-07-11,5584.5400390625
timesfm,1.0,google/timesfm-1.0-200m-pytorch,price,history,2024-07-12,5615.35009765625
timesfm,1.0,google/timesfm-1.0-200m-pytorch,price,history,2024-07-15,5631.22021484375
timesfm,1.0,google/timesfm-1.0-200m-pytorch,price,history,2024-07-16,5667.2001953125
timesfm,1.0,google/timesfm-1.0-200m-pytorch,price,history,2024-07-17,5588.27001953125
timesfm,1.0,google/timesfm-1.0-200m-pytorch,price,history,2024-07-18,5544.58984375
timesfm,1.0,google/timesfm-1.0-200m-pytorch,price,history,2024-07-19,5505.0
timesfm,1.0,google/timesfm-1.0-200m-pytorch,price,history,2024-07-22,5564.41015625
timesfm,1.0,google/timesfm-1.0-200m-pytorch,price,history,2024-07-23,5555.740234375
timesfm,1.0,google/timesfm-1.0-200m-pytorch,price,history,2024-07-24,5427.1298828125
timesfm,1.0,google/timesfm-1.0-200m-pytorch,price,history,2024-07-25,5399.22021484375
timesfm,1.0,google/timesfm-1.0-200m-pytorch,price,history,2024-07-26,5459.10009765625
timesfm,1.0,google/timesfm-1.0-200m-pytorch,price,history,2024-07-29,5463.5400390625
timesfm,1.0,google/timesfm-1.0-200m-pytorch,price,history,2024-07-30,5436.43994140625
timesfm,1.0,google/timesfm-1.0-200m-pytorch,price,history,2024-07-31,5522.2998046875
timesfm,1.0,google/timesfm-1.0-200m-pytorch,price,history,2024-08-01,5446.68017578125
timesfm,1.0,google/timesfm-1.0-200m-pytorch,price,history,2024-08-02,5346.56005859375
timesfm,1.0,google/timesfm-1.0-200m-pytorch,price,history,2024-08-05,5186.330078125
timesfm,1.0,google/timesfm-1.0-200m-pytorch,price,history,2024-08-06,5240.02978515625
timesfm,1.0,google/timesfm-1.0-200m-pytorch,price,history,2024-08-07,5199.5
timesfm,1.0,google/timesfm-1.0-200m-pytorch,price,history,2024-08-08,5319.31005859375
timesfm,1.0,google/timesfm-1.0-200m-pytorch,price,history,2024-08-09,5344.16015625
timesfm,1.0,google/timesfm-1.0-200m-pytorch,price,history,2024-08-12,5344.39013671875
timesfm,1.0,google/timesfm-1.0-200m-pytorch,price,history,2024-08-13,5434.43017578125
timesfm,1.0,google/timesfm-1.0-200m-pytorch,price,history,2024-08-14,5455.2099609375
timesfm,1.0,google/timesfm-1.0-200m-pytorch,price,history,2024-08-15,5543.22021484375
timesfm,1.0,google/timesfm-1.0-200m-pytorch,price,history,2024-08-16,5554.25
timesfm,1.0,google/timesfm-1.0-200m-pytorch,price,history,2024-08-19,5608.25
timesfm,1.0,google/timesfm-1.0-200m-pytorch,price,history,2024-08-20,5597.1201171875
timesfm,1.0,google/timesfm-1.0-200m-pytorch,price,history,2024-08-21,5620.85009765625
timesfm,1.0,google/timesfm-1.0-200m-pytorch,price,history,2024-08-22,5570.64013671875
timesfm,1.0,google/timesfm-1.0-200m-pytorch,price,history,2024-08-23,5634.60986328125
timesfm,1.0,google/timesfm-1.0-200m-pytorch,price,history,2024-08-26,5616.83984375
timesfm,1.0,google/timesfm-1.0-200m-pytorch,price,history,2024-08-27,5625.7998046875
timesfm,1.0,google/timesfm-1.0-200m-pytorch,price,history,2024-08-28,5592.18017578125
timesfm,1.0,google/timesfm-1.0-200m-pytorch,price,history,2024-08-29,5591.9599609375
timesfm,1.0,google/timesfm-1.0-200m-pytorch,price,history,2024-08-30,5648.39990234375
timesfm,1.0,google/timesfm-1.0-200m-pytorch,price,history,2024-09-03,5528.93017578125
timesfm,1.0,google/timesfm-1.0-200m-pytorch,price,history,2024-09-04,5520.06982421875
timesfm,1.0,google/timesfm-1.0-200m-pytorch,price,history,2024-09-05,5503.41015625
timesfm,1.0,google/timesfm-1.0-200m-pytorch,price,history,2024-09-06,5408.419921875
timesfm,1.0,google/timesfm-1.0-200m-pytorch,price,history,2024-09-09,5471.0498046875
timesfm,1.0,google/timesfm-1.0-200m-pytorch,price,history,2024-09-10,5495.52001953125
timesfm,1.0,google/timesfm-1.0-200m-pytorch,price,history,2024-09-11,5554.1298828125
timesfm,1.0,google/timesfm-1.0-200m-pytorch,price,history,2024-09-12,5595.759765625
timesfm,1.0,google/timesfm-1.0-200m-pytorch,price,history,2024-09-13,5626.02001953125
timesfm,1.0,google/timesfm-1.0-200m-pytorch,price,history,2024-09-16,5633.08984375
timesfm,1.0,google/timesfm-1.0-200m-pytorch,price,history,2024-09-17,5634.580078125
timesfm,1.0,google/timesfm-1.0-200m-pytorch,price,history,2024-09-18,5618.259765625
timesfm,1.0,google/timesfm-1.0-200m-pytorch,price,history,2024-09-19,5713.64013671875
timesfm,1.0,google/timesfm-1.0-200m-pytorch,price,history,2024-09-20,5702.5498046875
timesfm,1.0,google/timesfm-1.0-200m-pytorch,price,history,2024-09-23,5718.56982421875
timesfm,1.0,google/timesfm-1.0-200m-pytorch,price,history,2024-09-24,5732.93017578125
timesfm,1.0,google/timesfm-1.0-200m-pytorch,price,history,2024-09-25,5722.259765625
timesfm,1.0,google/timesfm-1.0-200m-pytorch,price,history,2024-09-26,5745.3701171875
timesfm,1.0,google/timesfm-1.0-200m-pytorch,price,history,2024-09-27,5738.169921875
timesfm,1.0,google/timesfm-1.0-200m-pytorch,price,history,2024-09-30,5762.47998046875
timesfm,1.0,google/timesfm-1.0-200m-pytorch,price,history,2024-10-01,5708.75
timesfm,1.0,google/timesfm-1.0-200m-pytorch,price,history,2024-10-02,5709.5400390625
timesfm,1.0,google/timesfm-1.0-200m-pytorch,price,history,2024-10-03,5699.93994140625
timesfm,1.0,google/timesfm-1.0-200m-pytorch,price,history,2024-10-04,5751.06982421875
timesfm,1.0,google/timesfm-1.0-200m-pytorch,price,history,2024-10-07,5695.93994140625
timesfm,1.0,google/timesfm-1.0-200m-pytorch,price,history,2024-10-08,5751.1298828125
timesfm,1.0,google/timesfm-1.0-200m-pytorch,price,history,2024-10-09,5792.0400390625
timesfm,1.0,google/timesfm-1.0-200m-pytorch,price,history,2024-10-10,5780.0498046875
timesfm,1.0,google/timesfm-1.0-200m-pytorch,price,history,2024-10-11,5815.02978515625
timesfm,1.0,google/timesfm-1.0-200m-pytorch,price,history,2024-10-14,5859.85009765625
timesfm,1.0,google/timesfm-1.0-200m-pytorch,price,history,2024-10-15,5815.259765625
timesfm,1.0,google/timesfm-1.0-200m-pytorch,price,history,2024-10-16,5842.47021484375
timesfm,1.0,google/timesfm-1.0-200m-pytorch,price,history,2024-10-17,5841.47021484375
timesfm,1.0,google/timesfm-1.0-200m-pytorch,price,history,2024-10-18,5864.669921875
timesfm,1.0,google/timesfm-1.0-200m-pytorch,price,history,2024-10-21,5853.97998046875
timesfm,1.0,google/timesfm-1.0-200m-pytorch,price,history,2024-10-22,5851.2001953125
timesfm,1.0,google/timesfm-1.0-200m-pytorch,price,history,2024-10-23,5797.419921875
timesfm,1.0,google/timesfm-1.0-200m-pytorch,price,history,2024-10-24,5809.85986328125
timesfm,1.0,google/timesfm-1.0-200m-pytorch,price,history,2024-10-25,5808.1201171875
timesfm,1.0,google/timesfm-1.0-200m-pytorch,price,history,2024-10-28,5823.52001953125
timesfm,1.0,google/timesfm-1.0-200m-pytorch,price,history,2024-10-29,5832.919921875
timesfm,1.0,google/timesfm-1.0-200m-pytorch,price,history,2024-10-30,5813.669921875
timesfm,1.0,google/timesfm-1.0-200m-pytorch,price,history,2024-10-31,5705.4501953125
timesfm,1.0,google/timesfm-1.0-200m-pytorch,price,history,2024-11-01,5728.7998046875
timesfm,1.0,google/timesfm-1.0-200m-pytorch,price,history,2024-11-04,5712.68994140625
timesfm,1.0,google/timesfm-1.0-200m-pytorch,price,history,2024-11-05,5782.759765625
timesfm,1.0,google/timesfm-1.0-200m-pytorch,price,history,2024-11-06,5929.0400390625
timesfm,1.0,google/timesfm-1.0-200m-pytorch,price,history,2024-11-07,5973.10009765625
timesfm,1.0,google/timesfm-1.0-200m-pytorch,price,history,2024-11-08,5995.5400390625
timesfm,1.0,google/timesfm-1.0-200m-pytorch,price,history,2024-11-11,6001.35009765625
timesfm,1.0,google/timesfm-1.0-200m-pytorch,price,history,2024-11-12,5983.990234375
timesfm,1.0,google/timesfm-1.0-200m-pytorch,price,history,2024-11-13,5985.3798828125
timesfm,1.0,google/timesfm-1.0-200m-pytorch,price,history,2024-11-14,5949.169921875
timesfm,1.0,google/timesfm-1.0-200m-pytorch,price,history,2024-11-15,5870.6201171875
timesfm,1.0,google/timesfm-1.0-200m-pytorch,price,history,2024-11-18,5893.6201171875
timesfm,1.0,google/timesfm-1.0-200m-pytorch,price,history,2024-11-19,5916.97998046875
timesfm,1.0,google/timesfm-1.0-200m-pytorch,price,history,2024-11-20,5917.10986328125
timesfm,1.0,google/timesfm-1.0-200m-pytorch,price,history,2024-11-21,5948.7099609375
timesfm,1.0,google/timesfm-1.0-200m-pytorch,price,history,2024-11-22,5969.33984375
timesfm,1.0,google/timesfm-1.0-200m-pytorch,price,history,2024-11-25,5987.3701171875
timesfm,1.0,google/timesfm-1.0-200m-pytorch,price,history,2024-11-26,6021.6298828125
timesfm,1.0,google/timesfm-1.0-200m-pytorch,price,history,2024-11-27,5998.740234375
timesfm,1.0,google/timesfm-1.0-200m-pytorch,price,history,2024-11-29,6032.3798828125
timesfm,1.0,google/timesfm-1.0-200m-pytorch,price,history,2024-12-02,6047.14990234375
timesfm,1.0,google/timesfm-1.0-200m-pytorch,price,history,2024-12-03,6049.8798828125
timesfm,1.0,google/timesfm-1.0-200m-pytorch,price,history,2024-12-04,6086.490234375
timesfm,1.0,google/timesfm-1.0-200m-pytorch,price,history,2024-12-05,6075.10986328125
timesfm,1.0,google/timesfm-1.0-200m-pytorch,price,history,2024-12-06,6090.27001953125
timesfm,1.0,google/timesfm-1.0-200m-pytorch,price,history,2024-12-09,6052.85009765625
timesfm,1.0,google/timesfm-1.0-200m-pytorch,price,history,2024-12-10,6034.91015625
timesfm,1.0,google/timesfm-1.0-200m-pytorch,price,history,2024-12-11,6084.18994140625
timesfm,1.0,google/timesfm-1.0-200m-pytorch,price,history,2024-12-12,6051.25
timesfm,1.0,google/timesfm-1.0-200m-pytorch,price,history,2024-12-13,6051.08984375
timesfm,1.0,google/timesfm-1.0-200m-pytorch,price,history,2024-12-16,6074.080078125
timesfm,1.0,google/timesfm-1.0-200m-pytorch,price,history,2024-12-17,6050.60986328125
timesfm,1.0,google/timesfm-1.0-200m-pytorch,price,history,2024-12-18,5872.16015625
timesfm,1.0,google/timesfm-1.0-200m-pytorch,price,history,2024-12-19,5867.080078125
timesfm,1.0,google/timesfm-1.0-200m-pytorch,price,history,2024-12-20,5930.85009765625
timesfm,1.0,google/timesfm-1.0-200m-pytorch,price,history,2024-12-23,5974.06982421875
timesfm,1.0,google/timesfm-1.0-200m-pytorch,price,history,2024-12-24,6040.0400390625
timesfm,1.0,google/timesfm-1.0-200m-pytorch,price,history,2024-12-26,6037.58984375
timesfm,1.0,google/timesfm-1.0-200m-pytorch,price,history,2024-12-27,5970.83984375
timesfm,1.0,google/timesfm-1.0-200m-pytorch,price,history,2024-12-30,5906.93994140625
timesfm,1.0,google/timesfm-1.0-200m-pytorch,price,history,2024-12-31,5881.6298828125
timesfm,1.0,google/timesfm-1.0-200m-pytorch,price,history,2025-01-02,5868.5498046875
timesfm,1.0,google/timesfm-1.0-200m-pytorch,price,history,2025-01-03,5942.47021484375
timesfm,1.0,google/timesfm-1.0-200m-pytorch,price,history,2025-01-06,5975.3798828125
timesfm,1.0,google/timesfm-1.0-200m-pytorch,price,history,2025-01-07,5909.02978515625
timesfm,1.0,google/timesfm-1.0-200m-pytorch,price,history,2025-01-08,5918.25
timesfm,1.0,google/timesfm-1.0-200m-pytorch,price,history,2025-01-10,5827.0400390625
timesfm,1.0,google/timesfm-1.0-200m-pytorch,price,history,2025-01-13,5836.22021484375
timesfm,1.0,google/timesfm-1.0-200m-pytorch,price,history,2025-01-14,5842.91015625
timesfm,1.0,google/timesfm-1.0-200m-pytorch,price,history,2025-01-15,5949.91015625
timesfm,1.0,google/timesfm-1.0-200m-pytorch,price,history,2025-01-16,5937.33984375
timesfm,1.0,google/timesfm-1.0-200m-pytorch,price,history,2025-01-17,5996.66015625
timesfm,1.0,google/timesfm-1.0-200m-pytorch,price,history,2025-01-21,6049.240234375
timesfm,1.0,google/timesfm-1.0-200m-pytorch,price,history,2025-01-22,6086.3701171875
timesfm,1.0,google/timesfm-1.0-200m-pytorch,price,history,2025-01-23,6118.7099609375
timesfm,1.0,google/timesfm-1.0-200m-pytorch,price,history,2025-01-24,6101.240234375
timesfm,1.0,google/timesfm-1.0-200m-pytorch,price,history,2025-01-27,6012.27978515625
timesfm,1.0,google/timesfm-1.0-200m-pytorch,price,history,2025-01-28,6067.7001953125
timesfm,1.0,google/timesfm-1.0-200m-pytorch,price,history,2025-01-29,6039.31005859375
timesfm,1.0,google/timesfm-1.0-200m-pytorch,price,history,2025-01-30,6071.169921875
timesfm,1.0,google/timesfm-1.0-200m-pytorch,price,history,2025-01-31,6040.52978515625
timesfm,1.0,google/timesfm-1.0-200m-pytorch,price,history,2025-02-03,5994.56982421875
timesfm,1.0,google/timesfm-1.0-200m-pytorch,price,history,2025-02-04,6037.8798828125
timesfm,1.0,google/timesfm-1.0-200m-pytorch,price,history,2025-02-05,6061.47998046875
timesfm,1.0,google/timesfm-1.0-200m-pytorch,price,history,2025-02-06,6083.56982421875
timesfm,1.0,google/timesfm-1.0-200m-pytorch,price,history,2025-02-07,6025.990234375
timesfm,1.0,google/timesfm-1.0-200m-pytorch,price,history,2025-02-10,6066.43994140625
timesfm,1.0,google/timesfm-1.0-200m-pytorch,price,history,2025-02-11,6068.5
timesfm,1.0,google/timesfm-1.0-200m-pytorch,price,history,2025-02-12,6051.97021484375
timesfm,1.0,google/timesfm-1.0-200m-pytorch,price,history,2025-02-13,6115.06982421875
timesfm,1.0,google/timesfm-1.0-200m-pytorch,price,history,2025-02-14,6114.6298828125
timesfm,1.0,google/timesfm-1.0-200m-pytorch,price,history,2025-02-18,6129.580078125
timesfm,1.0,google/timesfm-1.0-200m-pytorch,price,history,2025-02-19,6144.14990234375
timesfm,1.0,google/timesfm-1.0-200m-pytorch,price,history,2025-02-20,6117.52001953125
timesfm,1.0,google/timesfm-1.0-200m-pytorch,price,history,2025-02-21,6013.1298828125
timesfm,1.0,google/timesfm-1.0-200m-pytorch,price,history,2025-02-24,5983.25
timesfm,1.0,google/timesfm-1.0-200m-pytorch,price,history,2025-02-25,5955.25
timesfm,1.0,google/timesfm-1.0-200m-pytorch,price,history,2025-02-26,5956.06005859375
timesfm,1.0,google/timesfm-1.0-200m-pytorch,price,history,2025-02-27,5861.56982421875
timesfm,1.0,google/timesfm-1.0-200m-pytorch,price,history,2025-02-28,5954.5
timesfm,1.0,google/timesfm-1.0-200m-pytorch,price,history,2025-03-03,5849.72021484375
timesfm,1.0,google/timesfm-1.0-200m-pytorch,price,history,2025-03-04,5778.14990234375
timesfm,1.0,google/timesfm-1.0-200m-pytorch,price,history,2025-03-05,5842.6298828125
timesfm,1.0,google/timesfm-1.0-200m-pytorch,price,history,2025-03-06,5738.52001953125
timesfm,1.0,google/timesfm-1.0-200m-pytorch,price,history,2025-03-07,5770.2001953125
timesfm,1.0,google/timesfm-1.0-200m-pytorch,price,history,2025-03-10,5614.56005859375
timesfm,1.0,google/timesfm-1.0-200m-pytorch,price,history,2025-03-11,5572.06982421875
timesfm,1.0,google/timesfm-1.0-200m-pytorch,price,history,2025-03-12,5599.2998046875
timesfm,1.0,google/timesfm-1.0-200m-pytorch,price,history,2025-03-13,5521.52001953125
timesfm,1.0,google/timesfm-1.0-200m-pytorch,price,history,2025-03-14,5638.93994140625
timesfm,1.0,google/timesfm-1.0-200m-pytorch,price,history,2025-03-17,5675.1201171875
timesfm,1.0,google/timesfm-1.0-200m-pytorch,price,history,2025-03-18,5614.66015625
timesfm,1.0,google/timesfm-1.0-200m-pytorch,price,history,2025-03-19,5675.2900390625
timesfm,1.0,google/timesfm-1.0-200m-pytorch,price,history,2025-03-20,5662.89013671875
timesfm,1.0,google/timesfm-1.0-200m-pytorch,price,history,2025-03-21,5667.56005859375
timesfm,1.0,google/timesfm-1.0-200m-pytorch,price,history,2025-03-24,5767.56982421875
timesfm,1.0,google/timesfm-1.0-200m-pytorch,price,history,2025-03-25,5776.64990234375
timesfm,1.0,google/timesfm-1.0-200m-pytorch,price,history,2025-03-26,5712.2001953125
timesfm,1.0,google/timesfm-1.0-200m-pytorch,price,history,2025-03-27,5693.31005859375
timesfm,1.0,google/timesfm-1.0-200m-pytorch,price,history,2025-03-28,5580.93994140625
timesfm,1.0,google/timesfm-1.0-200m-pytorch,price,history,2025-03-31,5611.85009765625
timesfm,1.0,google/timesfm-1.0-200m-pytorch,price,history,2025-04-01,5633.06982421875
timesfm,1.0,google/timesfm-1.0-200m-pytorch,price,history,2025-04-02,5670.97021484375
timesfm,1.0,google/timesfm-1.0-200m-pytorch,price,history,2025-04-03,5396.52001953125
timesfm,1.0,google/timesfm-1.0-200m-pytorch,price,history,2025-04-04,5074.080078125
timesfm,1.0,google/timesfm-1.0-200m-pytorch,price,history,2025-04-07,5062.25
timesfm,1.0,google/timesfm-1.0-200m-pytorch,price,history,2025-04-08,4982.77001953125
timesfm,1.0,google/timesfm-1.0-200m-pytorch,price,history,2025-04-09,5456.89990234375
timesfm,1.0,google/timesfm-1.0-200m-pytorch,price,history,2025-04-10,5268.0498046875
timesfm,1.0,google/timesfm-1.0-200m-pytorch,price,history,2025-04-11,5363.35986328125
timesfm,1.0,google/timesfm-1.0-200m-pytorch,price,history,2025-04-14,5405.97021484375
timesfm,1.0,google/timesfm-1.0-200m-pytorch,price,history,2025-04-15,5396.6298828125
timesfm,1.0,google/timesfm-1.0-200m-pytorch,price,history,2025-04-16,5275.7001953125
timesfm,1.0,google/timesfm-1.0-200m-pytorch,price,history,2025-04-17,5282.7001953125
timesfm,1.0,google/timesfm-1.0-200m-pytorch,price,history,2025-04-21,5158.2001953125
timesfm,1.0,google/timesfm-1.0-200m-pytorch,price,history,2025-04-22,5287.759765625
timesfm,1.0,google/timesfm-1.0-200m-pytorch,price,history,2025-04-23,5375.85986328125
timesfm,1.0,google/timesfm-1.0-200m-pytorch,price,history,2025-04-24,5484.77001953125
timesfm,1.0,google/timesfm-1.0-200m-pytorch,price,history,2025-04-25,5525.2099609375
timesfm,1.0,google/timesfm-1.0-200m-pytorch,price,history,2025-04-28,5528.75
timesfm,1.0,google/timesfm-1.0-200m-pytorch,price,history,2025-04-29,5560.830078125
timesfm,1.0,google/timesfm-1.0-200m-pytorch,price,history,2025-04-30,5569.06005859375
timesfm,1.0,google/timesfm-1.0-200m-pytorch,price,history,2025-05-01,5604.14013671875
timesfm,1.0,google/timesfm-1.0-200m-pytorch,price,history,2025-05-02,5686.669921875
timesfm,1.0,google/timesfm-1.0-200m-pytorch,price,history,2025-05-05,5650.3798828125
timesfm,1.0,google/timesfm-1.0-200m-pytorch,price,history,2025-05-06,5606.91015625
timesfm,1.0,google/timesfm-1.0-200m-pytorch,price,history,2025-05-07,5631.27978515625
timesfm,1.0,google/timesfm-1.0-200m-pytorch,price,history,2025-05-08,5663.93994140625
timesfm,1.0,google/timesfm-1.0-200m-pytorch,price,history,2025-05-09,5659.91015625
timesfm,1.0,google/timesfm-1.0-200m-pytorch,price,history,2025-05-12,5844.18994140625
timesfm,1.0,google/timesfm-1.0-200m-pytorch,price,history,2025-05-13,5886.5498046875
timesfm,1.0,google/timesfm-1.0-200m-pytorch,price,history,2025-05-14,5892.580078125
timesfm,1.0,google/timesfm-1.0-200m-pytorch,price,history,2025-05-15,5916.93017578125
timesfm,1.0,google/timesfm-1.0-200m-pytorch,price,history,2025-05-16,5958.3798828125
timesfm,1.0,google/timesfm-1.0-200m-pytorch,price,history,2025-05-19,5963.60009765625
timesfm,1.0,google/timesfm-1.0-200m-pytorch,price,history,2025-05-20,5940.4599609375
timesfm,1.0,google/timesfm-1.0-200m-pytorch,price,history,2025-05-21,5844.60986328125
timesfm,1.0,google/timesfm-1.0-200m-pytorch,price,history,2025-05-22,5842.009765625
timesfm,1.0,google/timesfm-1.0-200m-pytorch,price,history,2025-05-23,5802.81982421875
timesfm,1.0,google/timesfm-1.0-200m-pytorch,price,history,2025-05-27,5921.5400390625
timesfm,1.0,google/timesfm-1.0-200m-pytorch,price,history,2025-05-28,5888.5498046875
timesfm,1.0,google/timesfm-1.0-200m-pytorch,price,history,2025-05-29,5912.169921875
timesfm,1.0,google/timesfm-1.0-200m-pytorch,price,history,2025-05-30,5911.68994140625
timesfm,1.0,google/timesfm-1.0-200m-pytorch,price,history,2025-06-02,5935.93994140625
timesfm,1.0,google/timesfm-1.0-200m-pytorch,price,history,2025-06-03,5970.3701171875
timesfm,1.0,google/timesfm-1.0-200m-pytorch,price,history,2025-06-04,5970.81005859375
timesfm,1.0,google/timesfm-1.0-200m-pytorch,price,history,2025-06-05,5939.2998046875
timesfm,1.0,google/timesfm-1.0-200m-pytorch,price,history,2025-06-06,6000.35986328125
timesfm,1.0,google/timesfm-1.0-200m-pytorch,price,history,2025-06-09,6005.8798828125
timesfm,1.0,google/timesfm-1.0-200m-pytorch,price,history,2025-06-10,6038.81005859375
timesfm,1.0,google/timesfm-1.0-200m-pytorch,price,history,2025-06-11,6022.240234375
timesfm,1.0,google/timesfm-1.0-200m-pytorch,price,history,2025-06-12,6045.259765625
timesfm,1.0,google/timesfm-1.0-200m-pytorch,price,history,2025-06-13,5976.97021484375
timesfm,1.0,google/timesfm-1.0-200m-pytorch,price,history,2025-06-16,6033.10986328125
timesfm,1.0,google/timesfm-1.0-200m-pytorch,price,history,2025-06-17,5982.72021484375
timesfm,1.0,google/timesfm-1.0-200m-pytorch,price,history,2025-06-18,5980.8701171875
timesfm,1.0,google/timesfm-1.0-200m-pytorch,price,history,2025-06-20,5967.83984375
timesfm,1.0,google/timesfm-1.0-200m-pytorch,price,history,2025-06-23,6025.169921875
timesfm,1.0,google/timesfm-1.0-200m-pytorch,price,history,2025-06-24,6092.18017578125
timesfm,1.0,google/timesfm-1.0-200m-pytorch,price,history,2025-06-25,6092.16015625
timesfm,1.0,google/timesfm-1.0-200m-pytorch,price,history,2025-06-26,6141.02001953125
timesfm,1.0,google/timesfm-1.0-200m-pytorch,price,history,2025-06-27,6173.06982421875
timesfm,1.0,google/timesfm-1.0-200m-pytorch,price,history,2025-06-30,6204.9501953125
timesfm,1.0,google/timesfm-1.0-200m-pytorch,price,history,2025-07-01,6198.009765625
timesfm,1.0,google/timesfm-1.0-200m-pytorch,price,history,2025-07-02,6227.419921875
timesfm,1.0,google/timesfm-1.0-200m-pytorch,price,history,2025-07-03,6279.35009765625
timesfm,1.0,google/timesfm-1.0-200m-pytorch,price,history,2025-07-07,6229.97998046875
timesfm,1.0,google/timesfm-1.0-200m-pytorch,price,history,2025-07-08,6225.52001953125
timesfm,1.0,google/timesfm-1.0-200m-pytorch,price,history,2025-07-09,6263.259765625
timesfm,1.0,google/timesfm-1.0-200m-pytorch,price,history,2025-07-10,6280.4599609375
timesfm,1.0,google/timesfm-1.0-200m-pytorch,price,history,2025-07-11,6259.75
timesfm,1.0,google/timesfm-1.0-200m-pytorch,price,history,2025-07-14,6268.56005859375
timesfm,1.0,google/timesfm-1.0-200m-pytorch,price,history,2025-07-15,6243.759765625
timesfm,1.0,google/timesfm-1.0-200m-pytorch,price,history,2025-07-16,6263.7001953125
timesfm,1.0,google/timesfm-1.0-200m-pytorch,price,history,2025-07-17,6297.35986328125
timesfm,1.0,google/timesfm-1.0-200m-pytorch,price,history,2025-07-18,6296.7900390625
timesfm,1.0,google/timesfm-1.0-200m-pytorch,price,history,2025-07-21,6305.60009765625
timesfm,1.0,google/timesfm-1.0-200m-pytorch,price,history,2025-07-22,6309.6201171875
timesfm,1.0,google/timesfm-1.0-200m-pytorch,price,history,2025-07-23,6358.91015625
timesfm,1.0,google/timesfm-1.0-200m-pytorch,price,history,2025-07-24,6363.35009765625
timesfm,1.0,google/timesfm-1.0-200m-pytorch,price,history,2025-07-25,6388.64013671875
timesfm,1.0,google/timesfm-1.0-200m-pytorch,price,history,2025-07-28,6389.77001953125
timesfm,1.0,google/timesfm-1.0-200m-pytorch,price,history,2025-07-29,6370.85986328125
timesfm,1.0,google/timesfm-1.0-200m-pytorch,price,history,2025-07-30,6362.89990234375
timesfm,1.0,google/timesfm-1.0-200m-pytorch,price,history,2025-07-31,6339.39013671875
timesfm,1.0,google/timesfm-1.0-200m-pytorch,price,history,2025-08-01,6238.009765625
timesfm,1.0,google/timesfm-1.0-200m-pytorch,price,history,2025-08-04,6329.93994140625
timesfm,1.0,google/timesfm-1.0-200m-pytorch,price,history,2025-08-05,6299.18994140625
timesfm,1.0,google/timesfm-1.0-200m-pytorch,price,history,2025-08-06,6345.06005859375
timesfm,1.0,google/timesfm-1.0-200m-pytorch,price,history,2025-08-07,6340.0
timesfm,1.0,google/timesfm-1.0-200m-pytorch,price,history,2025-08-08,6389.4501953125
timesfm,1.0,google/timesfm-1.0-200m-pytorch,price,history,2025-08-11,6373.4501953125
timesfm,1.0,google/timesfm-1.0-200m-pytorch,price,history,2025-08-12,6445.759765625
timesfm,1.0,google/timesfm-1.0-200m-pytorch,price,history,2025-08-13,6466.580078125
timesfm,1.0,google/timesfm-1.0-200m-pytorch,price,history,2025-08-14,6468.5400390625
timesfm,1.0,google/timesfm-1.0-200m-pytorch,price,history,2025-08-15,6449.7998046875
timesfm,1.0,google/timesfm-1.0-200m-pytorch,price,history,2025-08-18,6449.14990234375
timesfm,1.0,google/timesfm-1.0-200m-pytorch,price,history,2025-08-19,6411.3701171875
timesfm,1.0,google/timesfm-1.0-200m-pytorch,price,history,2025-08-20,6395.77978515625
timesfm,1.0,google/timesfm-1.0-200m-pytorch,price,history,2025-08-21,6370.169921875
timesfm,1.0,google/timesfm-1.0-200m-pytorch,price,history,2025-08-22,6466.91015625
timesfm,1.0,google/timesfm-1.0-200m-pytorch,price,history,2025-08-25,6439.31982421875
timesfm,1.0,google/timesfm-1.0-200m-pytorch,price,history,2025-08-26,6465.93994140625
timesfm,1.0,google/timesfm-1.0-200m-pytorch,price,history,2025-08-27,6481.39990234375
timesfm,1.0,google/timesfm-1.0-200m-pytorch,price,history,2025-08-28,6501.85986328125
timesfm,1.0,google/timesfm-1.0-200m-pytorch,price,history,2025-08-29,6460.259765625
timesfm,1.0,google/timesfm-1.0-200m-pytorch,price,history,2025-09-02,6415.5400390625
timesfm,1.0,google/timesfm-1.0-200m-pytorch,price,history,2025-09-03,6448.259765625
timesfm,1.0,google/timesfm-1.0-200m-pytorch,price,history,2025-09-04,6502.080078125
timesfm,1.0,google/timesfm-1.0-200m-pytorch,price,history,2025-09-05,6481.5
timesfm,1.0,google/timesfm-1.0-200m-pytorch,price,history,2025-09-08,6495.14990234375
timesfm,1.0,google/timesfm-1.0-200m-pytorch,price,history,2025-09-09,6512.60986328125
timesfm,1.0,google/timesfm-1.0-200m-pytorch,price,history,2025-09-10,6532.0400390625
timesfm,1.0,google/timesfm-1.0-200m-pytorch,price,history,2025-09-11,6587.47021484375
timesfm,1.0,google/timesfm-1.0-200m-pytorch,price,history,2025-09-12,6584.2900390625
timesfm,1.0,google/timesfm-1.0-200m-pytorch,price,history,2025-09-15,6615.27978515625
timesfm,1.0,google/timesfm-1.0-200m-pytorch,price,history,2025-09-16,6606.759765625
timesfm,1.0,google/timesfm-1.0-200m-pytorch,price,history,2025-09-17,6600.35009765625
timesfm,1.0,google/timesfm-1.0-200m-pytorch,price,history,2025-09-18,6631.9599609375
timesfm,1.0,google/timesfm-1.0-200m-pytorch,price,history,2025-09-19,6664.35986328125
timesfm,1.0,google/timesfm-1.0-200m-pytorch,price,history,2025-09-22,6693.75
timesfm,1.0,google/timesfm-1.0-200m-pytorch,price,history,2025-09-23,6656.919921875
timesfm,1.0,google/timesfm-1.0-200m-pytorch,price,history,2025-09-24,6637.97021484375
timesfm,1.0,google/timesfm-1.0-200m-pytorch,price,history,2025-09-25,6604.72021484375
timesfm,1.0,google/timesfm-1.0-200m-pytorch,price,history,2025-09-26,6643.7001953125
timesfm,1.0,google/timesfm-1.0-200m-pytorch,price,history,2025-09-29,6661.2099609375
timesfm,1.0,google/timesfm-1.0-200m-pytorch,price,history,2025-09-30,6688.4599609375
timesfm,1.0,google/timesfm-1.0-200m-pytorch,price,history,2025-10-01,6711.2001953125
timesfm,1.0,google/timesfm-1.0-200m-pytorch,price,history,2025-10-02,6715.35009765625
timesfm,1.0,google/timesfm-1.0-200m-pytorch,price,history,2025-10-03,6715.7900390625
timesfm,1.0,google/timesfm-1.0-200m-pytorch,price,history,2025-10-06,6740.27978515625
timesfm,1.0,google/timesfm-1.0-200m-pytorch,price,history,2025-10-07,6714.58984375
timesfm,1.0,google/timesfm-1.0-200m-pytorch,price,history,2025-10-08,6753.72021484375
timesfm,1.0,google/timesfm-1.0-200m-pytorch,price,history,2025-10-09,6735.10986328125
timesfm,1.0,google/timesfm-1.0-200m-pytorch,price,history,2025-10-10,6552.509765625
timesfm,1.0,google/timesfm-1.0-200m-pytorch,price,history,2025-10-13,6654.72021484375
timesfm,1.0,google/timesfm-1.0-200m-pytorch,price,history,2025-10-14,6644.31005859375
timesfm,1.0,google/timesfm-1.0-200m-pytorch,price,history,2025-10-15,6671.06005859375
timesfm,1.0,google/timesfm-1.0-200m-pytorch,price,history,2025-10-16,6629.06982421875
timesfm,1.0,google/timesfm-1.0-200m-pytorch,price,history,2025-10-17,6664.009765625
timesfm,1.0,google/timesfm-1.0-200m-pytorch,price,history,2025-10-20,6735.1298828125
timesfm,1.0,google/timesfm-1.0-200m-pytorch,price,history,2025-10-21,6735.35009765625
timesfm,1.0,google/timesfm-1.0-200m-pytorch,price,history,2025-10-22,6699.39990234375
timesfm,1.0,google/timesfm-1.0-200m-pytorch,price,history,2025-10-23,6738.43994140625
timesfm,1.0,google/timesfm-1.0-200m-pytorch,price,history,2025-10-24,6791.68994140625
timesfm,1.0,google/timesfm-1.0-200m-pytorch,price,history,2025-10-27,6875.16015625
timesfm,1.0,google/timesfm-1.0-200m-pytorch,price,history,2025-10-28,6890.89013671875
timesfm,1.0,google/timesfm-1.0-200m-pytorch,price,history,2025-10-29,6890.58984375
timesfm,1.0,google/timesfm-1.0-200m-pytorch,price,history,2025-10-30,6822.33984375
timesfm,1.0,google/timesfm-1.0-200m-pytorch,price,history,2025-10-31,6840.2001953125
timesfm,1.0,google/timesfm-1.0-200m-pytorch,price,history,2025-11-03,6851.97021484375
timesfm,1.0,google/timesfm-1.0-200m-pytorch,price,history,2025-11-04,6771.5498046875
timesfm,1.0,google/timesfm-1.0-200m-pytorch,price,history,2025-11-05,6796.2900390625
timesfm,1.0,google/timesfm-1.0-200m-pytorch,price,history,2025-11-06,6720.31982421875
timesfm,1.0,google/timesfm-1.0-200m-pytorch,price,history,2025-11-07,6728.7998046875
timesfm,1.0,google/timesfm-1.0-200m-pytorch,price,history,2025-11-10,6832.43017578125
timesfm,1.0,google/timesfm-1.0-200m-pytorch,price,history,2025-11-11,6846.60986328125
timesfm,1.0,google/timesfm-1.0-200m-pytorch,price,history,2025-11-12,6850.919921875
timesfm,1.0,google/timesfm-1.0-200m-pytorch,price,history,2025-11-13,6737.490234375
timesfm,1.0,google/timesfm-1.0-200m-pytorch,price,history,2025-11-14,6734.10986328125
timesfm,1.0,google/timesfm-1.0-200m-pytorch,price,history,2025-11-17,6672.41015625
timesfm,1.0,google/timesfm-1.0-200m-pytorch,price,history,2025-11-18,6617.31982421875
timesfm,1.0,google/timesfm-1.0-200m-pytorch,price,history,2025-11-19,6642.16015625
timesfm,1.0,google/timesfm-1.0-200m-pytorch,price,history,2025-11-20,6538.759765625
timesfm,1.0,google/timesfm-1.0-200m-pytorch,price,history,2025-11-21,6602.990234375
timesfm,1.0,google/timesfm-1.0-200m-pytorch,price,history,2025-11-24,6705.1201171875
timesfm,1.0,google/timesfm-1.0-200m-pytorch,price,history,2025-11-25,6765.8798828125
timesfm,1.0,google/timesfm-1.0-200m-pytorch,price,history,2025-11-26,6812.60986328125
timesfm,1.0,google/timesfm-1.0-200m-pytorch,price,history,2025-11-28,6849.08984375
timesfm,1.0,google/timesfm-1.0-200m-pytorch,price,history,2025-12-01,6812.6298828125
timesfm,1.0,google/timesfm-1.0-200m-pytorch,price,history,2025-12-02,6829.3701171875
timesfm,1.0,google/timesfm-1.0-200m-pytorch,price,history,2025-12-03,6849.72021484375
timesfm,1.0,google/timesfm-1.0-200m-pytorch,price,history,2025-12-04,6857.1201171875
timesfm,1.0,google/timesfm-1.0-200m-pytorch,price,history,2025-12-05,6870.39990234375
timesfm,1.0,google/timesfm-1.0-200m-pytorch,price,history,2025-12-08,6846.509765625
timesfm,1.0,google/timesfm-1.0-200m-pytorch,price,history,2025-12-09,6840.509765625
timesfm,1.0,google/timesfm-1.0-200m-pytorch,price,history,2025-12-10,6886.68017578125
timesfm,1.0,google/timesfm-1.0-200m-pytorch,price,history,2025-12-11,6901.0
timesfm,1.0,google/timesfm-1.0-200m-pytorch,price,history,2025-12-12,6827.41015625
timesfm,1.0,google/timesfm-1.0-200m-pytorch,price,history,2025-12-15,6816.509765625
timesfm,1.0,google/timesfm-1.0-200m-pytorch,price,history,2025-12-16,6800.259765625
timesfm,1.0,google/timesfm-1.0-200m-pytorch,price,history,2025-12-17,6721.43017578125
timesfm,1.0,google/timesfm-1.0-200m-pytorch,price,history,2025-12-18,6774.759765625
timesfm,1.0,google/timesfm-1.0-200m-pytorch,price,history,2025-12-19,6834.5
timesfm,1.0,google/timesfm-1.0-200m-pytorch,price,history,2025-12-22,6878.490234375
timesfm,1.0,google/timesfm-1.0-200m-pytorch,price,history,2025-12-23,6909.7900390625
timesfm,1.0,google/timesfm-1.0-200m-pytorch,price,history,2025-12-24,6932.0498046875
timesfm,1.0,google/timesfm-1.0-200m-pytorch,price,history,2025-12-26,6929.93994140625
timesfm,1.0,google/timesfm-1.0-200m-pytorch,price,history,2025-12-29,6905.740234375
timesfm,1.0,google/timesfm-1.0-200m-pytorch,price,history,2025-12-30,6896.240234375
timesfm,1.0,google/timesfm-1.0-200m-pytorch,price,history,2025-12-31,6845.5
timesfm,1.0,google/timesfm-1.0-200m-pytorch,price,history,2026-01-02,6858.47021484375
timesfm,1.0,google/timesfm-1.0-200m-pytorch,price,history,2026-01-05,6902.0498046875
timesfm,1.0,google/timesfm-1.0-200m-pytorch,price,history,2026-01-06,6944.81982421875
timesfm,1.0,google/timesfm-1.0-200m-pytorch,price,history,2026-01-07,6920.93017578125
timesfm,1.0,google/timesfm-1.0-200m-pytorch,price,history,2026-01-08,6921.4599609375
timesfm,1.0,google/timesfm-1.0-200m-pytorch,price,history,2026-01-09,6966.27978515625
timesfm,1.0,google/timesfm-1.0-200m-pytorch,price,history,2026-01-12,6977.27001953125
timesfm,1.0,google/timesfm-1.0-200m-pytorch,price,history,2026-01-13,6963.740234375
timesfm,1.0,google/timesfm-1.0-200m-pytorch,price,history,2026-01-14,6926.60009765625
timesfm,1.0,google/timesfm-1.0-200m-pytorch,price,history,2026-01-15,6944.47021484375
timesfm,1.0,google/timesfm-1.0-200m-pytorch,price,history,2026-01-16,6940.009765625
timesfm,1.0,google/timesfm-1.0-200m-pytorch,price,history,2026-01-20,6796.85986328125
timesfm,1.0,google/timesfm-1.0-200m-pytorch,price,history,2026-01-21,6875.6201171875
timesfm,1.0,google/timesfm-1.0-200m-pytorch,price,history,2026-01-22,6913.35009765625
timesfm,1.0,google/timesfm-1.0-200m-pytorch,price,history,2026-01-23,6915.60986328125
timesfm,1.0,google/timesfm-1.0-200m-pytorch,price,history,2026-01-26,6950.22998046875
timesfm,1.0,google/timesfm-1.0-200m-pytorch,price,history,2026-01-27,6978.60009765625
timesfm,1.0,google/timesfm-1.0-200m-pytorch,price,history,2026-01-28,6978.02978515625
timesfm,1.0,google/timesfm-1.0-200m-pytorch,price,history,2026-01-29,6969.009765625
timesfm,1.0,google/timesfm-1.0-200m-pytorch,price,history,2026-01-30,6939.02978515625
timesfm,1.0,google/timesfm-1.0-200m-pytorch,price,history,2026-02-02,6976.43994140625
timesfm,1.0,google/timesfm-1.0-200m-pytorch,price,history,2026-02-03,6917.81005859375
timesfm,1.0,google/timesfm-1.0-200m-pytorch,price,history,2026-02-04,6882.72021484375
timesfm,1.0,google/timesfm-1.0-200m-pytorch,price,history,2026-02-05,6798.39990234375
timesfm,1.0,google/timesfm-1.0-200m-pytorch,price,history,2026-02-06,6932.2998046875
timesfm,1.0,google/timesfm-1.0-200m-pytorch,price,history,2026-02-09,6964.81982421875
timesfm,1.0,google/timesfm-1.0-200m-pytorch,price,history,2026-02-10,6941.81005859375
timesfm,1.0,google/timesfm-1.0-200m-pytorch,price,history,2026-02-11,6941.47021484375
timesfm,1.0,google/timesfm-1.0-200m-pytorch,price,history,2026-02-12,6832.759765625
timesfm,1.0,google/timesfm-1.0-200m-pytorch,price,history,2026-02-13,6836.169921875
timesfm,1.0,google/timesfm-1.0-200m-pytorch,price,history,2026-02-17,6843.22021484375
timesfm,1.0,google/timesfm-1.0-200m-pytorch,price,history,2026-02-18,6881.31005859375
timesfm,1.0,google/timesfm-1.0-200m-pytorch,price,history,2026-02-19,6861.89013671875
timesfm,1.0,google/timesfm-1.0-200m-pytorch,price,history,2026-02-20,6909.509765625
timesfm,1.0,google/timesfm-1.0-200m-pytorch,price,history,2026-02-23,6837.75
timesfm,1.0,google/timesfm-1.0-200m-pytorch,price,history,2026-02-24,6890.06982421875
timesfm,1.0,google/timesfm-1.0-200m-pytorch,price,history,2026-02-25,6946.1298828125
timesfm,1.0,google/timesfm-1.0-200m-pytorch,price,history,2026-02-26,6908.85986328125
timesfm,1.0,google/timesfm-1.0-200m-pytorch,price,history,2026-02-27,6878.8798828125
timesfm,1.0,google/timesfm-1.0-200m-pytorch,price,history,2026-03-02,6881.6201171875
timesfm,1.0,google/timesfm-1.0-200m-pytorch,price,history,2026-03-03,6816.6298828125
timesfm,1.0,google/timesfm-1.0-200m-pytorch,price,history,2026-03-04,6869.5
timesfm,1.0,google/timesfm-1.0-200m-pytorch,price,history,2026-03-05,6830.7099609375
timesfm,1.0,google/timesfm-1.0-200m-pytorch,price,history,2026-03-06,6740.02001953125
timesfm,1.0,google/timesfm-1.0-200m-pytorch,price,history,2026-03-09,6795.990234375
timesfm,1.0,google/timesfm-1.0-200m-pytorch,price,history,2026-03-10,6781.47998046875
timesfm,1.0,google/timesfm-1.0-200m-pytorch,price,history,2026-03-11,6775.7998046875
timesfm,1.0,google/timesfm-1.0-200m-pytorch,price,history,2026-03-12,6672.6201171875
timesfm,1.0,google/timesfm-1.0-200m-pytorch,price,history,2026-03-13,6632.18994140625
timesfm,1.0,google/timesfm-1.0-200m-pytorch,price,history,2026-03-16,6699.3798828125
timesfm,1.0,google/timesfm-1.0-200m-pytorch,price,history,2026-03-17,6716.08984375
timesfm,1.0,google/timesfm-1.0-200m-pytorch,price,history,2026-03-18,6624.7001953125
timesfm,1.0,google/timesfm-1.0-200m-pytorch,price,history,2026-03-19,6606.490234375
timesfm,1.0,google/timesfm-1.0-200m-pytorch,price,history,2026-03-20,6506.47998046875
timesfm,1.0,google/timesfm-1.0-200m-pytorch,price,history,2026-03-23,6581.0
timesfm,1.0,google/timesfm-1.0-200m-pytorch,price,history,2026-03-24,6556.3701171875
timesfm,1.0,google/timesfm-1.0-200m-pytorch,price,history,2026-03-25,6591.89990234375
timesfm,1.0,google/timesfm-1.0-200m-pytorch,price,history,2026-03-26,6477.16015625
timesfm,1.0,google/timesfm-1.0-200m-pytorch,price,history,2026-03-27,6368.85009765625
timesfm,1.0,google/timesfm-1.0-200m-pytorch,price,history,2026-03-30,6343.72021484375
timesfm,1.0,google/timesfm-1.0-200m-pytorch,price,history,2026-03-31,6528.52001953125
timesfm,1.0,google/timesfm-1.0-200m-pytorch,price,history,2026-04-01,6575.31982421875
timesfm,1.0,google/timesfm-1.0-200m-pytorch,price,history,2026-04-02,6582.68994140625
timesfm,1.0,google/timesfm-1.0-200m-pytorch,price,history,2026-04-06,6611.830078125
timesfm,1.0,google/timesfm-1.0-200m-pytorch,price,history,2026-04-07,6616.85009765625
timesfm,1.0,google/timesfm-1.0-200m-pytorch,price,history,2026-04-08,6782.81005859375
timesfm,1.0,google/timesfm-1.0-200m-pytorch,price,history,2026-04-09,6824.66015625
timesfm,1.0,google/timesfm-1.0-200m-pytorch,price,history,2026-04-10,6816.89013671875
timesfm,1.0,google/timesfm-1.0-200m-pytorch,price,history,2026-04-13,6886.240234375
timesfm,1.0,google/timesfm-1.0-200m-pytorch,price,history,2026-04-14,6967.3798828125
timesfm,1.0,google/timesfm-1.0-200m-pytorch,price,history,2026-04-15,7022.9501953125
timesfm,1.0,google/timesfm-1.0-200m-pytorch,price,history,2026-04-16,7041.27978515625
timesfm,1.0,google/timesfm-1.0-200m-pytorch,price,history,2026-04-17,7126.06005859375
timesfm,1.0,google/timesfm-1.0-200m-pytorch,price,history,2026-04-20,7109.14013671875
timesfm,1.0,google/timesfm-1.0-200m-pytorch,price,history,2026-04-21,7064.009765625
timesfm,1.0,google/timesfm-1.0-200m-pytorch,price,history,2026-04-22,7137.89990234375
timesfm,1.0,google/timesfm-1.0-200m-pytorch,price,history,2026-04-23,7108.39990234375
timesfm,1.0,google/timesfm-1.0-200m-pytorch,price,history,2026-04-24,7165.080078125
timesfm,1.0,google/timesfm-1.0-200m-pytorch,price,history,2026-04-27,7173.91015625
timesfm,1.0,google/timesfm-1.0-200m-pytorch,price,history,2026-04-28,7138.7998046875
timesfm,1.0,google/timesfm-1.0-200m-pytorch,price,history,2026-04-29,7135.9501953125
timesfm,1.0,google/timesfm-1.0-200m-pytorch,price,history,2026-04-30,7209.009765625
timesfm,1.0,google/timesfm-1.0-200m-pytorch,price,history,2026-05-01,7230.1201171875
timesfm,1.0,google/timesfm-1.0-200m-pytorch,price,history,2026-05-04,7200.75
timesfm,1.0,google/timesfm-1.0-200m-pytorch,price,history,2026-05-05,7259.22021484375
timesfm,1.0,google/timesfm-1.0-200m-pytorch,price,history,2026-05-06,7365.1201171875
timesfm,1.0,google/timesfm-1.0-200m-pytorch,price,history,2026-05-07,7337.10986328125
timesfm,1.0,google/timesfm-1.0-200m-pytorch,price,history,2026-05-08,7398.93017578125
timesfm,1.0,google/timesfm-1.0-200m-pytorch,price,history,2026-05-11,7412.83984375
timesfm,1.0,google/timesfm-1.0-200m-pytorch,price,history,2026-05-12,7400.9599609375
timesfm,1.0,google/timesfm-1.0-200m-pytorch,price,history,2026-05-13,7444.25
timesfm,1.0,google/timesfm-1.0-200m-pytorch,price,history,2026-05-14,7501.240234375
timesfm,1.0,google/timesfm-1.0-200m-pytorch,price,history,2026-05-15,7408.5
timesfm,1.0,google/timesfm-1.0-200m-pytorch,price,history,2026-05-18,7403.0498046875
timesfm,1.0,google/timesfm-1.0-200m-pytorch,price,history,2026-05-19,7353.60986328125
timesfm,1.0,google/timesfm-1.0-200m-pytorch,price,history,2026-05-20,7432.97021484375
timesfm,1.0,google/timesfm-1.0-200m-pytorch,price,history,2026-05-21,7445.72021484375
timesfm,1.0,google/timesfm-1.0-200m-pytorch,price,history,2026-05-22,7473.47021484375
timesfm,1.0,google/timesfm-1.0-200m-pytorch,price,history,2026-05-26,7519.1201171875
timesfm,1.0,google/timesfm-1.0-200m-pytorch,price,history,2026-05-27,7520.35986328125
timesfm,1.0,google/timesfm-1.0-200m-pytorch,price,history,2026-05-28,7563.6298828125
timesfm,1.0,google/timesfm-1.0-200m-pytorch,price,history,2026-05-29,7580.06005859375
timesfm,1.0,google/timesfm-1.0-200m-pytorch,price,history,2026-06-01,7599.9599609375
timesfm,1.0,google/timesfm-1.0-200m-pytorch,price,history,2026-06-02,7609.77978515625
timesfm,1.0,google/timesfm-1.0-200m-pytorch,price,history,2026-06-03,7553.68017578125
timesfm,1.0,google/timesfm-1.0-200m-pytorch,price,history,2026-06-04,7584.31005859375
timesfm,1.0,google/timesfm-1.0-200m-pytorch,price,history,2026-06-05,7383.740234375
timesfm,1.0,google/timesfm-1.0-200m-pytorch,price,history,2026-06-08,7405.72998046875
timesfm,1.0,google/timesfm-1.0-200m-pytorch,price,history,2026-06-09,7386.64990234375
timesfm,1.0,google/timesfm-1.0-200m-pytorch,price,history,2026-06-10,7266.990234375
timesfm,1.0,google/timesfm-1.0-200m-pytorch,price,history,2026-06-11,7394.2998046875
timesfm,1.0,google/timesfm-1.0-200m-pytorch,price,history,2026-06-12,7431.4599609375
timesfm,1.0,google/timesfm-1.0-200m-pytorch,price,history,2026-06-15,7554.2900390625
timesfm,1.0,google/timesfm-1.0-200m-pytorch,price,history,2026-06-16,7511.35009765625
timesfm,1.0,google/timesfm-1.0-200m-pytorch,price,history,2026-06-17,7420.10009765625
timesfm,1.0,google/timesfm-1.0-200m-pytorch,price,history,2026-06-18,7500.580078125
timesfm,1.0,google/timesfm-1.0-200m-pytorch,price,history,2026-06-22,7472.7900390625
timesfm,1.0,google/timesfm-1.0-200m-pytorch,price,history,2026-06-23,7365.4599609375
timesfm,1.0,google/timesfm-1.0-200m-pytorch,price,history,2026-06-24,7358.22021484375
timesfm,1.0,google/timesfm-1.0-200m-pytorch,price,history,2026-06-25,7357.490234375
timesfm,1.0,google/timesfm-1.0-200m-pytorch,price,history,2026-06-26,7354.02001953125
timesfm,1.0,google/timesfm-1.0-200m-pytorch,price,history,2026-06-29,7440.43017578125
timesfm,1.0,google/timesfm-1.0-200m-pytorch,price,history,2026-06-30,7499.35986328125
timesfm,1.0,google/timesfm-1.0-200m-pytorch,price,history,2026-07-01,7483.22998046875
timesfm,1.0,google/timesfm-1.0-200m-pytorch,price,history,2026-07-02,7483.240234375
timesfm,1.0,google/timesfm-1.0-200m-pytorch,price,history,2026-07-06,7537.43017578125
timesfm,1.0,google/timesfm-1.0-200m-pytorch,price,history,2026-07-07,7503.85009765625
timesfm,1.0,google/timesfm-1.0-200m-pytorch,price,history,2026-07-08,7482.7099609375
timesfm,1.0,google/timesfm-1.0-200m-pytorch,price,history,2026-07-09,7543.64013671875
timesfm,1.0,google/timesfm-1.0-200m-pytorch,price,actual,2026-07-10,7575.39013671875
timesfm,1.0,google/timesfm-1.0-200m-pytorch,price,actual,2026-07-13,7515.33984375
timesfm,1.0,google/timesfm-1.0-200m-pytorch,price,actual,2026-07-14,7543.58984375
timesfm,1.0,google/timesfm-1.0-200m-pytorch,price,actual,2026-07-15,7572.39990234375
timesfm,1.0,google/timesfm-1.0-200m-pytorch,price,actual,2026-07-16,7533.77001953125
timesfm,1.0,google/timesfm-1.0-200m-pytorch,price,actual,2026-07-17,7457.68994140625
timesfm,1.0,google/timesfm-1.0-200m-pytorch,price,actual,2026-07-20,7443.27978515625
timesfm,1.0,google/timesfm-1.0-200m-pytorch,price,actual,2026-07-21,7509.2001953125
timesfm,1.0,google/timesfm-1.0-200m-pytorch,price,actual,2026-07-22,7498.9599609375
timesfm,1.0,google/timesfm-1.0-200m-pytorch,price,actual,2026-07-23,7408.2998046875
timesfm,1.0,google/timesfm-1.0-200m-pytorch,price,actual,2026-07-24,7411.97998046875
timesfm,1.0,google/timesfm-1.0-200m-pytorch,price,actual,2026-07-27,7413.18017578125
timesfm,1.0,google/timesfm-1.0-200m-pytorch,price,actual,2026-07-28,7428.77978515625
timesfm,1.0,google/timesfm-1.0-200m-pytorch,price,actual,2026-07-29,7316.14990234375
timesfm,1.0,google/timesfm-1.0-200m-pytorch,price,actual,2026-07-30,7437.6298828125
timesfm,1.0,google/timesfm-1.0-200m-pytorch,price,actual,2026-07-31,7489.72021484375
timesfm,1.0,google/timesfm-1.0-200m-pytorch,price,actual,2026-08-03,7600.5
timesfm,1.0,google/timesfm-1.0-200m-pytorch,price,actual,2026-08-04,7736.52001953125
timesfm,1.0,google/timesfm-1.0-200m-pytorch,price,actual,2026-08-05,7723.5498046875
timesfm,1.0,google/timesfm-1.0-200m-pytorch,price,actual,2026-08-06,7709.9599609375
timesfm,1.0,google/timesfm-1.0-200m-pytorch,price,actual,2026-08-07,7757.64013671875
timesfm,1.0,google/timesfm-1.0-200m-pytorch,price,naive,2026-07-10,7543.64013671875
timesfm,1.0,google/timesfm-1.0-200m-pytorch,price,naive,2026-07-13,7543.64013671875
timesfm,1.0,google/timesfm-1.0-200m-pytorch,price,naive,2026-07-14,7543.64013671875
timesfm,1.0,google/timesfm-1.0-200m-pytorch,price,naive,2026-07-15,7543.64013671875
timesfm,1.0,google/timesfm-1.0-200m-pytorch,price,naive,2026-07-16,7543.64013671875
timesfm,1.0,google/timesfm-1.0-200m-pytorch,price,naive,2026-07-17,7543.64013671875
timesfm,1.0,google/timesfm-1.0-200m-pytorch,price,naive,2026-07-20,7543.64013671875
timesfm,1.0,google/timesfm-1.0-200m-pytorch,price,naive,2026-07-21,7543.64013671875
timesfm,1.0,google/timesfm-1.0-200m-pytorch,price,naive,2026-07-22,7543.64013671875
timesfm,1.0,google/timesfm-1.0-200m-pytorch,price,naive,2026-07-23,7543.64013671875
timesfm,1.0,google/timesfm-1.0-200m-pytorch,price,naive,2026-07-24,7543.64013671875
timesfm,1.0,google/timesfm-1.0-200m-pytorch,price,naive,2026-07-27,7543.64013671875
timesfm,1.0,google/timesfm-1.0-200m-pytorch,price,naive,2026-07-28,7543.64013671875
timesfm,1.0,google/timesfm-1.0-200m-pytorch,price,naive,2026-07-29,7543.64013671875
timesfm,1.0,google/timesfm-1.0-200m-pytorch,price,naive,2026-07-30,7543.64013671875
timesfm,1.0,google/timesfm-1.0-200m-pytorch,price,naive,2026-07-31,7543.64013671875
timesfm,1.0,google/timesfm-1.0-200m-pytorch,price,naive,2026-08-03,7543.64013671875
timesfm,1.0,google/timesfm-1.0-200m-pytorch,price,naive,2026-08-04,7543.64013671875
timesfm,1.0,google/timesfm-1.0-200m-pytorch,price,naive,2026-08-05,7543.64013671875
timesfm,1.0,google/timesfm-1.0-200m-pytorch,price,naive,2026-08-06,7543.64013671875
timesfm,1.0,google/timesfm-1.0-200m-pytorch,price,naive,2026-08-07,7543.64013671875
timesfm,1.0,google/timesfm-1.0-200m-pytorch,price,forecast,2026-07-10,7589.56640625
timesfm,1.0,google/timesfm-1.0-200m-pytorch,price,forecast,2026-07-13,7585.8720703125
timesfm,1.0,google/timesfm-1.0-200m-pytorch,price,forecast,2026-07-14,7577.64404296875
timesfm,1.0,google/timesfm-1.0-200m-pytorch,price,forecast,2026-07-15,7580.25390625
timesfm,1.0,google/timesfm-1.0-200m-pytorch,price,forecast,2026-07-16,7590.4560546875
timesfm,1.0,google/timesfm-1.0-200m-pytorch,price,forecast,2026-07-17,7604.322265625
timesfm,1.0,google/timesfm-1.0-200m-pytorch,price,forecast,2026-07-20,7621.5791015625
timesfm,1.0,google/timesfm-1.0-200m-pytorch,price,forecast,2026-07-21,7635.724609375
timesfm,1.0,google/timesfm-1.0-200m-pytorch,price,forecast,2026-07-22,7667.0029296875
timesfm,1.0,google/timesfm-1.0-200m-pytorch,price,forecast,2026-07-23,7661.60791015625
timesfm,1.0,google/timesfm-1.0-200m-pytorch,price,forecast,2026-07-24,7658.671875
timesfm,1.0,google/timesfm-1.0-200m-pytorch,price,forecast,2026-07-27,7656.97412109375
timesfm,1.0,google/timesfm-1.0-200m-pytorch,price,forecast,2026-07-28,7653.470703125
timesfm,1.0,google/timesfm-1.0-200m-pytorch,price,forecast,2026-07-29,7663.1787109375
timesfm,1.0,google/timesfm-1.0-200m-pytorch,price,forecast,2026-07-30,7648.4892578125
timesfm,1.0,google/timesfm-1.0-200m-pytorch,price,forecast,2026-07-31,7652.013671875
timesfm,1.0,google/timesfm-1.0-200m-pytorch,price,forecast,2026-08-03,7637.7734375
timesfm,1.0,google/timesfm-1.0-200m-pytorch,price,forecast,2026-08-04,7643.58447265625
timesfm,1.0,google/timesfm-1.0-200m-pytorch,price,forecast,2026-08-05,7648.44873046875
timesfm,1.0,google/timesfm-1.0-200m-pytorch,price,forecast,2026-08-06,7645.263671875
timesfm,1.0,google/timesfm-1.0-200m-pytorch,price,forecast,2026-08-07,7656.2158203125
timesfm,1.0,google/timesfm-1.0-200m-pytorch,simple_return,history,2024-06-24,-0.003065171894990004
timesfm,1.0,google/timesfm-1.0-200m-pytorch,simple_return,history,2024-06-25,0.003933590015736899
timesfm,1.0,google/timesfm-1.0-200m-pytorch,simple_return,history,2024-06-26,0.0015724312002203256
timesfm,1.0,google/timesfm-1.0-200m-pytorch,simple_return,history,2024-06-27,0.0009073212238914774
timesfm,1.0,google/timesfm-1.0-200m-pytorch,simple_return,history,2024-06-28,-0.004083652583445674
timesfm,1.0,google/timesfm-1.0-200m-pytorch,simple_return,history,2024-07-01,0.0026755639309195
timesfm,1.0,google/timesfm-1.0-200m-pytorch,simple_return,history,2024-07-02,0.006195317856513505
timesfm,1.0,google/timesfm-1.0-200m-pytorch,simple_return,history,2024-07-03,0.005084444409779065
timesfm,1.0,google/timesfm-1.0-200m-pytorch,simple_return,history,2024-07-05,0.005448765178485582
timesfm,1.0,google/timesfm-1.0-200m-pytorch,simple_return,history,2024-07-08,0.0010166989647510949
timesfm,1.0,google/timesfm-1.0-200m-pytorch,simple_return,history,2024-07-09,0.0007410719362856977
timesfm,1.0,google/timesfm-1.0-200m-pytorch,simple_return,history,2024-07-10,0.010208065293514812
timesfm,1.0,google/timesfm-1.0-200m-pytorch,simple_return,history,2024-07-11,-0.008763028841120457
timesfm,1.0,google/timesfm-1.0-200m-pytorch,simple_return,history,2024-07-12,0.0055170270744306915
timesfm,1.0,google/timesfm-1.0-200m-pytorch,simple_return,history,2024-07-15,0.0028262026252154904
timesfm,1.0,google/timesfm-1.0-200m-pytorch,simple_return,history,2024-07-16,0.006389375498743188
timesfm,1.0,google/timesfm-1.0-200m-pytorch,simple_return,history,2024-07-17,-0.013927543241993745
timesfm,1.0,google/timesfm-1.0-200m-pytorch,simple_return,history,2024-07-18,-0.007816403936922511
timesfm,1.0,google/timesfm-1.0-200m-pytorch,simple_return,history,2024-07-19,-0.007140265531926926
timesfm,1.0,google/timesfm-1.0-200m-pytorch,simple_return,history,2024-07-22,0.01079203564940956
timesfm,1.0,google/timesfm-1.0-200m-pytorch,simple_return,history,2024-07-23,-0.001558102589770738
timesfm,1.0,google/timesfm-1.0-200m-pytorch,simple_return,history,2024-07-24,-0.02314909375473495
timesfm,1.0,google/timesfm-1.0-200m-pytorch,simple_return,history,2024-07-25,-0.005142620237842288
timesfm,1.0,google/timesfm-1.0-200m-pytorch,simple_return,history,2024-07-26,0.011090468702846357
timesfm,1.0,google/timesfm-1.0-200m-pytorch,simple_return,history,2024-07-29,0.0008133101292933098
timesfm,1.0,google/timesfm-1.0-200m-pytorch,simple_return,history,2024-07-30,-0.004960171878030217
timesfm,1.0,google/timesfm-1.0-200m-pytorch,simple_return,history,2024-07-31,0.0157933986591674
timesfm,1.0,google/timesfm-1.0-200m-pytorch,simple_return,history,2024-08-01,-0.013693502993456064
timesfm,1.0,google/timesfm-1.0-200m-pytorch,simple_return,history,2024-08-02,-0.018381860868696753
timesfm,1.0,google/timesfm-1.0-200m-pytorch,simple_return,history,2024-08-05,-0.02996879838863975
timesfm,1.0,google/timesfm-1.0-200m-pytorch,simple_return,history,2024-08-06,0.010354085880061037
timesfm,1.0,google/timesfm-1.0-200m-pytorch,simple_return,history,2024-08-07,-0.007734647858502863
timesfm,1.0,google/timesfm-1.0-200m-pytorch,simple_return,history,2024-08-08,0.023042611519136447
timesfm,1.0,google/timesfm-1.0-200m-pytorch,simple_return,history,2024-08-09,0.004671676849538509
timesfm,1.0,google/timesfm-1.0-200m-pytorch,simple_return,history,2024-08-12,4.303397765514916e-05
timesfm,1.0,google/timesfm-1.0-200m-pytorch,simple_return,history,2024-08-13,0.016847579753558328
timesfm,1.0,google/timesfm-1.0-200m-pytorch,simple_return,history,2024-08-14,0.0038237284285767004
timesfm,1.0,google/timesfm-1.0-200m-pytorch,simple_return,history,2024-08-15,0.016133247764330783
timesfm,1.0,google/timesfm-1.0-200m-pytorch,simple_return,history,2024-08-16,0.001989779357261412
timesfm,1.0,google/timesfm-1.0-200m-pytorch,simple_return,history,2024-08-19,0.009722284736913167
timesfm,1.0,google/timesfm-1.0-200m-pytorch,simple_return,history,2024-08-20,-0.0019845553982971165
timesfm,1.0,google/timesfm-1.0-200m-pytorch,simple_return,history,2024-08-21,0.004239676828782013
timesfm,1.0,google/timesfm-1.0-200m-pytorch,simple_return,history,2024-08-22,-0.008932805548120926
timesfm,1.0,google/timesfm-1.0-200m-pytorch,simple_return,history,2024-08-23,0.01148337085011919
timesfm,1.0,google/timesfm-1.0-200m-pytorch,simple_return,history,2024-08-26,-0.0031537266931381813
timesfm,1.0,google/timesfm-1.0-200m-pytorch,simple_return,history,2024-08-27,0.0015951960865450143
timesfm,1.0,google/timesfm-1.0-200m-pytorch,simple_return,history,2024-08-28,-0.00597597320797616
timesfm,1.0,google/timesfm-1.0-200m-pytorch,simple_return,history,2024-08-29,-3.937906806072977e-05
timesfm,1.0,google/timesfm-1.0-200m-pytorch,simple_return,history,2024-08-30,0.010093051774424433
timesfm,1.0,google/timesfm-1.0-200m-pytorch,simple_return,history,2024-09-03,-0.02115107439771169
timesfm,1.0,google/timesfm-1.0-200m-pytorch,simple_return,history,2024-09-04,-0.0016025435809103872
timesfm,1.0,google/timesfm-1.0-200m-pytorch,simple_return,history,2024-09-05,-0.003018017615584734
timesfm,1.0,google/timesfm-1.0-200m-pytorch,simple_return,history,2024-09-06,-0.01726024985928465
timesfm,1.0,google/timesfm-1.0-200m-pytorch,simple_return,history,2024-09-09,0.0115800702824842
timesfm,1.0,google/timesfm-1.0-200m-pytorch,simple_return,history,2024-09-10,0.004472672652839682
timesfm,1.0,google/timesfm-1.0-200m-pytorch,simple_return,history,2024-09-11,0.010665025888896507
timesfm,1.0,google/timesfm-1.0-200m-pytorch,simple_return,history,2024-09-12,0.007495302358939249
timesfm,1.0,google/timesfm-1.0-200m-pytorch,simple_return,history,2024-09-13,0.005407711405364557
timesfm,1.0,google/timesfm-1.0-200m-pytorch,simple_return,history,2024-09-16,0.0012566297656613212
timesfm,1.0,google/timesfm-1.0-200m-pytorch,simple_return,history,2024-09-17,0.00026455008109871336
timesfm,1.0,google/timesfm-1.0-200m-pytorch,simple_return,history,2024-09-18,-0.002896455862498093
timesfm,1.0,google/timesfm-1.0-200m-pytorch,simple_return,history,2024-09-19,0.01697685316676334
timesfm,1.0,google/timesfm-1.0-200m-pytorch,simple_return,history,2024-09-20,-0.0019410273951238066
timesfm,1.0,google/timesfm-1.0-200m-pytorch,simple_return,history,2024-09-23,0.0028092730585327352
timesfm,1.0,google/timesfm-1.0-200m-pytorch,simple_return,history,2024-09-24,0.0025111788443470395
timesfm,1.0,google/timesfm-1.0-200m-pytorch,simple_return,history,2024-09-25,-0.0018612489301417234
timesfm,1.0,google/timesfm-1.0-200m-pytorch,simple_return,history,2024-09-26,0.00403867571712313
timesfm,1.0,google/timesfm-1.0-200m-pytorch,simple_return,history,2024-09-27,-0.0012532169669905446
timesfm,1.0,google/timesfm-1.0-200m-pytorch,simple_return,history,2024-09-30,0.004236552581176722
timesfm,1.0,google/timesfm-1.0-200m-pytorch,simple_return,history,2024-10-01,-0.009324107094664358
timesfm,1.0,google/timesfm-1.0-200m-pytorch,simple_return,history,2024-10-02,0.00013839090212397487
timesfm,1.0,google/timesfm-1.0-200m-pytorch,simple_return,history,2024-10-03,-0.001681413492255035
timesfm,1.0,google/timesfm-1.0-200m-pytorch,simple_return,history,2024-10-04,0.008970249395274354
timesfm,1.0,google/timesfm-1.0-200m-pytorch,simple_return,history,2024-10-07,-0.009586022165882668
timesfm,1.0,google/timesfm-1.0-200m-pytorch,simple_return,history,2024-10-08,0.009689347495581924
timesfm,1.0,google/timesfm-1.0-200m-pytorch,simple_return,history,2024-10-09,0.007113411987488272
timesfm,1.0,google/timesfm-1.0-200m-pytorch,simple_return,history,2024-10-10,-0.002070122839989974
timesfm,1.0,google/timesfm-1.0-200m-pytorch,simple_return,history,2024-10-11,0.006051847587953629
timesfm,1.0,google/timesfm-1.0-200m-pytorch,simple_return,history,2024-10-14,0.0077076668832223305
timesfm,1.0,google/timesfm-1.0-200m-pytorch,simple_return,history,2024-10-15,-0.007609466332438197
timesfm,1.0,google/timesfm-1.0-200m-pytorch,simple_return,history,2024-10-16,0.004679145956573816
timesfm,1.0,google/timesfm-1.0-200m-pytorch,simple_return,history,2024-10-17,-0.00017116047891174713
timesfm,1.0,google/timesfm-1.0-200m-pytorch,simple_return,history,2024-10-18,0.00397155273894878
timesfm,1.0,google/timesfm-1.0-200m-pytorch,simple_return,history,2024-10-21,-0.0018227694906369774
timesfm,1.0,google/timesfm-1.0-200m-pytorch,simple_return,history,2024-10-22,-0.0004748538883844189
timesfm,1.0,google/timesfm-1.0-200m-pytorch,simple_return,history,2024-10-23,-0.009191323428069387
timesfm,1.0,google/timesfm-1.0-200m-pytorch,simple_return,history,2024-10-24,0.002145772011323821
timesfm,1.0,google/timesfm-1.0-200m-pytorch,simple_return,history,2024-10-25,-0.00029944716993013376
timesfm,1.0,google/timesfm-1.0-200m-pytorch,simple_return,history,2024-10-28,0.0026514435020339455
timesfm,1.0,google/timesfm-1.0-200m-pytorch,simple_return,history,2024-10-29,0.001614127248163344
timesfm,1.0,google/timesfm-1.0-200m-pytorch,simple_return,history,2024-10-30,-0.003300233889343751
timesfm,1.0,google/timesfm-1.0-200m-pytorch,simple_return,history,2024-10-31,-0.018614700871699585
timesfm,1.0,google/timesfm-1.0-200m-pytorch,simple_return,history,2024-11-01,0.004092509543626166
timesfm,1.0,google/timesfm-1.0-200m-pytorch,simple_return,history,2024-11-04,-0.002812083478299976
timesfm,1.0,google/timesfm-1.0-200m-pytorch,simple_return,history,2024-11-05,0.012265644545291332
timesfm,1.0,google/timesfm-1.0-200m-pytorch,simple_return,history,2024-11-06,0.025295927786425976
timesfm,1.0,google/timesfm-1.0-200m-pytorch,simple_return,history,2024-11-07,0.007431229727488331
timesfm,1.0,google/timesfm-1.0-200m-pytorch,simple_return,history,2024-11-08,0.0037568333092317108
timesfm,1.0,google/timesfm-1.0-200m-pytorch,simple_return,history,2024-11-11,0.0009690634297987444
timesfm,1.0,google/timesfm-1.0-200m-pytorch,simple_return,history,2024-11-12,-0.00289265965137242
timesfm,1.0,google/timesfm-1.0-200m-pytorch,simple_return,history,2024-11-13,0.00023222772482434095
timesfm,1.0,google/timesfm-1.0-200m-pytorch,simple_return,history,2024-11-14,-0.006049734794859041
timesfm,1.0,google/timesfm-1.0-200m-pytorch,simple_return,history,2024-11-15,-0.013203489851361216
timesfm,1.0,google/timesfm-1.0-200m-pytorch,simple_return,history,2024-11-18,0.003917814394541086
timesfm,1.0,google/timesfm-1.0-200m-pytorch,simple_return,history,2024-11-19,0.003963584828470035
timesfm,1.0,google/timesfm-1.0-200m-pytorch,simple_return,history,2024-11-20,2.195086225209586e-05
timesfm,1.0,google/timesfm-1.0-200m-pytorch,simple_return,history,2024-11-21,0.0053404615405816536
timesfm,1.0,google/timesfm-1.0-200m-pytorch,simple_return,history,2024-11-22,0.003467959094991535
timesfm,1.0,google/timesfm-1.0-200m-pytorch,simple_return,history,2024-11-25,0.003020480305938378
timesfm,1.0,google/timesfm-1.0-200m-pytorch,simple_return,history,2024-11-26,0.005722005647630368
timesfm,1.0,google/timesfm-1.0-200m-pytorch,simple_return,history,2024-11-27,-0.003801238017440034
timesfm,1.0,google/timesfm-1.0-200m-pytorch,simple_return,history,2024-11-29,0.005607785488815242
timesfm,1.0,google/timesfm-1.0-200m-pytorch,simple_return,history,2024-12-02,0.0024484564662998753
timesfm,1.0,google/timesfm-1.0-200m-pytorch,simple_return,history,2024-12-03,0.0004514491145146682
timesfm,1.0,google/timesfm-1.0-200m-pytorch,simple_return,history,2024-12-04,0.006051417924264779
timesfm,1.0,google/timesfm-1.0-200m-pytorch,simple_return,history,2024-12-05,-0.0018697756269248078
timesfm,1.0,google/timesfm-1.0-200m-pytorch,simple_return,history,2024-12-06,0.0024954538421815275
timesfm,1.0,google/timesfm-1.0-200m-pytorch,simple_return,history,2024-12-09,-0.006144213927296471
timesfm,1.0,google/timesfm-1.0-200m-pytorch,simple_return,history,2024-12-10,-0.002963883313944371
timesfm,1.0,google/timesfm-1.0-200m-pytorch,simple_return,history,2024-12-11,0.008165786048233592
timesfm,1.0,google/timesfm-1.0-200m-pytorch,simple_return,history,2024-12-12,-0.005414022527810203
timesfm,1.0,google/timesfm-1.0-200m-pytorch,simple_return,history,2024-12-13,-2.6466639124200775e-05
timesfm,1.0,google/timesfm-1.0-200m-pytorch,simple_return,history,2024-12-16,0.0037993543260221863
timesfm,1.0,google/timesfm-1.0-200m-pytorch,simple_return,history,2024-12-17,-0.003863994965801476
timesfm,1.0,google/timesfm-1.0-200m-pytorch,simple_return,history,2024-12-18,-0.02949284635160343
timesfm,1.0,google/timesfm-1.0-200m-pytorch,simple_return,history,2024-12-19,-0.0008651123249070469
timesfm,1.0,google/timesfm-1.0-200m-pytorch,simple_return,history,2024-12-20,0.010869123768910471
timesfm,1.0,google/timesfm-1.0-200m-pytorch,simple_return,history,2024-12-23,0.007287273468533639
timesfm,1.0,google/timesfm-1.0-200m-pytorch,simple_return,history,2024-12-24,0.01104275925539211
timesfm,1.0,google/timesfm-1.0-200m-pytorch,simple_return,history,2024-12-26,-0.00040565878647391695
timesfm,1.0,google/timesfm-1.0-200m-pytorch,simple_return,history,2024-12-27,-0.011055736101235558
timesfm,1.0,google/timesfm-1.0-200m-pytorch,simple_return,history,2024-12-30,-0.010701995701766776
timesfm,1.0,google/timesfm-1.0-200m-pytorch,simple_return,history,2024-12-31,-0.004284800394927402
timesfm,1.0,google/timesfm-1.0-200m-pytorch,simple_return,history,2025-01-02,-0.0022238866412221947
timesfm,1.0,google/timesfm-1.0-200m-pytorch,simple_return,history,2025-01-03,0.01259602672149196
timesfm,1.0,google/timesfm-1.0-200m-pytorch,simple_return,history,2025-01-06,0.005538045085450305
timesfm,1.0,google/timesfm-1.0-200m-pytorch,simple_return,history,2025-01-07,-0.01110391288210788
timesfm,1.0,google/timesfm-1.0-200m-pytorch,simple_return,history,2025-01-08,0.001560360190925314
timesfm,1.0,google/timesfm-1.0-200m-pytorch,simple_return,history,2025-01-10,-0.01541164380306681
timesfm,1.0,google/timesfm-1.0-200m-pytorch,simple_return,history,2025-01-13,0.0015754440882007614
timesfm,1.0,google/timesfm-1.0-200m-pytorch,simple_return,history,2025-01-14,0.0011462798112440442
timesfm,1.0,google/timesfm-1.0-200m-pytorch,simple_return,history,2025-01-15,0.018312792279639112
timesfm,1.0,google/timesfm-1.0-200m-pytorch,simple_return,history,2025-01-16,-0.0021126894641922966
timesfm,1.0,google/timesfm-1.0-200m-pytorch,simple_return,history,2025-01-17,0.009991058969353706
timesfm,1.0,google/timesfm-1.0-200m-pytorch,simple_return,history,2025-01-21,0.008768227105582893
timesfm,1.0,google/timesfm-1.0-200m-pytorch,simple_return,history,2025-01-22,0.006137941522227575
timesfm,1.0,google/timesfm-1.0-200m-pytorch,simple_return,history,2025-01-23,0.00531348622041139
timesfm,1.0,google/timesfm-1.0-200m-pytorch,simple_return,history,2025-01-24,-0.002855132319398823
timesfm,1.0,google/timesfm-1.0-200m-pytorch,simple_return,history,2025-01-27,-0.014580715690809543
timesfm,1.0,google/timesfm-1.0-200m-pytorch,simple_return,history,2025-01-28,0.009217869449967608
timesfm,1.0,google/timesfm-1.0-200m-pytorch,simple_return,history,2025-01-29,-0.004678895760321544
timesfm,1.0,google/timesfm-1.0-200m-pytorch,simple_return,history,2025-01-30,0.005275414405311762
timesfm,1.0,google/timesfm-1.0-200m-pytorch,simple_return,history,2025-01-31,-0.005046825754019935
timesfm,1.0,google/timesfm-1.0-200m-pytorch,simple_return,history,2025-02-03,-0.007608597684666707
timesfm,1.0,google/timesfm-1.0-200m-pytorch,simple_return,history,2025-02-04,0.007224881828679752
timesfm,1.0,google/timesfm-1.0-200m-pytorch,simple_return,history,2025-02-05,0.003908672930614365
timesfm,1.0,google/timesfm-1.0-200m-pytorch,simple_return,history,2025-02-06,0.003644298722618622
timesfm,1.0,google/timesfm-1.0-200m-pytorch,simple_return,history,2025-02-07,-0.009464770111542897
timesfm,1.0,google/timesfm-1.0-200m-pytorch,simple_return,history,2025-02-10,0.006712541085862833
timesfm,1.0,google/timesfm-1.0-200m-pytorch,simple_return,history,2025-02-11,0.00033958278885926063
timesfm,1.0,google/timesfm-1.0-200m-pytorch,simple_return,history,2025-02-12,-0.0027238667143857365
timesfm,1.0,google/timesfm-1.0-200m-pytorch,simple_return,history,2025-02-13,0.010426292122230674
timesfm,1.0,google/timesfm-1.0-200m-pytorch,simple_return,history,2025-02-14,-7.194380749464546e-05
timesfm,1.0,google/timesfm-1.0-200m-pytorch,simple_return,history,2025-02-18,0.0024449877750611915
timesfm,1.0,google/timesfm-1.0-200m-pytorch,simple_return,history,2025-02-19,0.0023769693899173827
timesfm,1.0,google/timesfm-1.0-200m-pytorch,simple_return,history,2025-02-20,-0.0043341850761716705
timesfm,1.0,google/timesfm-1.0-200m-pytorch,simple_return,history,2025-02-21,-0.01706412670256352
timesfm,1.0,google/timesfm-1.0-200m-pytorch,simple_return,history,2025-02-24,-0.00496910650440241
timesfm,1.0,google/timesfm-1.0-200m-pytorch,simple_return,history,2025-02-25,-0.004679730915472358
timesfm,1.0,google/timesfm-1.0-200m-pytorch,simple_return,history,2025-02-26,0.00013602428004699796
timesfm,1.0,google/timesfm-1.0-200m-pytorch,simple_return,history,2025-02-27,-0.015864553655509872
timesfm,1.0,google/timesfm-1.0-200m-pytorch,simple_return,history,2025-02-28,0.01585414463498891
timesfm,1.0,google/timesfm-1.0-200m-pytorch,simple_return,history,2025-03-03,-0.0175967394669998
timesfm,1.0,google/timesfm-1.0-200m-pytorch,simple_return,history,2025-03-04,-0.012234826602200433
timesfm,1.0,google/timesfm-1.0-200m-pytorch,simple_return,history,2025-03-05,0.011159277893187936
timesfm,1.0,google/timesfm-1.0-200m-pytorch,simple_return,history,2025-03-06,-0.017819007085749905
timesfm,1.0,google/timesfm-1.0-200m-pytorch,simple_return,history,2025-03-07,0.00552061780274804
timesfm,1.0,google/timesfm-1.0-200m-pytorch,simple_return,history,2025-03-10,-0.0269730913054258
timesfm,1.0,google/timesfm-1.0-200m-pytorch,simple_return,history,2025-03-11,-0.007567865323653167
timesfm,1.0,google/timesfm-1.0-200m-pytorch,simple_return,history,2025-03-12,0.004886869929446425
timesfm,1.0,google/timesfm-1.0-200m-pytorch,simple_return,history,2025-03-13,-0.013890984206835322
timesfm,1.0,google/timesfm-1.0-200m-pytorch,simple_return,history,2025-03-14,0.021265869083087807
timesfm,1.0,google/timesfm-1.0-200m-pytorch,simple_return,history,2025-03-17,0.006416130719105961
timesfm,1.0,google/timesfm-1.0-200m-pytorch,simple_return,history,2025-03-18,-0.010653512117636543
timesfm,1.0,google/timesfm-1.0-200m-pytorch,simple_return,history,2025-03-19,0.010798495567894584
timesfm,1.0,google/timesfm-1.0-200m-pytorch,simple_return,history,2025-03-20,-0.0021848931523151816
timesfm,1.0,google/timesfm-1.0-200m-pytorch,simple_return,history,2025-03-21,0.0008246534476661349
timesfm,1.0,google/timesfm-1.0-200m-pytorch,simple_return,history,2025-03-24,0.017646000146633645
timesfm,1.0,google/timesfm-1.0-200m-pytorch,simple_return,history,2025-03-25,0.0015743334544251475
timesfm,1.0,google/timesfm-1.0-200m-pytorch,simple_return,history,2025-03-26,-0.011156934922627149
timesfm,1.0,google/timesfm-1.0-200m-pytorch,simple_return,history,2025-03-27,-0.003306980860763864
timesfm,1.0,google/timesfm-1.0-200m-pytorch,simple_return,history,2025-03-28,-0.01973722070834405
timesfm,1.0,google/timesfm-1.0-200m-pytorch,simple_return,history,2025-03-31,0.005538521570653376
timesfm,1.0,google/timesfm-1.0-200m-pytorch,simple_return,history,2025-04-01,0.0037812354559083605
timesfm,1.0,google/timesfm-1.0-200m-pytorch,simple_return,history,2025-04-02,0.006728194715792668
timesfm,1.0,google/timesfm-1.0-200m-pytorch,simple_return,history,2025-04-03,-0.04839563335990149
timesfm,1.0,google/timesfm-1.0-200m-pytorch,simple_return,history,2025-04-04,-0.05974960534553109
timesfm,1.0,google/timesfm-1.0-200m-pytorch,simple_return,history,2025-04-07,-0.0023314724921273955
timesfm,1.0,google/timesfm-1.0-200m-pytorch,simple_return,history,2025-04-08,-0.015700524562941354
timesfm,1.0,google/timesfm-1.0-200m-pytorch,simple_return,history,2025-04-09,0.09515387644904849
timesfm,1.0,google/timesfm-1.0-200m-pytorch,simple_return,history,2025-04-10,-0.03460757958472693
timesfm,1.0,google/timesfm-1.0-200m-pytorch,simple_return,history,2025-04-11,0.018092095201708958
timesfm,1.0,google/timesfm-1.0-200m-pytorch,simple_return,history,2025-04-14,0.007944712390868913
timesfm,1.0,google/timesfm-1.0-200m-pytorch,simple_return,history,2025-04-15,-0.0017277808903947145
timesfm,1.0,google/timesfm-1.0-200m-pytorch,simple_return,history,2025-04-16,-0.0224083715440897
timesfm,1.0,google/timesfm-1.0-200m-pytorch,simple_return,history,2025-04-17,0.0013268380955802073
timesfm,1.0,google/timesfm-1.0-200m-pytorch,simple_return,history,2025-04-21,-0.023567493023827546
timesfm,1.0,google/timesfm-1.0-200m-pytorch,simple_return,history,2025-04-22,0.025117204723895226
timesfm,1.0,google/timesfm-1.0-200m-pytorch,simple_return,history,2025-04-23,0.01666113847096007
timesfm,1.0,google/timesfm-1.0-200m-pytorch,simple_return,history,2025-04-24,0.020259113708281262
timesfm,1.0,google/timesfm-1.0-200m-pytorch,simple_return,history,2025-04-25,0.007373133469998461
timesfm,1.0,google/timesfm-1.0-200m-pytorch,simple_return,history,2025-04-28,0.0006407067039131409
timesfm,1.0,google/timesfm-1.0-200m-pytorch,simple_return,history,2025-04-29,0.005802410694099036
timesfm,1.0,google/timesfm-1.0-200m-pytorch,simple_return,history,2025-04-30,0.00147999135976562
timesfm,1.0,google/timesfm-1.0-200m-pytorch,simple_return,history,2025-05-01,0.006299102138585644
timesfm,1.0,google/timesfm-1.0-200m-pytorch,simple_return,history,2025-05-02,0.01472657412963474
timesfm,1.0,google/timesfm-1.0-200m-pytorch,simple_return,history,2025-05-05,-0.006381597588933863
timesfm,1.0,google/timesfm-1.0-200m-pytorch,simple_return,history,2025-05-06,-0.007693239651855532
timesfm,1.0,google/timesfm-1.0-200m-pytorch,simple_return,history,2025-05-07,0.00434635623313584
timesfm,1.0,google/timesfm-1.0-200m-pytorch,simple_return,history,2025-05-08,0.005799775094835535
timesfm,1.0,google/timesfm-1.0-200m-pytorch,simple_return,history,2025-05-09,-0.0007114809122162891
timesfm,1.0,google/timesfm-1.0-200m-pytorch,simple_return,history,2025-05-12,0.032558782749008364
timesfm,1.0,google/timesfm-1.0-200m-pytorch,simple_return,history,2025-05-13,0.0072482009835321826
timesfm,1.0,google/timesfm-1.0-200m-pytorch,simple_return,history,2025-05-14,0.001024415597859818
timesfm,1.0,google/timesfm-1.0-200m-pytorch,simple_return,history,2025-05-15,0.004132332074135769
timesfm,1.0,google/timesfm-1.0-200m-pytorch,simple_return,history,2025-05-16,0.007005272294898557
timesfm,1.0,google/timesfm-1.0-200m-pytorch,simple_return,history,2025-05-19,0.0008761131291423752
timesfm,1.0,google/timesfm-1.0-200m-pytorch,simple_return,history,2025-05-20,-0.0038802294486252054
timesfm,1.0,google/timesfm-1.0-200m-pytorch,simple_return,history,2025-05-21,-0.01613513066101424
timesfm,1.0,google/timesfm-1.0-200m-pytorch,simple_return,history,2025-05-22,-0.00044487103794299543
timesfm,1.0,google/timesfm-1.0-200m-pytorch,simple_return,history,2025-05-23,-0.006708297825321674
timesfm,1.0,google/timesfm-1.0-200m-pytorch,simple_return,history,2025-05-27,0.0204590558452733
timesfm,1.0,google/timesfm-1.0-200m-pytorch,simple_return,history,2025-05-28,-0.005571225417268844
timesfm,1.0,google/timesfm-1.0-200m-pytorch,simple_return,history,2025-05-29,0.004011194261904327
timesfm,1.0,google/timesfm-1.0-200m-pytorch,simple_return,history,2025-05-30,-8.118516130162234e-05
timesfm,1.0,google/timesfm-1.0-200m-pytorch,simple_return,history,2025-06-02,0.0041020419271569075
timesfm,1.0,google/timesfm-1.0-200m-pytorch,simple_return,history,2025-06-03,0.005800290454605506
timesfm,1.0,google/timesfm-1.0-200m-pytorch,simple_return,history,2025-06-04,7.36874595066439e-05
timesfm,1.0,google/timesfm-1.0-200m-pytorch,simple_return,history,2025-06-05,-0.005277383403094138
timesfm,1.0,google/timesfm-1.0-200m-pytorch,simple_return,history,2025-06-06,0.010280683010067904
timesfm,1.0,google/timesfm-1.0-200m-pytorch,simple_return,history,2025-06-09,0.0009199480792858594
timesfm,1.0,google/timesfm-1.0-200m-pytorch,simple_return,history,2025-06-10,0.00548298940767844
timesfm,1.0,google/timesfm-1.0-200m-pytorch,simple_return,history,2025-06-11,-0.002743888954607865
timesfm,1.0,google/timesfm-1.0-200m-pytorch,simple_return,history,2025-06-12,0.0038224199557175265
timesfm,1.0,google/timesfm-1.0-200m-pytorch,simple_return,history,2025-06-13,-0.011296379879250695
timesfm,1.0,google/timesfm-1.0-200m-pytorch,simple_return,history,2025-06-16,0.009392659896159117
timesfm,1.0,google/timesfm-1.0-200m-pytorch,simple_return,history,2025-06-17,-0.008352184790166306
timesfm,1.0,google/timesfm-1.0-200m-pytorch,simple_return,history,2025-06-18,-0.0003092402101070313
timesfm,1.0,google/timesfm-1.0-200m-pytorch,simple_return,history,2025-06-20,-0.002178658486505891
timesfm,1.0,google/timesfm-1.0-200m-pytorch,simple_return,history,2025-06-23,0.009606504133156335
timesfm,1.0,google/timesfm-1.0-200m-pytorch,simple_return,history,2025-06-24,0.01112172017970181
timesfm,1.0,google/timesfm-1.0-200m-pytorch,simple_return,history,2025-06-25,-3.2861029504172024e-06
timesfm,1.0,google/timesfm-1.0-200m-pytorch,simple_return,history,2025-06-26,0.008020121275230219
timesfm,1.0,google/timesfm-1.0-200m-pytorch,simple_return,history,2025-06-27,0.005218970885222163
timesfm,1.0,google/timesfm-1.0-200m-pytorch,simple_return,history,2025-06-30,0.005164427424532603
timesfm,1.0,google/timesfm-1.0-200m-pytorch,simple_return,history,2025-07-01,-0.001118531087121899
timesfm,1.0,google/timesfm-1.0-200m-pytorch,simple_return,history,2025-07-02,0.004745096791088033
timesfm,1.0,google/timesfm-1.0-200m-pytorch,simple_return,history,2025-07-03,0.008338955206607324
timesfm,1.0,google/timesfm-1.0-200m-pytorch,simple_return,history,2025-07-07,-0.007862297279128794
timesfm,1.0,google/timesfm-1.0-200m-pytorch,simple_return,history,2025-07-08,-0.0007158868810946961
timesfm,1.0,google/timesfm-1.0-200m-pytorch,simple_return,history,2025-07-09,0.0060621034026635545
timesfm,1.0,google/timesfm-1.0-200m-pytorch,simple_return,history,2025-07-10,0.0027462050044453346
timesfm,1.0,google/timesfm-1.0-200m-pytorch,simple_return,history,2025-07-11,-0.0032975229626984737
timesfm,1.0,google/timesfm-1.0-200m-pytorch,simple_return,history,2025-07-14,0.001407413809457303
timesfm,1.0,google/timesfm-1.0-200m-pytorch,simple_return,history,2025-07-15,-0.003956298214731202
timesfm,1.0,google/timesfm-1.0-200m-pytorch,simple_return,history,2025-07-16,0.003193657417327689
timesfm,1.0,google/timesfm-1.0-200m-pytorch,simple_return,history,2025-07-17,0.00537376740890938
timesfm,1.0,google/timesfm-1.0-200m-pytorch,simple_return,history,2025-07-18,-9.048620868445933e-05
timesfm,1.0,google/timesfm-1.0-200m-pytorch,simple_return,history,2025-07-21,0.001399134882868358
timesfm,1.0,google/timesfm-1.0-200m-pytorch,simple_return,history,2025-07-22,0.0006375316336257875
timesfm,1.0,google/timesfm-1.0-200m-pytorch,simple_return,history,2025-07-23,0.007811886951519131
timesfm,1.0,google/timesfm-1.0-200m-pytorch,simple_return,history,2025-07-24,0.0006982236416543941
timesfm,1.0,google/timesfm-1.0-200m-pytorch,simple_return,history,2025-07-25,0.00397432777929585
timesfm,1.0,google/timesfm-1.0-200m-pytorch,simple_return,history,2025-07-28,0.00017685810881817865
timesfm,1.0,google/timesfm-1.0-200m-pytorch,simple_return,history,2025-07-29,-0.002959442388724254
timesfm,1.0,google/timesfm-1.0-200m-pytorch,simple_return,history,2025-07-30,-0.0012494327466496813
timesfm,1.0,google/timesfm-1.0-200m-pytorch,simple_return,history,2025-07-31,-0.0036948193411530106
timesfm,1.0,google/timesfm-1.0-200m-pytorch,simple_return,history,2025-08-01,-0.015992133140148468
timesfm,1.0,google/timesfm-1.0-200m-pytorch,simple_return,history,2025-08-04,0.01473710033091602
timesfm,1.0,google/timesfm-1.0-200m-pytorch,simple_return,history,2025-08-05,-0.004857865996303334
timesfm,1.0,google/timesfm-1.0-200m-pytorch,simple_return,history,2025-08-06,0.007281907295092482
timesfm,1.0,google/timesfm-1.0-200m-pytorch,simple_return,history,2025-08-07,-0.0007974800154801898
timesfm,1.0,google/timesfm-1.0-200m-pytorch,simple_return,history,2025-08-08,0.007799715348974834
timesfm,1.0,google/timesfm-1.0-200m-pytorch,simple_return,history,2025-08-11,-0.0025041278217863283
timesfm,1.0,google/timesfm-1.0-200m-pytorch,simple_return,history,2025-08-12,0.01134543584661274
timesfm,1.0,google/timesfm-1.0-200m-pytorch,simple_return,history,2025-08-13,0.0032300788824048965
timesfm,1.0,google/timesfm-1.0-200m-pytorch,simple_return,history,2025-08-14,0.00030309080129242716
timesfm,1.0,google/timesfm-1.0-200m-pytorch,simple_return,history,2025-08-15,-0.0028971350972291088
timesfm,1.0,google/timesfm-1.0-200m-pytorch,simple_return,history,2025-08-18,-0.00010076318078544588
timesfm,1.0,google/timesfm-1.0-200m-pytorch,simple_return,history,2025-08-19,-0.005858103118756786
timesfm,1.0,google/timesfm-1.0-200m-pytorch,simple_return,history,2025-08-20,-0.0024316693228262354
timesfm,1.0,google/timesfm-1.0-200m-pytorch,simple_return,history,2025-08-21,-0.004004181529308926
timesfm,1.0,google/timesfm-1.0-200m-pytorch,simple_return,history,2025-08-22,0.015186444876893468
timesfm,1.0,google/timesfm-1.0-200m-pytorch,simple_return,history,2025-08-25,-0.004266385548063467
timesfm,1.0,google/timesfm-1.0-200m-pytorch,simple_return,history,2025-08-26,0.004133995191134998
timesfm,1.0,google/timesfm-1.0-200m-pytorch,simple_return,history,2025-08-27,0.0023909843081744153
timesfm,1.0,google/timesfm-1.0-200m-pytorch,simple_return,history,2025-08-28,0.0031567194195349924
timesfm,1.0,google/timesfm-1.0-200m-pytorch,simple_return,history,2025-08-29,-0.00639818429357164
timesfm,1.0,google/timesfm-1.0-200m-pytorch,simple_return,history,2025-09-02,-0.006922279936861564
timesfm,1.0,google/timesfm-1.0-200m-pytorch,simple_return,history,2025-09-03,0.0051000736279842585
timesfm,1.0,google/timesfm-1.0-200m-pytorch,simple_return,history,2025-09-04,0.008346486409699372
timesfm,1.0,google/timesfm-1.0-200m-pytorch,simple_return,history,2025-09-05,-0.003165152978388819
timesfm,1.0,google/timesfm-1.0-200m-pytorch,simple_return,history,2025-09-08,0.0021059789159529885
timesfm,1.0,google/timesfm-1.0-200m-pytorch,simple_return,history,2025-09-09,0.0026881536531127015
timesfm,1.0,google/timesfm-1.0-200m-pytorch,simple_return,history,2025-09-10,0.002983469943562689
timesfm,1.0,google/timesfm-1.0-200m-pytorch,simple_return,history,2025-09-11,0.008485890387959882
timesfm,1.0,google/timesfm-1.0-200m-pytorch,simple_return,history,2025-09-12,-0.00048276131466740146
timesfm,1.0,google/timesfm-1.0-200m-pytorch,simple_return,history,2025-09-15,0.004706619226962694
timesfm,1.0,google/timesfm-1.0-200m-pytorch,simple_return,history,2025-09-16,-0.0012879303382402618
timesfm,1.0,google/timesfm-1.0-200m-pytorch,simple_return,history,2025-09-17,-0.0009701681605103207
timesfm,1.0,google/timesfm-1.0-200m-pytorch,simple_return,history,2025-09-18,0.004789119185128365
timesfm,1.0,google/timesfm-1.0-200m-pytorch,simple_return,history,2025-09-19,0.004885418870829605
timesfm,1.0,google/timesfm-1.0-200m-pytorch,simple_return,history,2025-09-22,0.004410046474333074
timesfm,1.0,google/timesfm-1.0-200m-pytorch,simple_return,history,2025-09-23,-0.005502159197012135
timesfm,1.0,google/timesfm-1.0-200m-pytorch,simple_return,history,2025-09-24,-0.002846617843333288
timesfm,1.0,google/timesfm-1.0-200m-pytorch,simple_return,history,2025-09-25,-0.0050090613431266195
timesfm,1.0,google/timesfm-1.0-200m-pytorch,simple_return,history,2025-09-26,0.005901836747171263
timesfm,1.0,google/timesfm-1.0-200m-pytorch,simple_return,history,2025-09-29,0.00263554421636214
timesfm,1.0,google/timesfm-1.0-200m-pytorch,simple_return,history,2025-09-30,0.0040908483833717035
timesfm,1.0,google/timesfm-1.0-200m-pytorch,simple_return,history,2025-10-01,0.003399920834961989
timesfm,1.0,google/timesfm-1.0-200m-pytorch,simple_return,history,2025-10-02,0.0006183547238911569
timesfm,1.0,google/timesfm-1.0-200m-pytorch,simple_return,history,2025-10-03,6.551280273581206e-05
timesfm,1.0,google/timesfm-1.0-200m-pytorch,simple_return,history,2025-10-06,0.0036465919796933033
timesfm,1.0,google/timesfm-1.0-200m-pytorch,simple_return,history,2025-10-07,-0.0038114057910215715
timesfm,1.0,google/timesfm-1.0-200m-pytorch,simple_return,history,2025-10-08,0.0058276636405680815
timesfm,1.0,google/timesfm-1.0-200m-pytorch,simple_return,history,2025-10-09,-0.002755570407195318
timesfm,1.0,google/timesfm-1.0-200m-pytorch,simple_return,history,2025-10-10,-0.02711167321141361
timesfm,1.0,google/timesfm-1.0-200m-pytorch,simple_return,history,2025-10-13,0.015598671787557583
timesfm,1.0,google/timesfm-1.0-200m-pytorch,simple_return,history,2025-10-14,-0.0015643266604626893
timesfm,1.0,google/timesfm-1.0-200m-pytorch,simple_return,history,2025-10-15,0.004026001159503689
timesfm,1.0,google/timesfm-1.0-200m-pytorch,simple_return,history,2025-10-16,-0.006294387099829435
timesfm,1.0,google/timesfm-1.0-200m-pytorch,simple_return,history,2025-10-17,0.0052707155502571545
timesfm,1.0,google/timesfm-1.0-200m-pytorch,simple_return,history,2025-10-20,0.010672270853256949
timesfm,1.0,google/timesfm-1.0-200m-pytorch,simple_return,history,2025-10-21,3.2696450934288634e-05
timesfm,1.0,google/timesfm-1.0-200m-pytorch,simple_return,history,2025-10-22,-0.005337539220865439
timesfm,1.0,google/timesfm-1.0-200m-pytorch,simple_return,history,2025-10-23,0.0058273934429324825
timesfm,1.0,google/timesfm-1.0-200m-pytorch,simple_return,history,2025-10-24,0.00790242258787388
timesfm,1.0,google/timesfm-1.0-200m-pytorch,simple_return,history,2025-10-27,0.012290050865671143
timesfm,1.0,google/timesfm-1.0-200m-pytorch,simple_return,history,2025-10-28,0.0022879438603986557
timesfm,1.0,google/timesfm-1.0-200m-pytorch,simple_return,history,2025-10-29,-4.3578255173426506e-05
timesfm,1.0,google/timesfm-1.0-200m-pytorch,simple_return,history,2025-10-30,-0.00990481243951924
timesfm,1.0,google/timesfm-1.0-200m-pytorch,simple_return,history,2025-10-31,0.0026179217059763005
timesfm,1.0,google/timesfm-1.0-200m-pytorch,simple_return,history,2025-11-03,0.0017207127269924793
timesfm,1.0,google/timesfm-1.0-200m-pytorch,simple_return,history,2025-11-04,-0.011736830084583816
timesfm,1.0,google/timesfm-1.0-200m-pytorch,simple_return,history,2025-11-05,0.0036535556982648654
timesfm,1.0,google/timesfm-1.0-200m-pytorch,simple_return,history,2025-11-06,-0.011178189042419073
timesfm,1.0,google/timesfm-1.0-200m-pytorch,simple_return,history,2025-11-07,0.0012618418007710464
timesfm,1.0,google/timesfm-1.0-200m-pytorch,simple_return,history,2025-11-10,0.01540101862170995
timesfm,1.0,google/timesfm-1.0-200m-pytorch,simple_return,history,2025-11-11,0.002075350517340535
timesfm,1.0,google/timesfm-1.0-200m-pytorch,simple_return,history,2025-11-12,0.0006295171887717999
timesfm,1.0,google/timesfm-1.0-200m-pytorch,simple_return,history,2025-11-13,-0.01655685496159698
timesfm,1.0,google/timesfm-1.0-200m-pytorch,simple_return,history,2025-11-14,-0.0005017255648851471
timesfm,1.0,google/timesfm-1.0-200m-pytorch,simple_return,history,2025-11-17,-0.00916226617680782
timesfm,1.0,google/timesfm-1.0-200m-pytorch,simple_return,history,2025-11-18,-0.008256436690967983
timesfm,1.0,google/timesfm-1.0-200m-pytorch,simple_return,history,2025-11-19,0.0037538357962292324
timesfm,1.0,google/timesfm-1.0-200m-pytorch,simple_return,history,2025-11-20,-0.015567283563270418
timesfm,1.0,google/timesfm-1.0-200m-pytorch,simple_return,history,2025-11-21,0.009823035415319481
timesfm,1.0,google/timesfm-1.0-200m-pytorch,simple_return,history,2025-11-24,0.015467217001293498
timesfm,1.0,google/timesfm-1.0-200m-pytorch,simple_return,history,2025-11-25,0.009061696817220577
timesfm,1.0,google/timesfm-1.0-200m-pytorch,simple_return,history,2025-11-26,0.006906711511012631
timesfm,1.0,google/timesfm-1.0-200m-pytorch,simple_return,history,2025-11-28,0.005354773163420257
timesfm,1.0,google/timesfm-1.0-200m-pytorch,simple_return,history,2025-12-01,-0.005323329342915684
timesfm,1.0,google/timesfm-1.0-200m-pytorch,simple_return,history,2025-12-02,0.002457235261999813
timesfm,1.0,google/timesfm-1.0-200m-pytorch,simple_return,history,2025-12-03,0.0029797912994984355
timesfm,1.0,google/timesfm-1.0-200m-pytorch,simple_return,history,2025-12-04,0.0010803218396737702
timesfm,1.0,google/timesfm-1.0-200m-pytorch,simple_return,history,2025-12-05,0.001936641757662061
timesfm,1.0,google/timesfm-1.0-200m-pytorch,simple_return,history,2025-12-08,-0.003477255626794018
timesfm,1.0,google/timesfm-1.0-200m-pytorch,simple_return,history,2025-12-09,-0.0008763589340257116
timesfm,1.0,google/timesfm-1.0-200m-pytorch,simple_return,history,2025-12-10,0.00674955693920154
timesfm,1.0,google/timesfm-1.0-200m-pytorch,simple_return,history,2025-12-11,0.002079350841514227
timesfm,1.0,google/timesfm-1.0-200m-pytorch,simple_return,history,2025-12-12,-0.010663649289958
timesfm,1.0,google/timesfm-1.0-200m-pytorch,simple_return,history,2025-12-15,-0.0015965630269072495
timesfm,1.0,google/timesfm-1.0-200m-pytorch,simple_return,history,2025-12-16,-0.0023839179519623555
timesfm,1.0,google/timesfm-1.0-200m-pytorch,simple_return,history,2025-12-17,-0.011592143912241393
timesfm,1.0,google/timesfm-1.0-200m-pytorch,simple_return,history,2025-12-18,0.007934262269941872
timesfm,1.0,google/timesfm-1.0-200m-pytorch,simple_return,history,2025-12-19,0.008818059450332205
timesfm,1.0,google/timesfm-1.0-200m-pytorch,simple_return,history,2025-12-22,0.006436496360377575
timesfm,1.0,google/timesfm-1.0-200m-pytorch,simple_return,history,2025-12-23,0.004550388765703239
timesfm,1.0,google/timesfm-1.0-200m-pytorch,simple_return,history,2025-12-24,0.0032214822012188726
timesfm,1.0,google/timesfm-1.0-200m-pytorch,simple_return,history,2025-12-26,-0.00030436354912266594
timesfm,1.0,google/timesfm-1.0-200m-pytorch,simple_return,history,2025-12-29,-0.00349205148036813
timesfm,1.0,google/timesfm-1.0-200m-pytorch,simple_return,history,2025-12-30,-0.0013756671519022934
timesfm,1.0,google/timesfm-1.0-200m-pytorch,simple_return,history,2025-12-31,-0.007357666300846111
timesfm,1.0,google/timesfm-1.0-200m-pytorch,simple_return,history,2026-01-02,0.0018947067188299638
timesfm,1.0,google/timesfm-1.0-200m-pytorch,simple_return,history,2026-01-05,0.006354126864826393
timesfm,1.0,google/timesfm-1.0-200m-pytorch,simple_return,history,2026-01-06,0.006196712678341321
timesfm,1.0,google/timesfm-1.0-200m-pytorch,simple_return,history,2026-01-07,-0.003439923431013958
timesfm,1.0,google/timesfm-1.0-200m-pytorch,simple_return,history,2026-01-08,7.65482590914246e-05
timesfm,1.0,google/timesfm-1.0-200m-pytorch,simple_return,history,2026-01-09,0.006475487031883276
timesfm,1.0,google/timesfm-1.0-200m-pytorch,simple_return,history,2026-01-12,0.001577633215136931
timesfm,1.0,google/timesfm-1.0-200m-pytorch,simple_return,history,2026-01-13,-0.0019391230550597216
timesfm,1.0,google/timesfm-1.0-200m-pytorch,simple_return,history,2026-01-14,-0.005333360445499591
timesfm,1.0,google/timesfm-1.0-200m-pytorch,simple_return,history,2026-01-15,0.0025799262171273263
timesfm,1.0,google/timesfm-1.0-200m-pytorch,simple_return,history,2026-01-16,-0.0006423023039563436
timesfm,1.0,google/timesfm-1.0-200m-pytorch,simple_return,history,2026-01-20,-0.02062675805627745
timesfm,1.0,google/timesfm-1.0-200m-pytorch,simple_return,history,2026-01-21,0.011587741323274559
timesfm,1.0,google/timesfm-1.0-200m-pytorch,simple_return,history,2026-01-22,0.005487502192628835
timesfm,1.0,google/timesfm-1.0-200m-pytorch,simple_return,history,2026-01-23,0.0003268698377891788
timesfm,1.0,google/timesfm-1.0-200m-pytorch,simple_return,history,2026-01-26,0.005006083031276365
timesfm,1.0,google/timesfm-1.0-200m-pytorch,simple_return,history,2026-01-27,0.004081896177137168
timesfm,1.0,google/timesfm-1.0-200m-pytorch,simple_return,history,2026-01-28,-8.172305219089626e-05
timesfm,1.0,google/timesfm-1.0-200m-pytorch,simple_return,history,2026-01-29,-0.001292631274007694
timesfm,1.0,google/timesfm-1.0-200m-pytorch,simple_return,history,2026-01-30,-0.004301899620894223
timesfm,1.0,google/timesfm-1.0-200m-pytorch,simple_return,history,2026-02-02,0.00539126612916796
timesfm,1.0,google/timesfm-1.0-200m-pytorch,simple_return,history,2026-02-03,-0.008403983020698336
timesfm,1.0,google/timesfm-1.0-200m-pytorch,simple_return,history,2026-02-04,-0.005072391906223106
timesfm,1.0,google/timesfm-1.0-200m-pytorch,simple_return,history,2026-02-05,-0.012251015567674717
timesfm,1.0,google/timesfm-1.0-200m-pytorch,simple_return,history,2026-02-06,0.0196957966973359
timesfm,1.0,google/timesfm-1.0-200m-pytorch,simple_return,history,2026-02-09,0.004691086716887227
timesfm,1.0,google/timesfm-1.0-200m-pytorch,simple_return,history,2026-02-10,-0.003303712975458173
timesfm,1.0,google/timesfm-1.0-200m-pytorch,simple_return,history,2026-02-11,-4.895607156218951e-05
timesfm,1.0,google/timesfm-1.0-200m-pytorch,simple_return,history,2026-02-12,-0.01566101212770199
timesfm,1.0,google/timesfm-1.0-200m-pytorch,simple_return,history,2026-02-13,0.0004990891480125548
timesfm,1.0,google/timesfm-1.0-200m-pytorch,simple_return,history,2026-02-17,0.0010313220779065713
timesfm,1.0,google/timesfm-1.0-200m-pytorch,simple_return,history,2026-02-18,0.005566070147410729
timesfm,1.0,google/timesfm-1.0-200m-pytorch,simple_return,history,2026-02-19,-0.0028221256867719813
timesfm,1.0,google/timesfm-1.0-200m-pytorch,simple_return,history,2026-02-20,0.006939724763506794
timesfm,1.0,google/timesfm-1.0-200m-pytorch,simple_return,history,2026-02-23,-0.010385652247284827
timesfm,1.0,google/timesfm-1.0-200m-pytorch,simple_return,history,2026-02-24,0.0076516140863223114
timesfm,1.0,google/timesfm-1.0-200m-pytorch,simple_return,history,2026-02-25,0.008136355657339944
timesfm,1.0,google/timesfm-1.0-200m-pytorch,simple_return,history,2026-02-26,-0.005365580569328343
timesfm,1.0,google/timesfm-1.0-200m-pytorch,simple_return,history,2026-02-27,-0.00433935281103115
timesfm,1.0,google/timesfm-1.0-200m-pytorch,simple_return,history,2026-03-02,0.0003983547353176853
timesfm,1.0,google/timesfm-1.0-200m-pytorch,simple_return,history,2026-03-03,-0.009444031095625416
timesfm,1.0,google/timesfm-1.0-200m-pytorch,simple_return,history,2026-03-04,0.007756049264286302
timesfm,1.0,google/timesfm-1.0-200m-pytorch,simple_return,history,2026-03-05,-0.005646704863891072
timesfm,1.0,google/timesfm-1.0-200m-pytorch,simple_return,history,2026-03-06,-0.013276795812569242
timesfm,1.0,google/timesfm-1.0-200m-pytorch,simple_return,history,2026-03-09,0.008304161513105202
timesfm,1.0,google/timesfm-1.0-200m-pytorch,simple_return,history,2026-03-10,-0.0021351198877325173
timesfm,1.0,google/timesfm-1.0-200m-pytorch,simple_return,history,2026-03-11,-0.0008376012017449197
timesfm,1.0,google/timesfm-1.0-200m-pytorch,simple_return,history,2026-03-12,-0.015227676506708532
timesfm,1.0,google/timesfm-1.0-200m-pytorch,simple_return,history,2026-03-13,-0.006059115470564369
timesfm,1.0,google/timesfm-1.0-200m-pytorch,simple_return,history,2026-03-16,0.010130883162251969
timesfm,1.0,google/timesfm-1.0-200m-pytorch,simple_return,history,2026-03-17,0.0024942548757938
timesfm,1.0,google/timesfm-1.0-200m-pytorch,simple_return,history,2026-03-18,-0.013607567880073446
timesfm,1.0,google/timesfm-1.0-200m-pytorch,simple_return,history,2026-03-19,-0.002748797741878972
timesfm,1.0,google/timesfm-1.0-200m-pytorch,simple_return,history,2026-03-20,-0.015138182356779217
timesfm,1.0,google/timesfm-1.0-200m-pytorch,simple_return,history,2026-03-23,0.011453200463990454
timesfm,1.0,google/timesfm-1.0-200m-pytorch,simple_return,history,2026-03-24,-0.0037425745042546366
timesfm,1.0,google/timesfm-1.0-200m-pytorch,simple_return,history,2026-03-25,0.005419124381509377
timesfm,1.0,google/timesfm-1.0-200m-pytorch,simple_return,history,2026-03-26,-0.017406172392416708
timesfm,1.0,google/timesfm-1.0-200m-pytorch,simple_return,history,2026-03-27,-0.01672184352107431
timesfm,1.0,google/timesfm-1.0-200m-pytorch,simple_return,history,2026-03-30,-0.003945748828622642
timesfm,1.0,google/timesfm-1.0-200m-pytorch,simple_return,history,2026-03-31,0.02913114047102594
timesfm,1.0,google/timesfm-1.0-200m-pytorch,simple_return,history,2026-04-01,0.007168516684867399
timesfm,1.0,google/timesfm-1.0-200m-pytorch,simple_return,history,2026-04-02,0.0011208758485563575
timesfm,1.0,google/timesfm-1.0-200m-pytorch,simple_return,history,2026-04-06,0.0044267825126402816
timesfm,1.0,google/timesfm-1.0-200m-pytorch,simple_return,history,2026-04-07,0.0007592481161695641
timesfm,1.0,google/timesfm-1.0-200m-pytorch,simple_return,history,2026-04-08,0.025081414644149813
timesfm,1.0,google/timesfm-1.0-200m-pytorch,simple_return,history,2026-04-09,0.006170023529293189
timesfm,1.0,google/timesfm-1.0-200m-pytorch,simple_return,history,2026-04-10,-0.0011385210916523558
timesfm,1.0,google/timesfm-1.0-200m-pytorch,simple_return,history,2026-04-13,0.010173274948748201
timesfm,1.0,google/timesfm-1.0-200m-pytorch,simple_return,history,2026-04-14,0.011782866364792755
timesfm,1.0,google/timesfm-1.0-200m-pytorch,simple_return,history,2026-04-15,0.007975783355387733
timesfm,1.0,google/timesfm-1.0-200m-pytorch,simple_return,history,2026-04-16,0.0026099558353673835
timesfm,1.0,google/timesfm-1.0-200m-pytorch,simple_return,history,2026-04-17,0.012040463669150903
timesfm,1.0,google/timesfm-1.0-200m-pytorch,simple_return,history,2026-04-20,-0.002374372617670484
timesfm,1.0,google/timesfm-1.0-200m-pytorch,simple_return,history,2026-04-21,-0.006348217959672997
timesfm,1.0,google/timesfm-1.0-200m-pytorch,simple_return,history,2026-04-22,0.010460084168953943
timesfm,1.0,google/timesfm-1.0-200m-pytorch,simple_return,history,2026-04-23,-0.004132868267081369
timesfm,1.0,google/timesfm-1.0-200m-pytorch,simple_return,history,2026-04-24,0.007973689797975636
timesfm,1.0,google/timesfm-1.0-200m-pytorch,simple_return,history,2026-04-27,0.0012323767534654362
timesfm,1.0,google/timesfm-1.0-200m-pytorch,simple_return,history,2026-04-28,-0.004894172187521972
timesfm,1.0,google/timesfm-1.0-200m-pytorch,simple_return,history,2026-04-29,-0.0003991720531409948
timesfm,1.0,google/timesfm-1.0-200m-pytorch,simple_return,history,2026-04-30,0.010238239941821936
timesfm,1.0,google/timesfm-1.0-200m-pytorch,simple_return,history,2026-05-01,0.002928328889657106
timesfm,1.0,google/timesfm-1.0-200m-pytorch,simple_return,history,2026-05-04,-0.004062189384334225
timesfm,1.0,google/timesfm-1.0-200m-pytorch,simple_return,history,2026-05-05,0.008120017337603702
timesfm,1.0,google/timesfm-1.0-200m-pytorch,simple_return,history,2026-05-06,0.014588330317794274
timesfm,1.0,google/timesfm-1.0-200m-pytorch,simple_return,history,2026-05-07,-0.003803095327784889
timesfm,1.0,google/timesfm-1.0-200m-pytorch,simple_return,history,2026-05-08,0.008425703533400997
timesfm,1.0,google/timesfm-1.0-200m-pytorch,simple_return,history,2026-05-11,0.0018799566475542484
timesfm,1.0,google/timesfm-1.0-200m-pytorch,simple_return,history,2026-05-12,-0.0016026088601545085
timesfm,1.0,google/timesfm-1.0-200m-pytorch,simple_return,history,2026-05-13,0.005849246488426552
timesfm,1.0,google/timesfm-1.0-200m-pytorch,simple_return,history,2026-05-14,0.007655604577358366
timesfm,1.0,google/timesfm-1.0-200m-pytorch,simple_return,history,2026-05-15,-0.012363320128051747
timesfm,1.0,google/timesfm-1.0-200m-pytorch,simple_return,history,2026-05-18,-0.0007356678561787344
timesfm,1.0,google/timesfm-1.0-200m-pytorch,simple_return,history,2026-05-19,-0.006678320788135905
timesfm,1.0,google/timesfm-1.0-200m-pytorch,simple_return,history,2026-05-20,0.010792026370445518
timesfm,1.0,google/timesfm-1.0-200m-pytorch,simple_return,history,2026-05-21,0.0017153304306989359
timesfm,1.0,google/timesfm-1.0-200m-pytorch,simple_return,history,2026-05-22,0.0037269732409066503
timesfm,1.0,google/timesfm-1.0-200m-pytorch,simple_return,history,2026-05-26,0.006108260424063872
timesfm,1.0,google/timesfm-1.0-200m-pytorch,simple_return,history,2026-05-27,0.00016487914469087706
timesfm,1.0,google/timesfm-1.0-200m-pytorch,simple_return,history,2026-05-28,0.005753716619668614
timesfm,1.0,google/timesfm-1.0-200m-pytorch,simple_return,history,2026-05-29,0.002172260678511728
timesfm,1.0,google/timesfm-1.0-200m-pytorch,simple_return,history,2026-06-01,0.0026252961308912415
timesfm,1.0,google/timesfm-1.0-200m-pytorch,simple_return,history,2026-06-02,0.0012920889411551784
timesfm,1.0,google/timesfm-1.0-200m-pytorch,simple_return,history,2026-06-03,-0.007372041104846239
timesfm,1.0,google/timesfm-1.0-200m-pytorch,simple_return,history,2026-06-04,0.004054961568363158
timesfm,1.0,google/timesfm-1.0-200m-pytorch,simple_return,history,2026-06-05,-0.026445361894386843
timesfm,1.0,google/timesfm-1.0-200m-pytorch,simple_return,history,2026-06-08,0.0029781310549599205
timesfm,1.0,google/timesfm-1.0-200m-pytorch,simple_return,history,2026-06-09,-0.0025763939780845124
timesfm,1.0,google/timesfm-1.0-200m-pytorch,simple_return,history,2026-06-10,-0.016199450298948426
timesfm,1.0,google/timesfm-1.0-200m-pytorch,simple_return,history,2026-06-11,0.017518885564244746
timesfm,1.0,google/timesfm-1.0-200m-pytorch,simple_return,history,2026-06-12,0.0050255138730570525
timesfm,1.0,google/timesfm-1.0-200m-pytorch,simple_return,history,2026-06-15,0.016528391294663436
timesfm,1.0,google/timesfm-1.0-200m-pytorch,simple_return,history,2026-06-16,-0.005684179609759754
timesfm,1.0,google/timesfm-1.0-200m-pytorch,simple_return,history,2026-06-17,-0.012148282108228825
timesfm,1.0,google/timesfm-1.0-200m-pytorch,simple_return,history,2026-06-18,0.010846212235623431
timesfm,1.0,google/timesfm-1.0-200m-pytorch,simple_return,history,2026-06-22,-0.003705051979052687
timesfm,1.0,google/timesfm-1.0-200m-pytorch,simple_return,history,2026-06-23,-0.014362785193208105
timesfm,1.0,google/timesfm-1.0-200m-pytorch,simple_return,history,2026-06-24,-0.0009829319733113406
timesfm,1.0,google/timesfm-1.0-200m-pytorch,simple_return,history,2026-06-25,-9.92061187945481e-05
timesfm,1.0,google/timesfm-1.0-200m-pytorch,simple_return,history,2026-06-26,-0.00047165741757115853
timesfm,1.0,google/timesfm-1.0-200m-pytorch,simple_return,history,2026-06-29,0.011750057250389023
timesfm,1.0,google/timesfm-1.0-200m-pytorch,simple_return,history,2026-06-30,0.007920198981480553
timesfm,1.0,google/timesfm-1.0-200m-pytorch,simple_return,history,2026-07-01,-0.0021508346187620875
timesfm,1.0,google/timesfm-1.0-200m-pytorch,simple_return,history,2026-07-02,1.3702513856905796e-06
timesfm,1.0,google/timesfm-1.0-200m-pytorch,simple_return,history,2026-07-06,0.00724150765029874
timesfm,1.0,google/timesfm-1.0-200m-pytorch,simple_return,history,2026-07-07,-0.0044551096782159405
timesfm,1.0,google/timesfm-1.0-200m-pytorch,simple_return,history,2026-07-08,-0.002817238676629863
timesfm,1.0,google/timesfm-1.0-200m-pytorch,simple_return,history,2026-07-09,0.008142795337428232
timesfm,1.0,google/timesfm-1.0-200m-pytorch,simple_return,actual,2026-07-10,0.004208843399813977
timesfm,1.0,google/timesfm-1.0-200m-pytorch,simple_return,actual,2026-07-13,-0.007927023147980106
timesfm,1.0,google/timesfm-1.0-200m-pytorch,simple_return,actual,2026-07-14,0.0037589783811964317
timesfm,1.0,google/timesfm-1.0-200m-pytorch,simple_return,actual,2026-07-15,0.003819144358387927
timesfm,1.0,google/timesfm-1.0-200m-pytorch,simple_return,actual,2026-07-16,-0.005101405539945647
timesfm,1.0,google/timesfm-1.0-200m-pytorch,simple_return,actual,2026-07-17,-0.010098540030789804
timesfm,1.0,google/timesfm-1.0-200m-pytorch,simple_return,actual,2026-07-20,-0.0019322546744660052
timesfm,1.0,google/timesfm-1.0-200m-pytorch,simple_return,actual,2026-07-21,0.008856366018608064
timesfm,1.0,google/timesfm-1.0-200m-pytorch,simple_return,actual,2026-07-22,-0.0013636917526039793
timesfm,1.0,google/timesfm-1.0-200m-pytorch,simple_return,actual,2026-07-23,-0.012089697334330851
timesfm,1.0,google/timesfm-1.0-200m-pytorch,simple_return,actual,2026-07-24,0.0004967638835191579
timesfm,1.0,google/timesfm-1.0-200m-pytorch,simple_return,actual,2026-07-27,0.0001619264104413265
timesfm,1.0,google/timesfm-1.0-200m-pytorch,simple_return,actual,2026-07-28,0.002104307328987254
timesfm,1.0,google/timesfm-1.0-200m-pytorch,simple_return,actual,2026-07-29,-0.015161289750108109
timesfm,1.0,google/timesfm-1.0-200m-pytorch,simple_return,actual,2026-07-30,0.016604359135647728
timesfm,1.0,google/timesfm-1.0-200m-pytorch,simple_return,actual,2026-07-31,0.00700361981598796
timesfm,1.0,google/timesfm-1.0-200m-pytorch,simple_return,actual,2026-08-03,0.01479091100582064
timesfm,1.0,google/timesfm-1.0-200m-pytorch,simple_return,actual,2026-08-04,0.01789619360979544
timesfm,1.0,google/timesfm-1.0-200m-pytorch,simple_return,actual,2026-08-05,-0.0016764921193257454
timesfm,1.0,google/timesfm-1.0-200m-pytorch,simple_return,actual,2026-08-06,-0.0017595333873230423
timesfm,1.0,google/timesfm-1.0-200m-pytorch,simple_return,actual,2026-08-07,0.006184231308959065
timesfm,1.0,google/timesfm-1.0-200m-pytorch,simple_return,naive,2026-07-10,0.008142795337428232
timesfm,1.0,google/timesfm-1.0-200m-pytorch,simple_return,naive,2026-07-13,0.008142795337428232
timesfm,1.0,google/timesfm-1.0-200m-pytorch,simple_return,naive,2026-07-14,0.008142795337428232
timesfm,1.0,google/timesfm-1.0-200m-pytorch,simple_return,naive,2026-07-15,0.008142795337428232
timesfm,1.0,google/timesfm-1.0-200m-pytorch,simple_return,naive,2026-07-16,0.008142795337428232
timesfm,1.0,google/timesfm-1.0-200m-pytorch,simple_return,naive,2026-07-17,0.008142795337428232
timesfm,1.0,google/timesfm-1.0-200m-pytorch,simple_return,naive,2026-07-20,0.008142795337428232
timesfm,1.0,google/timesfm-1.0-200m-pytorch,simple_return,naive,2026-07-21,0.008142795337428232
timesfm,1.0,google/timesfm-1.0-200m-pytorch,simple_return,naive,2026-07-22,0.008142795337428232
timesfm,1.0,google/timesfm-1.0-200m-pytorch,simple_return,naive,2026-07-23,0.008142795337428232
timesfm,1.0,google/timesfm-1.0-200m-pytorch,simple_return,naive,2026-07-24,0.008142795337428232
timesfm,1.0,google/timesfm-1.0-200m-pytorch,simple_return,naive,2026-07-27,0.008142795337428232
timesfm,1.0,google/timesfm-1.0-200m-pytorch,simple_return,naive,2026-07-28,0.008142795337428232
timesfm,1.0,google/timesfm-1.0-200m-pytorch,simple_return,naive,2026-07-29,0.008142795337428232
timesfm,1.0,google/timesfm-1.0-200m-pytorch,simple_return,naive,2026-07-30,0.008142795337428232
timesfm,1.0,google/timesfm-1.0-200m-pytorch,simple_return,naive,2026-07-31,0.008142795337428232
timesfm,1.0,google/timesfm-1.0-200m-pytorch,simple_return,naive,2026-08-03,0.008142795337428232
timesfm,1.0,google/timesfm-1.0-200m-pytorch,simple_return,naive,2026-08-04,0.008142795337428232
timesfm,1.0,google/timesfm-1.0-200m-pytorch,simple_return,naive,2026-08-05,0.008142795337428232
timesfm,1.0,google/timesfm-1.0-200m-pytorch,simple_return,naive,2026-08-06,0.008142795337428232
timesfm,1.0,google/timesfm-1.0-200m-pytorch,simple_return,naive,2026-08-07,0.008142795337428232
timesfm,1.0,google/timesfm-1.0-200m-pytorch,simple_return,forecast,2026-07-10,0.00028467236552387476
timesfm,1.0,google/timesfm-1.0-200m-pytorch,simple_return,forecast,2026-07-13,0.00029957364313304424
timesfm,1.0,google/timesfm-1.0-200m-pytorch,simple_return,forecast,2026-07-14,0.001309643150307238
timesfm,1.0,google/timesfm-1.0-200m-pytorch,simple_return,forecast,2026-07-15,0.0014035514323040843
timesfm,1.0,google/timesfm-1.0-200m-pytorch,simple_return,forecast,2026-07-16,0.0009971611434593797
timesfm,1.0,google/timesfm-1.0-200m-pytorch,simple_return,forecast,2026-07-17,0.0008539144182577729
timesfm,1.0,google/timesfm-1.0-200m-pytorch,simple_return,forecast,2026-07-20,0.0007760530570521951
timesfm,1.0,google/timesfm-1.0-200m-pytorch,simple_return,forecast,2026-07-21,0.0009945012861862779
timesfm,1.0,google/timesfm-1.0-200m-pytorch,simple_return,forecast,2026-07-22,8.201226592063904e-06
timesfm,1.0,google/timesfm-1.0-200m-pytorch,simple_return,forecast,2026-07-23,-0.0004210863262414932
timesfm,1.0,google/timesfm-1.0-200m-pytorch,simple_return,forecast,2026-07-24,-0.00016692932695150375
timesfm,1.0,google/timesfm-1.0-200m-pytorch,simple_return,forecast,2026-07-27,0.0006012745434418321
timesfm,1.0,google/timesfm-1.0-200m-pytorch,simple_return,forecast,2026-07-28,0.00034556444734334946
timesfm,1.0,google/timesfm-1.0-200m-pytorch,simple_return,forecast,2026-07-29,0.00020934233907610178
timesfm,1.0,google/timesfm-1.0-200m-pytorch,simple_return,forecast,2026-07-30,0.0007558950455859303
timesfm,1.0,google/timesfm-1.0-200m-pytorch,simple_return,forecast,2026-07-31,0.0011178377317264676
timesfm,1.0,google/timesfm-1.0-200m-pytorch,simple_return,forecast,2026-08-03,0.0008645375492051244
timesfm,1.0,google/timesfm-1.0-200m-pytorch,simple_return,forecast,2026-08-04,0.0004294377285987139
timesfm,1.0,google/timesfm-1.0-200m-pytorch,simple_return,forecast,2026-08-05,0.0016297964612022042
timesfm,1.0,google/timesfm-1.0-200m-pytorch,simple_return,forecast,2026-08-06,0.002259953413158655
timesfm,1.0,google/timesfm-1.0-200m-pytorch,simple_return,forecast,2026-08-07,0.0012860134011134505
timesfm,1.0,google/timesfm-1.0-200m-pytorch,log_return,history,2024-06-24,-0.0030698791558664423
timesfm,1.0,google/timesfm-1.0-200m-pytorch,log_return,history,2024-06-25,0.003925873679181344
timesfm,1.0,google/timesfm-1.0-200m-pytorch,log_return,history,2024-06-26,0.0015711962247204525
timesfm,1.0,google/timesfm-1.0-200m-pytorch,log_return,history,2024-06-27,0.0009069098567990731
timesfm,1.0,google/timesfm-1.0-200m-pytorch,log_return,history,2024-06-28,-0.0040920134623695995
timesfm,1.0,google/timesfm-1.0-200m-pytorch,log_return,history,2024-07-01,0.0026719909814295235
timesfm,1.0,google/timesfm-1.0-200m-pytorch,log_return,history,2024-07-02,0.0061762057711850496
timesfm,1.0,google/timesfm-1.0-200m-pytorch,log_return,history,2024-07-03,0.0050715622695336636
timesfm,1.0,google/timesfm-1.0-200m-pytorch,log_return,history,2024-07-05,0.00543397436096954
timesfm,1.0,google/timesfm-1.0-200m-pytorch,log_return,history,2024-07-08,0.0010161824764044329
timesfm,1.0,google/timesfm-1.0-200m-pytorch,log_return,history,2024-07-09,0.0007407974780654752
timesfm,1.0,google/timesfm-1.0-200m-pytorch,log_return,history,2024-07-10,0.010156314878105886
timesfm,1.0,google/timesfm-1.0-200m-pytorch,log_return,history,2024-07-11,-0.008801649969266724
timesfm,1.0,google/timesfm-1.0-200m-pytorch,log_return,history,2024-07-12,0.00550186402496512
timesfm,1.0,google/timesfm-1.0-200m-pytorch,log_return,history,2024-07-15,0.0028222164233526843
timesfm,1.0,google/timesfm-1.0-200m-pytorch,log_return,history,2024-07-16,0.0063690499714532745
timesfm,1.0,google/timesfm-1.0-200m-pytorch,log_return,history,2024-07-17,-0.014025441523645543
timesfm,1.0,google/timesfm-1.0-200m-pytorch,log_return,history,2024-07-18,-0.007847112145350072
timesfm,1.0,google/timesfm-1.0-200m-pytorch,log_return,history,2024-07-19,-0.007165879226406084
timesfm,1.0,google/timesfm-1.0-200m-pytorch,log_return,history,2024-07-22,0.010734217246220293
timesfm,1.0,google/timesfm-1.0-200m-pytorch,log_return,history,2024-07-23,-0.0015593176939461904
timesfm,1.0,google/timesfm-1.0-200m-pytorch,log_return,history,2024-07-24,-0.02342124222289286
timesfm,1.0,google/timesfm-1.0-200m-pytorch,log_return,history,2024-07-25,-0.005155889019717259
timesfm,1.0,google/timesfm-1.0-200m-pytorch,log_return,history,2024-07-26,0.011029420409570924
timesfm,1.0,google/timesfm-1.0-200m-pytorch,log_return,history,2024-07-29,0.0008129795718284517
timesfm,1.0,google/timesfm-1.0-200m-pytorch,log_return,history,2024-07-30,-0.0049725143613676215
timesfm,1.0,google/timesfm-1.0-200m-pytorch,log_return,history,2024-07-31,0.015669980701917767
timesfm,1.0,google/timesfm-1.0-200m-pytorch,log_return,history,2024-08-01,-0.013788123791990166
timesfm,1.0,google/timesfm-1.0-200m-pytorch,log_return,history,2024-08-02,-0.01855290660855327
timesfm,1.0,google/timesfm-1.0-200m-pytorch,log_return,history,2024-08-05,-0.0304270413923931
timesfm,1.0,google/timesfm-1.0-200m-pytorch,log_return,history,2024-08-06,0.010300849493599515
timesfm,1.0,google/timesfm-1.0-200m-pytorch,log_return,history,2024-08-07,-0.007764715388769489
timesfm,1.0,google/timesfm-1.0-200m-pytorch,log_return,history,2024-08-08,0.02278113959089888
timesfm,1.0,google/timesfm-1.0-200m-pytorch,log_return,history,2024-08-09,0.004660798434381699
timesfm,1.0,google/timesfm-1.0-200m-pytorch,log_return,history,2024-08-12,4.30330517200971e-05
timesfm,1.0,google/timesfm-1.0-200m-pytorch,log_return,history,2024-08-13,0.016707233419049988
timesfm,1.0,google/timesfm-1.0-200m-pytorch,log_return,history,2024-08-14,0.00381643656119841
timesfm,1.0,google/timesfm-1.0-200m-pytorch,log_return,history,2024-08-15,0.01600448993130413
timesfm,1.0,google/timesfm-1.0-200m-pytorch,log_return,history,2024-08-16,0.0019878023683961516
timesfm,1.0,google/timesfm-1.0-200m-pytorch,log_return,history,2024-08-19,0.009675327436177775
timesfm,1.0,google/timesfm-1.0-200m-pytorch,log_return,history,2024-08-20,-0.001986527237609709
timesfm,1.0,google/timesfm-1.0-200m-pytorch,log_return,history,2024-08-21,0.004230714721006796
timesfm,1.0,google/timesfm-1.0-200m-pytorch,log_return,history,2024-08-22,-0.00897294225665722
timesfm,1.0,google/timesfm-1.0-200m-pytorch,log_return,history,2024-08-23,0.01141793740166443
timesfm,1.0,google/timesfm-1.0-200m-pytorch,log_return,history,2024-08-26,-0.003158710169605814
timesfm,1.0,google/timesfm-1.0-200m-pytorch,log_return,history,2024-08-27,0.0015939251127232035
timesfm,1.0,google/timesfm-1.0-200m-pytorch,log_return,history,2024-08-28,-0.005993900794735211
timesfm,1.0,google/timesfm-1.0-200m-pytorch,log_return,history,2024-08-29,-3.937984343658622e-05
timesfm,1.0,google/timesfm-1.0-200m-pytorch,log_return,history,2024-08-30,0.010042457079144168
timesfm,1.0,google/timesfm-1.0-200m-pytorch,log_return,history,2024-09-03,-0.021377963372397696
timesfm,1.0,google/timesfm-1.0-200m-pytorch,log_return,history,2024-09-04,-0.0016038290273809634
timesfm,1.0,google/timesfm-1.0-200m-pytorch,log_return,history,2024-09-05,-0.003022581014674196
timesfm,1.0,google/timesfm-1.0-200m-pytorch,log_return,history,2024-09-06,-0.017410944507424406
timesfm,1.0,google/timesfm-1.0-200m-pytorch,log_return,history,2024-09-09,0.011513534435818254
timesfm,1.0,google/timesfm-1.0-200m-pytorch,log_return,history,2024-09-10,0.004462699977793541
timesfm,1.0,google/timesfm-1.0-200m-pytorch,log_return,history,2024-09-11,0.01060855564984334
timesfm,1.0,google/timesfm-1.0-200m-pytorch,log_return,history,2024-09-12,0.00746735215680267
timesfm,1.0,google/timesfm-1.0-200m-pytorch,log_return,history,2024-09-13,0.0053931422343560355
timesfm,1.0,google/timesfm-1.0-200m-pytorch,log_return,history,2024-09-16,0.0012558408673102855
timesfm,1.0,google/timesfm-1.0-200m-pytorch,log_return,history,2024-09-17,0.00026451509389645083
timesfm,1.0,google/timesfm-1.0-200m-pytorch,log_return,history,2024-09-18,-0.0029006587083132912
timesfm,1.0,google/timesfm-1.0-200m-pytorch,log_return,history,2024-09-19,0.016834356892725128
timesfm,1.0,google/timesfm-1.0-200m-pytorch,log_return,history,2024-09-20,-0.0019429136300157341
timesfm,1.0,google/timesfm-1.0-200m-pytorch,log_return,history,2024-09-23,0.0028053344257131223
timesfm,1.0,google/timesfm-1.0-200m-pytorch,log_return,history,2024-09-24,0.002508031103345345
timesfm,1.0,google/timesfm-1.0-200m-pytorch,log_return,history,2024-09-25,-0.001862983206212128
timesfm,1.0,google/timesfm-1.0-200m-pytorch,log_return,history,2024-09-26,0.004030542158199222
timesfm,1.0,google/timesfm-1.0-200m-pytorch,log_return,history,2024-09-27,-0.0012540029000721238
timesfm,1.0,google/timesfm-1.0-200m-pytorch,log_return,history,2024-09-30,0.004227603658441509
timesfm,1.0,google/timesfm-1.0-200m-pytorch,log_return,history,2024-10-01,-0.009367848694454447
timesfm,1.0,google/timesfm-1.0-200m-pytorch,log_return,history,2024-10-02,0.00013838132698647728
timesfm,1.0,google/timesfm-1.0-200m-pytorch,log_return,history,2024-10-03,-0.0016828286544586894
timesfm,1.0,google/timesfm-1.0-200m-pytorch,log_return,history,2024-10-04,0.008930255699186382
timesfm,1.0,google/timesfm-1.0-200m-pytorch,log_return,history,2024-10-07,-0.009632263829388773
timesfm,1.0,google/timesfm-1.0-200m-pytorch,log_return,history,2024-10-08,0.009642706804694385
timesfm,1.0,google/timesfm-1.0-200m-pytorch,log_return,history,2024-10-09,0.007088231016994585
timesfm,1.0,google/timesfm-1.0-200m-pytorch,log_return,history,2024-10-10,-0.0020722685059824846
timesfm,1.0,google/timesfm-1.0-200m-pytorch,log_return,history,2024-10-11,0.00603360870729872
timesfm,1.0,google/timesfm-1.0-200m-pytorch,log_return,history,2024-10-14,0.007678114574594323
timesfm,1.0,google/timesfm-1.0-200m-pytorch,log_return,history,2024-10-15,-0.0076385660375134215
timesfm,1.0,google/timesfm-1.0-200m-pytorch,log_return,history,2024-10-16,0.004668232782779766
timesfm,1.0,google/timesfm-1.0-200m-pytorch,log_return,history,2024-10-17,-0.00017117512853816633
timesfm,1.0,google/timesfm-1.0-200m-pytorch,log_return,history,2024-10-18,0.003963686942774387
timesfm,1.0,google/timesfm-1.0-200m-pytorch,log_return,history,2024-10-21,-0.001824432756419033
timesfm,1.0,google/timesfm-1.0-200m-pytorch,log_return,history,2024-10-22,-0.0004749666671957937
timesfm,1.0,google/timesfm-1.0-200m-pytorch,log_return,history,2024-10-23,-0.009233824267679564
timesfm,1.0,google/timesfm-1.0-200m-pytorch,log_return,history,2024-10-24,0.0021434731305568283
timesfm,1.0,google/timesfm-1.0-200m-pytorch,log_return,history,2024-10-25,-0.00029949201318627087
timesfm,1.0,google/timesfm-1.0-200m-pytorch,log_return,history,2024-10-28,0.002647934626732945
timesfm,1.0,google/timesfm-1.0-200m-pytorch,log_return,history,2024-10-29,0.0016128259449012198
timesfm,1.0,google/timesfm-1.0-200m-pytorch,log_return,history,2024-10-30,-0.0033056916724881185
timesfm,1.0,google/timesfm-1.0-200m-pytorch,log_return,history,2024-10-31,-0.018790134928745348
timesfm,1.0,google/timesfm-1.0-200m-pytorch,log_return,history,2024-11-01,0.004084158004525459
timesfm,1.0,google/timesfm-1.0-200m-pytorch,log_return,history,2024-11-04,-0.0028160448131902913
timesfm,1.0,google/timesfm-1.0-200m-pytorch,log_return,history,2024-11-05,0.012191031029563081
timesfm,1.0,google/timesfm-1.0-200m-pytorch,log_return,history,2024-11-06,0.024981280957186654
timesfm,1.0,google/timesfm-1.0-200m-pytorch,log_return,history,2024-11-07,0.007403754173995657
timesfm,1.0,google/timesfm-1.0-200m-pytorch,log_return,history,2024-11-08,0.0037497940357180464
timesfm,1.0,google/timesfm-1.0-200m-pytorch,log_return,history,2024-11-11,0.0009685941909569238
timesfm,1.0,google/timesfm-1.0-200m-pytorch,log_return,history,2024-11-12,-0.0028968514769364996
timesfm,1.0,google/timesfm-1.0-200m-pytorch,log_return,history,2024-11-13,0.00023220076414018386
timesfm,1.0,google/timesfm-1.0-200m-pytorch,log_return,history,2024-11-14,-0.006068108582244
timesfm,1.0,google/timesfm-1.0-200m-pytorch,log_return,history,2024-11-15,-0.013291430866793769
timesfm,1.0,google/timesfm-1.0-200m-pytorch,log_return,history,2024-11-18,0.003910159746206537
timesfm,1.0,google/timesfm-1.0-200m-pytorch,log_return,history,2024-11-19,0.003955750520596487
timesfm,1.0,google/timesfm-1.0-200m-pytorch,log_return,history,2024-11-20,2.19506213354446e-05
timesfm,1.0,google/timesfm-1.0-200m-pytorch,log_return,history,2024-11-21,0.005326251844288491
timesfm,1.0,google/timesfm-1.0-200m-pytorch,log_return,history,2024-11-22,0.0034619595915364653
timesfm,1.0,google/timesfm-1.0-200m-pytorch,log_return,history,2024-11-25,0.0030159278201245415
timesfm,1.0,google/timesfm-1.0-200m-pytorch,log_return,history,2024-11-26,0.005705697155263866
timesfm,1.0,google/timesfm-1.0-200m-pytorch,log_return,history,2024-11-27,-0.003808481083577712
timesfm,1.0,google/timesfm-1.0-200m-pytorch,log_return,history,2024-11-29,0.005592120396801623
timesfm,1.0,google/timesfm-1.0-200m-pytorch,log_return,history,2024-12-02,0.0024454638805813736
timesfm,1.0,google/timesfm-1.0-200m-pytorch,log_return,history,2024-12-03,0.0004513472420221813
timesfm,1.0,google/timesfm-1.0-200m-pytorch,log_return,history,2024-12-04,0.00603318162813612
timesfm,1.0,google/timesfm-1.0-200m-pytorch,log_return,history,2024-12-05,-0.0018715258393823342
timesfm,1.0,google/timesfm-1.0-200m-pytorch,log_return,history,2024-12-06,0.0024923453675383123
timesfm,1.0,google/timesfm-1.0-200m-pytorch,log_return,history,2024-12-09,-0.006163167285227462
timesfm,1.0,google/timesfm-1.0-200m-pytorch,log_return,history,2024-12-10,-0.002968284314279252
timesfm,1.0,google/timesfm-1.0-200m-pytorch,log_return,history,2024-12-11,0.008132626411368235
timesfm,1.0,google/timesfm-1.0-200m-pytorch,log_return,history,2024-12-12,-0.005428731461463251
timesfm,1.0,google/timesfm-1.0-200m-pytorch,log_return,history,2024-12-13,-2.646698937187397e-05
timesfm,1.0,google/timesfm-1.0-200m-pytorch,log_return,history,2024-12-16,0.0037921550087844295
timesfm,1.0,google/timesfm-1.0-200m-pytorch,log_return,history,2024-12-17,-0.0038714794806554956
timesfm,1.0,google/timesfm-1.0-200m-pytorch,log_return,history,2024-12-18,-0.02993650530451818
timesfm,1.0,google/timesfm-1.0-200m-pytorch,log_return,history,2024-12-19,-0.0008654867505367934
timesfm,1.0,google/timesfm-1.0-200m-pytorch,log_return,history,2024-12-20,0.010810479402397299
timesfm,1.0,google/timesfm-1.0-200m-pytorch,log_return,history,2024-12-23,0.007260849585616372
timesfm,1.0,google/timesfm-1.0-200m-pytorch,log_return,history,2024-12-24,0.010982233165126825
timesfm,1.0,google/timesfm-1.0-200m-pytorch,log_return,history,2024-12-26,-0.0004057410882578191
timesfm,1.0,google/timesfm-1.0-200m-pytorch,log_return,history,2024-12-27,-0.01111730496491221
timesfm,1.0,google/timesfm-1.0-200m-pytorch,log_return,history,2024-12-30,-0.010759673941729728
timesfm,1.0,google/timesfm-1.0-200m-pytorch,log_return,history,2024-12-31,-0.0042940064589823065
timesfm,1.0,google/timesfm-1.0-200m-pytorch,log_return,history,2025-01-02,-0.002226363149448992
timesfm,1.0,google/timesfm-1.0-200m-pytorch,log_return,history,2025-01-03,0.01251735670782609
timesfm,1.0,google/timesfm-1.0-200m-pytorch,log_return,history,2025-01-06,0.005522766496818171
timesfm,1.0,google/timesfm-1.0-200m-pytorch,log_return,history,2025-01-07,-0.011166021516637011
timesfm,1.0,google/timesfm-1.0-200m-pytorch,log_return,history,2025-01-08,0.0015591440938312422
timesfm,1.0,google/timesfm-1.0-200m-pytorch,log_return,history,2025-01-10,-0.015531637650233373
timesfm,1.0,google/timesfm-1.0-200m-pytorch,log_return,history,2025-01-13,0.0015742043780551176
timesfm,1.0,google/timesfm-1.0-200m-pytorch,log_return,history,2025-01-14,0.001145623334164268
timesfm,1.0,google/timesfm-1.0-200m-pytorch,log_return,history,2025-01-15,0.018147132504516373
timesfm,1.0,google/timesfm-1.0-200m-pytorch,log_return,history,2025-01-16,-0.0021149243408667613
timesfm,1.0,google/timesfm-1.0-200m-pytorch,log_return,history,2025-01-17,0.009941478308394033
timesfm,1.0,google/timesfm-1.0-200m-pytorch,log_return,history,2025-01-21,0.00873000944059605
timesfm,1.0,google/timesfm-1.0-200m-pytorch,log_return,history,2025-01-22,0.00611918108699413
timesfm,1.0,google/timesfm-1.0-200m-pytorch,log_return,history,2025-01-23,0.005299419459529372
timesfm,1.0,google/timesfm-1.0-200m-pytorch,log_return,history,2025-01-24,-0.002859215984467759
timesfm,1.0,google/timesfm-1.0-200m-pytorch,log_return,history,2025-01-27,-0.014688059032112328
timesfm,1.0,google/timesfm-1.0-200m-pytorch,log_return,history,2025-01-28,0.009175644177716802
timesfm,1.0,google/timesfm-1.0-200m-pytorch,log_return,history,2025-01-29,-0.004689876056919602
timesfm,1.0,google/timesfm-1.0-200m-pytorch,log_return,history,2025-01-30,0.005261548152180238
timesfm,1.0,google/timesfm-1.0-200m-pytorch,log_return,history,2025-01-31,-0.005059603990267195
timesfm,1.0,google/timesfm-1.0-200m-pytorch,log_return,history,2025-02-03,-0.007637690729495203
timesfm,1.0,google/timesfm-1.0-200m-pytorch,log_return,history,2025-02-04,0.007198907403029114
timesfm,1.0,google/timesfm-1.0-200m-pytorch,log_return,history,2025-02-05,0.003901053915613614
timesfm,1.0,google/timesfm-1.0-200m-pytorch,log_return,history,2025-02-06,0.003637674355266266
timesfm,1.0,google/timesfm-1.0-200m-pytorch,log_return,history,2025-02-07,-0.0095098456936602
timesfm,1.0,google/timesfm-1.0-200m-pytorch,log_return,history,2025-02-10,0.006690112295455172
timesfm,1.0,google/timesfm-1.0-200m-pytorch,log_return,history,2025-02-11,0.00033952514367385523
timesfm,1.0,google/timesfm-1.0-200m-pytorch,log_return,history,2025-02-12,-0.0027275831896475754
timesfm,1.0,google/timesfm-1.0-200m-pytorch,log_return,history,2025-02-13,0.010372313214235747
timesfm,1.0,google/timesfm-1.0-200m-pytorch,log_return,history,2025-02-14,-7.19463955744955e-05
timesfm,1.0,google/timesfm-1.0-200m-pytorch,log_return,history,2025-02-18,0.002442003655551809
timesfm,1.0,google/timesfm-1.0-200m-pytorch,log_return,history,2025-02-19,0.0023741488668242434
timesfm,1.0,google/timesfm-1.0-200m-pytorch,log_return,history,2025-02-20,-0.004343604884290259
timesfm,1.0,google/timesfm-1.0-200m-pytorch,log_return,history,2025-02-21,-0.017211396672539132
timesfm,1.0,google/timesfm-1.0-200m-pytorch,log_return,history,2025-02-24,-0.004981493566252351
timesfm,1.0,google/timesfm-1.0-200m-pytorch,log_return,history,2025-02-25,-0.004690715138395557
timesfm,1.0,google/timesfm-1.0-200m-pytorch,log_return,history,2025-02-26,0.00013601502958346571
timesfm,1.0,google/timesfm-1.0-200m-pytorch,log_return,history,2025-02-27,-0.015991742678524653
timesfm,1.0,google/timesfm-1.0-200m-pytorch,log_return,history,2025-02-28,0.015729780420663385
timesfm,1.0,google/timesfm-1.0-200m-pytorch,log_return,history,2025-03-03,-0.017753402648308866
timesfm,1.0,google/timesfm-1.0-200m-pytorch,log_return,history,2025-03-04,-0.012310288231505477
timesfm,1.0,google/timesfm-1.0-200m-pytorch,log_return,history,2025-03-05,0.011097472528735688
timesfm,1.0,google/timesfm-1.0-200m-pytorch,log_return,history,2025-03-06,-0.017979677107455568
timesfm,1.0,google/timesfm-1.0-200m-pytorch,log_return,history,2025-03-07,0.005505435045454467
timesfm,1.0,google/timesfm-1.0-200m-pytorch,log_return,history,2025-03-10,-0.027343541788428148
timesfm,1.0,google/timesfm-1.0-200m-pytorch,log_return,history,2025-03-11,-0.007596646918536578
timesfm,1.0,google/timesfm-1.0-200m-pytorch,log_return,history,2025-03-12,0.004874967940490777
timesfm,1.0,google/timesfm-1.0-200m-pytorch,log_return,history,2025-03-13,-0.013988366806464148
timesfm,1.0,google/timesfm-1.0-200m-pytorch,log_return,history,2025-03-14,0.02104290595319694
timesfm,1.0,google/timesfm-1.0-200m-pytorch,log_return,history,2025-03-17,0.006395634974606036
timesfm,1.0,google/timesfm-1.0-200m-pytorch,log_return,history,2025-03-18,-0.010710667074319702
timesfm,1.0,google/timesfm-1.0-200m-pytorch,log_return,history,2025-03-19,0.010740608172953766
timesfm,1.0,google/timesfm-1.0-200m-pytorch,log_return,history,2025-03-20,-0.002187283513782985
timesfm,1.0,google/timesfm-1.0-200m-pytorch,log_return,history,2025-03-21,0.0008243136078323211
timesfm,1.0,google/timesfm-1.0-200m-pytorch,log_return,history,2025-03-24,0.01749211712863917
timesfm,1.0,google/timesfm-1.0-200m-pytorch,log_return,history,2025-03-25,0.0015730954906538206
timesfm,1.0,google/timesfm-1.0-200m-pytorch,log_return,history,2025-03-26,-0.011219640357598032
timesfm,1.0,google/timesfm-1.0-200m-pytorch,log_return,history,2025-03-27,-0.0033124610071321114
timesfm,1.0,google/timesfm-1.0-200m-pytorch,log_return,history,2025-03-28,-0.019934601126853548
timesfm,1.0,google/timesfm-1.0-200m-pytorch,log_return,history,2025-03-31,0.005523240357645722
timesfm,1.0,google/timesfm-1.0-200m-pytorch,log_return,history,2025-04-01,0.0037741045552120668
timesfm,1.0,google/timesfm-1.0-200m-pytorch,log_return,history,2025-04-02,0.006705661429484109
timesfm,1.0,google/timesfm-1.0-200m-pytorch,log_return,history,2025-04-03,-0.04960591182899663
timesfm,1.0,google/timesfm-1.0-200m-pytorch,log_return,history,2025-04-04,-0.061609061898230934
timesfm,1.0,google/timesfm-1.0-200m-pytorch,log_return,history,2025-04-07,-0.0023341946059635883
timesfm,1.0,google/timesfm-1.0-200m-pytorch,log_return,history,2025-04-08,-0.015825083277054855
timesfm,1.0,google/timesfm-1.0-200m-pytorch,log_return,history,2025-04-09,0.09089487983303646
timesfm,1.0,google/timesfm-1.0-200m-pytorch,log_return,history,2025-04-10,-0.03522060702411168
timesfm,1.0,google/timesfm-1.0-200m-pytorch,log_return,history,2025-04-11,0.01793038083577807
timesfm,1.0,google/timesfm-1.0-200m-pytorch,log_return,history,2025-04-14,0.007913319326342991
timesfm,1.0,google/timesfm-1.0-200m-pytorch,log_return,history,2025-04-15,-0.001729275225300909
timesfm,1.0,google/timesfm-1.0-200m-pytorch,log_return,history,2025-04-16,-0.022663253964902527
timesfm,1.0,google/timesfm-1.0-200m-pytorch,log_return,history,2025-04-17,0.0013259586237727749
timesfm,1.0,google/timesfm-1.0-200m-pytorch,log_return,history,2025-04-21,-0.02384964833401801
timesfm,1.0,google/timesfm-1.0-200m-pytorch,log_return,history,2025-04-22,0.02480695212545062
timesfm,1.0,google/timesfm-1.0-200m-pytorch,log_return,history,2025-04-23,0.016523864366879457
timesfm,1.0,google/timesfm-1.0-200m-pytorch,log_return,history,2025-04-24,0.020056628082583162
timesfm,1.0,google/timesfm-1.0-200m-pytorch,log_return,history,2025-04-25,0.0073460847957005125
timesfm,1.0,google/timesfm-1.0-200m-pytorch,log_return,history,2025-04-28,0.0006405015390019333
timesfm,1.0,google/timesfm-1.0-200m-pytorch,log_return,history,2025-04-29,0.005785641545556399
timesfm,1.0,google/timesfm-1.0-200m-pytorch,log_return,history,2025-04-30,0.0014788972519335208
timesfm,1.0,google/timesfm-1.0-200m-pytorch,log_return,history,2025-05-01,0.006279345716451974
timesfm,1.0,google/timesfm-1.0-200m-pytorch,log_return,history,2025-05-02,0.014619191109112719
timesfm,1.0,google/timesfm-1.0-200m-pytorch,log_return,history,2025-05-05,-0.006402047029318447
timesfm,1.0,google/timesfm-1.0-200m-pytorch,log_return,history,2025-05-06,-0.007722985278391797
timesfm,1.0,google/timesfm-1.0-200m-pytorch,log_return,history,2025-05-07,0.004336938106710132
timesfm,1.0,google/timesfm-1.0-200m-pytorch,log_return,history,2025-05-08,0.005783021147465641
timesfm,1.0,google/timesfm-1.0-200m-pytorch,log_return,history,2025-05-09,-0.0007117341348763632
timesfm,1.0,google/timesfm-1.0-200m-pytorch,log_return,history,2025-05-12,0.03203997667702081
timesfm,1.0,google/timesfm-1.0-200m-pytorch,log_return,history,2025-05-13,0.007222059020245977
timesfm,1.0,google/timesfm-1.0-200m-pytorch,log_return,history,2025-05-14,0.001023891242276054
timesfm,1.0,google/timesfm-1.0-200m-pytorch,log_return,history,2025-05-15,0.004123817438757677
timesfm,1.0,google/timesfm-1.0-200m-pytorch,log_return,history,2025-05-16,0.006980849368100189
timesfm,1.0,google/timesfm-1.0-200m-pytorch,log_return,history,2025-05-19,0.0008757295660482738
timesfm,1.0,google/timesfm-1.0-200m-pytorch,log_return,history,2025-05-20,-0.0038877770695725784
timesfm,1.0,google/timesfm-1.0-200m-pytorch,log_return,history,2025-05-21,-0.016266719267758897
timesfm,1.0,google/timesfm-1.0-200m-pytorch,log_return,history,2025-05-22,-0.0004449700224211693
timesfm,1.0,google/timesfm-1.0-200m-pytorch,log_return,history,2025-05-23,-0.006730899591473139
timesfm,1.0,google/timesfm-1.0-200m-pytorch,log_return,history,2025-05-27,0.02025258080218437
timesfm,1.0,google/timesfm-1.0-200m-pytorch,log_return,history,2025-05-28,-0.005586802576444734
timesfm,1.0,google/timesfm-1.0-200m-pytorch,log_return,history,2025-05-29,0.0040031708706317415
timesfm,1.0,google/timesfm-1.0-200m-pytorch,log_return,history,2025-05-30,-8.118845699520562e-05
timesfm,1.0,google/timesfm-1.0-200m-pytorch,log_return,history,2025-06-02,0.004093651490626028
timesfm,1.0,google/timesfm-1.0-200m-pytorch,log_return,history,2025-06-03,0.005783533535368979
timesfm,1.0,google/timesfm-1.0-200m-pytorch,log_return,history,2025-06-04,7.368474471916267e-05
timesfm,1.0,google/timesfm-1.0-200m-pytorch,log_return,history,2025-06-05,-0.005291357978698112
timesfm,1.0,google/timesfm-1.0-200m-pytorch,log_return,history,2025-06-06,0.010228196215376713
timesfm,1.0,google/timesfm-1.0-200m-pytorch,log_return,history,2025-06-09,0.0009195251863913659
timesfm,1.0,google/timesfm-1.0-200m-pytorch,log_return,history,2025-06-10,0.005468012541646841
timesfm,1.0,google/timesfm-1.0-200m-pytorch,log_return,history,2025-06-11,-0.002747660318287345
timesfm,1.0,google/timesfm-1.0-200m-pytorch,log_return,history,2025-06-12,0.0038151330716763875
timesfm,1.0,google/timesfm-1.0-200m-pytorch,log_return,history,2025-06-13,-0.01136066859010289
timesfm,1.0,google/timesfm-1.0-200m-pytorch,log_return,history,2025-06-16,0.0093488231481891
timesfm,1.0,google/timesfm-1.0-200m-pytorch,log_return,history,2025-06-17,-0.008387259723643134
timesfm,1.0,google/timesfm-1.0-200m-pytorch,log_return,history,2025-06-18,-0.00030928803472058796
timesfm,1.0,google/timesfm-1.0-200m-pytorch,log_return,history,2025-06-20,-0.002181035215587759
timesfm,1.0,google/timesfm-1.0-200m-pytorch,log_return,history,2025-06-23,0.009560655071259439
timesfm,1.0,google/timesfm-1.0-200m-pytorch,log_return,history,2025-06-24,0.011060328616958607
timesfm,1.0,google/timesfm-1.0-200m-pytorch,log_return,history,2025-06-25,-3.286108349665331e-06
timesfm,1.0,google/timesfm-1.0-200m-pytorch,log_return,history,2025-06-26,0.007988131032516797
timesfm,1.0,google/timesfm-1.0-200m-pytorch,log_return,history,2025-06-27,0.005205399256150098
timesfm,1.0,google/timesfm-1.0-200m-pytorch,log_return,history,2025-06-30,0.005151137506128882
timesfm,1.0,google/timesfm-1.0-200m-pytorch,log_return,history,2025-07-01,-0.0011191571098791433
timesfm,1.0,google/timesfm-1.0-200m-pytorch,log_return,history,2025-07-02,0.0047338743064907745
timesfm,1.0,google/timesfm-1.0-200m-pytorch,log_return,history,2025-07-03,0.00830437821066394
timesfm,1.0,google/timesfm-1.0-200m-pytorch,log_return,history,2025-07-07,-0.007893368104244017
timesfm,1.0,google/timesfm-1.0-200m-pytorch,log_return,history,2025-07-08,-0.0007161432504695748
timesfm,1.0,google/timesfm-1.0-200m-pytorch,log_return,history,2025-07-09,0.00604380277677969
timesfm,1.0,google/timesfm-1.0-200m-pytorch,log_return,history,2025-07-10,0.0027424410729257912
timesfm,1.0,google/timesfm-1.0-200m-pytorch,log_return,history,2025-07-11,-0.0033029717732258423
timesfm,1.0,google/timesfm-1.0-200m-pytorch,log_return,history,2025-07-14,0.0014064243309367943
timesfm,1.0,google/timesfm-1.0-200m-pytorch,log_return,history,2025-07-15,-0.003964145065672561
timesfm,1.0,google/timesfm-1.0-200m-pytorch,log_return,history,2025-07-16,0.0031885685253844154
timesfm,1.0,google/timesfm-1.0-200m-pytorch,log_return,history,2025-07-17,0.005359380240011013
timesfm,1.0,google/timesfm-1.0-200m-pytorch,log_return,history,2025-07-18,-9.049030280841674e-05
timesfm,1.0,google/timesfm-1.0-200m-pytorch,log_return,history,2025-07-21,0.001398157005673256
timesfm,1.0,google/timesfm-1.0-200m-pytorch,log_return,history,2025-07-22,0.0006373284966667569
timesfm,1.0,google/timesfm-1.0-200m-pytorch,log_return,history,2025-07-23,0.007781532145702873
timesfm,1.0,google/timesfm-1.0-200m-pytorch,log_return,history,2025-07-24,0.0006979799969332514
timesfm,1.0,google/timesfm-1.0-200m-pytorch,log_return,history,2025-07-25,0.003966451001680552
timesfm,1.0,google/timesfm-1.0-200m-pytorch,log_return,history,2025-07-28,0.00017684247126657597
timesfm,1.0,google/timesfm-1.0-200m-pytorch,log_return,history,2025-07-29,-0.002963830197466829
timesfm,1.0,google/timesfm-1.0-200m-pytorch,log_return,history,2025-07-30,-0.0012502139385094711
timesfm,1.0,google/timesfm-1.0-200m-pytorch,log_return,history,2025-07-31,-0.003701662046374567
timesfm,1.0,google/timesfm-1.0-200m-pytorch,log_return,history,2025-08-01,-0.0161213871855698
timesfm,1.0,google/timesfm-1.0-200m-pytorch,log_return,history,2025-08-04,0.014629564491414495
timesfm,1.0,google/timesfm-1.0-200m-pytorch,log_return,history,2025-08-05,-0.004869703780462017
timesfm,1.0,google/timesfm-1.0-200m-pytorch,log_return,history,2025-08-06,0.007255522219852605
timesfm,1.0,google/timesfm-1.0-200m-pytorch,log_return,history,2025-08-07,-0.0007977981718278668
timesfm,1.0,google/timesfm-1.0-200m-pytorch,log_return,history,2025-08-08,0.0077694548163894745
timesfm,1.0,google/timesfm-1.0-200m-pytorch,log_return,history,2025-08-11,-0.002507268393885107
timesfm,1.0,google/timesfm-1.0-200m-pytorch,log_return,history,2025-08-12,0.011281559075170764
timesfm,1.0,google/timesfm-1.0-200m-pytorch,log_return,history,2025-08-13,0.0032248733840464015
timesfm,1.0,google/timesfm-1.0-200m-pytorch,log_return,history,2025-08-14,0.00030304487855445177
timesfm,1.0,google/timesfm-1.0-200m-pytorch,log_return,history,2025-08-15,-0.0029013399163647113
timesfm,1.0,google/timesfm-1.0-200m-pytorch,log_return,history,2025-08-18,-0.00010076825773579619
timesfm,1.0,google/timesfm-1.0-200m-pytorch,log_return,history,2025-08-19,-0.005875329112207127
timesfm,1.0,google/timesfm-1.0-200m-pytorch,log_return,history,2025-08-20,-0.002434630632264957
timesfm,1.0,google/timesfm-1.0-200m-pytorch,log_return,history,2025-08-21,-0.004012219728951123
timesfm,1.0,google/timesfm-1.0-200m-pytorch,log_return,history,2025-08-22,0.015072285158779139
timesfm,1.0,google/timesfm-1.0-200m-pytorch,log_return,history,2025-08-25,-0.004275512539646319
timesfm,1.0,google/timesfm-1.0-200m-pytorch,log_return,history,2025-08-26,0.00412547371011636
timesfm,1.0,google/timesfm-1.0-200m-pytorch,log_return,history,2025-08-27,0.0023881304533030262
timesfm,1.0,google/timesfm-1.0-200m-pytorch,log_return,history,2025-08-28,0.003151747441466755
timesfm,1.0,google/timesfm-1.0-200m-pytorch,log_return,history,2025-08-29,-0.006418740402792551
timesfm,1.0,google/timesfm-1.0-200m-pytorch,log_return,history,2025-09-02,-0.006946350061030363
timesfm,1.0,google/timesfm-1.0-200m-pytorch,log_return,history,2025-09-03,0.005087112302941308
timesfm,1.0,google/timesfm-1.0-200m-pytorch,log_return,history,2025-09-04,0.008311847102873573
timesfm,1.0,google/timesfm-1.0-200m-pytorch,log_return,history,2025-09-05,-0.00317017266993674
timesfm,1.0,google/timesfm-1.0-200m-pytorch,log_return,history,2025-09-08,0.0021037644508885675
timesfm,1.0,google/timesfm-1.0-200m-pytorch,log_return,history,2025-09-09,0.0026845470300734414
timesfm,1.0,google/timesfm-1.0-200m-pytorch,log_return,history,2025-09-10,0.0029790282293981275
timesfm,1.0,google/timesfm-1.0-200m-pytorch,log_return,history,2025-09-11,0.008450087623093565
timesfm,1.0,google/timesfm-1.0-200m-pytorch,log_return,history,2025-09-12,-0.00048287788142832935
timesfm,1.0,google/timesfm-1.0-200m-pytorch,log_return,history,2025-09-15,0.004695577726559718
timesfm,1.0,google/timesfm-1.0-200m-pytorch,log_return,history,2025-09-16,-0.0012887604333313247
timesfm,1.0,google/timesfm-1.0-200m-pytorch,log_return,history,2025-09-17,-0.0009706390782443865
timesfm,1.0,google/timesfm-1.0-200m-pytorch,log_return,history,2025-09-18,0.004777687836708263
timesfm,1.0,google/timesfm-1.0-200m-pytorch,log_return,history,2025-09-19,0.004873523937481177
timesfm,1.0,google/timesfm-1.0-200m-pytorch,log_return,history,2025-09-22,0.004400350714762291
timesfm,1.0,google/timesfm-1.0-200m-pytorch,log_return,history,2025-09-23,-0.005517351828739721
timesfm,1.0,google/timesfm-1.0-200m-pytorch,log_return,history,2025-09-24,-0.0028506771652953692
timesfm,1.0,google/timesfm-1.0-200m-pytorch,log_return,history,2025-09-25,-0.005021648742526333
timesfm,1.0,google/timesfm-1.0-200m-pytorch,log_return,history,2025-09-26,0.005884489130413512
timesfm,1.0,google/timesfm-1.0-200m-pytorch,log_return,history,2025-09-29,0.002632077259912619
timesfm,1.0,google/timesfm-1.0-200m-pytorch,log_return,history,2025-09-30,0.00408250361350792
timesfm,1.0,google/timesfm-1.0-200m-pytorch,log_return,history,2025-10-01,0.0033941541712235066
timesfm,1.0,google/timesfm-1.0-200m-pytorch,log_return,history,2025-10-02,0.0006181636213842448
timesfm,1.0,google/timesfm-1.0-200m-pytorch,log_return,history,2025-10-03,6.55106568658717e-05
timesfm,1.0,google/timesfm-1.0-200m-pytorch,log_return,history,2025-10-06,0.003639959282762629
timesfm,1.0,google/timesfm-1.0-200m-pytorch,log_return,history,2025-10-07,-0.003818687706853079
timesfm,1.0,google/timesfm-1.0-200m-pytorch,log_return,history,2025-10-08,0.005810748494187323
timesfm,1.0,google/timesfm-1.0-200m-pytorch,log_return,history,2025-10-09,-0.0027593739802789824
timesfm,1.0,google/timesfm-1.0-200m-pytorch,log_return,history,2025-10-10,-0.027485975439899807
timesfm,1.0,google/timesfm-1.0-200m-pytorch,log_return,history,2025-10-13,0.015478263036934031
timesfm,1.0,google/timesfm-1.0-200m-pytorch,log_return,history,2025-10-14,-0.00156555149694257
timesfm,1.0,google/timesfm-1.0-200m-pytorch,log_return,history,2025-10-15,0.004017918503427979
timesfm,1.0,google/timesfm-1.0-200m-pytorch,log_return,history,2025-10-16,-0.006314280275141975
timesfm,1.0,google/timesfm-1.0-200m-pytorch,log_return,history,2025-10-17,0.0052568739445263
timesfm,1.0,google/timesfm-1.0-200m-pytorch,log_return,history,2025-10-20,0.010615724136144117
timesfm,1.0,google/timesfm-1.0-200m-pytorch,log_return,history,2025-10-21,3.269591641698797e-05
timesfm,1.0,google/timesfm-1.0-200m-pytorch,log_return,history,2025-10-22,-0.005351834774743029
timesfm,1.0,google/timesfm-1.0-200m-pytorch,log_return,history,2025-10-23,0.0058104798620133855
timesfm,1.0,google/timesfm-1.0-200m-pytorch,log_return,history,2025-10-24,0.007871361975244857
timesfm,1.0,google/timesfm-1.0-200m-pytorch,log_return,history,2025-10-27,0.012215141327379352
timesfm,1.0,google/timesfm-1.0-200m-pytorch,log_return,history,2025-10-28,0.0022853305022299255
timesfm,1.0,google/timesfm-1.0-200m-pytorch,log_return,history,2025-10-29,-4.3579204733175357e-05
timesfm,1.0,google/timesfm-1.0-200m-pytorch,log_return,history,2025-10-30,-0.009954191424534511
timesfm,1.0,google/timesfm-1.0-200m-pytorch,log_return,history,2025-10-31,0.0026145009178832708
timesfm,1.0,google/timesfm-1.0-200m-pytorch,log_return,history,2025-11-03,0.0017192339969181521
timesfm,1.0,google/timesfm-1.0-200m-pytorch,log_return,history,2025-11-04,-0.011806250392326717
timesfm,1.0,google/timesfm-1.0-200m-pytorch,log_return,history,2025-11-05,0.0036468976756877185
timesfm,1.0,google/timesfm-1.0-200m-pytorch,log_return,history,2025-11-06,-0.011241134514722728
timesfm,1.0,google/timesfm-1.0-200m-pytorch,log_return,history,2025-11-07,0.0012610463474931072
timesfm,1.0,google/timesfm-1.0-200m-pytorch,log_return,history,2025-11-10,0.015283626703501814
timesfm,1.0,google/timesfm-1.0-200m-pytorch,log_return,history,2025-11-11,0.0020731999523923177
timesfm,1.0,google/timesfm-1.0-200m-pytorch,log_return,history,2025-11-12,0.0006293191259445972
timesfm,1.0,google/timesfm-1.0-200m-pytorch,log_return,history,2025-11-13,-0.01669545163092778
timesfm,1.0,google/timesfm-1.0-200m-pytorch,log_return,history,2025-11-14,-0.0005018514712717733
timesfm,1.0,google/timesfm-1.0-200m-pytorch,log_return,history,2025-11-17,-0.009204497894305158
timesfm,1.0,google/timesfm-1.0-200m-pytorch,log_return,history,2025-11-18,-0.008290709844169318
timesfm,1.0,google/timesfm-1.0-200m-pytorch,log_return,history,2025-11-19,0.00374680773726533
timesfm,1.0,google/timesfm-1.0-200m-pytorch,log_return,history,2025-11-20,-0.01568972611631523
timesfm,1.0,google/timesfm-1.0-200m-pytorch,log_return,history,2025-11-21,0.009775103041592069
timesfm,1.0,google/timesfm-1.0-200m-pytorch,log_return,history,2025-11-24,0.015348818899081837
timesfm,1.0,google/timesfm-1.0-200m-pytorch,log_return,history,2025-11-25,0.009020886000832944
timesfm,1.0,google/timesfm-1.0-200m-pytorch,log_return,history,2025-11-26,0.006882969436149685
timesfm,1.0,google/timesfm-1.0-200m-pytorch,log_return,history,2025-11-28,0.005340487341137372
timesfm,1.0,google/timesfm-1.0-200m-pytorch,log_return,history,2025-12-01,-0.005337548746055966
timesfm,1.0,google/timesfm-1.0-200m-pytorch,log_return,history,2025-12-02,0.002454221195936617
timesfm,1.0,google/timesfm-1.0-200m-pytorch,log_return,history,2025-12-03,0.0029753605210852863
timesfm,1.0,google/timesfm-1.0-200m-pytorch,log_return,history,2025-12-04,0.001079738711974404
timesfm,1.0,google/timesfm-1.0-200m-pytorch,log_return,history,2025-12-05,0.0019347688846794776
timesfm,1.0,google/timesfm-1.0-200m-pytorch,log_return,history,2025-12-08,-0.0034833153316476935
timesfm,1.0,google/timesfm-1.0-200m-pytorch,log_return,history,2025-12-09,-0.0008767431610132386
timesfm,1.0,google/timesfm-1.0-200m-pytorch,log_return,history,2025-12-10,0.006726880659139976
timesfm,1.0,google/timesfm-1.0-200m-pytorch,log_return,history,2025-12-11,0.00207719198371703
timesfm,1.0,google/timesfm-1.0-200m-pytorch,log_return,history,2025-12-12,-0.010720913458554537
timesfm,1.0,google/timesfm-1.0-200m-pytorch,log_return,history,2025-12-15,-0.0015978388918367072
timesfm,1.0,google/timesfm-1.0-200m-pytorch,log_return,history,2025-12-16,-0.00238676400843967
timesfm,1.0,google/timesfm-1.0-200m-pytorch,log_return,history,2025-12-17,-0.01165985661137129
timesfm,1.0,google/timesfm-1.0-200m-pytorch,log_return,history,2025-12-18,0.007902951520479156
timesfm,1.0,google/timesfm-1.0-200m-pytorch,log_return,history,2025-12-19,0.008779407421828872
timesfm,1.0,google/timesfm-1.0-200m-pytorch,log_return,history,2025-12-22,0.006415870575561936
timesfm,1.0,google/timesfm-1.0-200m-pytorch,log_return,history,2025-12-23,0.004540067046788208
timesfm,1.0,google/timesfm-1.0-200m-pytorch,log_return,history,2025-12-24,0.0032163043447007086
timesfm,1.0,google/timesfm-1.0-200m-pytorch,log_return,history,2025-12-26,-0.00030440987710828846
timesfm,1.0,google/timesfm-1.0-200m-pytorch,log_return,history,2025-12-29,-0.0034981629239373116
timesfm,1.0,google/timesfm-1.0-200m-pytorch,log_return,history,2025-12-30,-0.0013766142506534472
timesfm,1.0,google/timesfm-1.0-200m-pytorch,log_return,history,2025-12-31,-0.007384867434248815
timesfm,1.0,google/timesfm-1.0-200m-pytorch,log_return,history,2026-01-02,0.0018929140261155547
timesfm,1.0,google/timesfm-1.0-200m-pytorch,log_return,history,2026-01-05,0.006334024511051582
timesfm,1.0,google/timesfm-1.0-200m-pytorch,log_return,history,2026-01-06,0.0061775920038938375
timesfm,1.0,google/timesfm-1.0-200m-pytorch,log_return,history,2026-01-07,-0.0034458535710101927
timesfm,1.0,google/timesfm-1.0-200m-pytorch,log_return,history,2026-01-08,7.654532942294603e-05
timesfm,1.0,google/timesfm-1.0-200m-pytorch,log_return,history,2026-01-09,0.006454611138321038
timesfm,1.0,google/timesfm-1.0-200m-pytorch,log_return,history,2026-01-12,0.0015763900591805138
timesfm,1.0,google/timesfm-1.0-200m-pytorch,log_return,history,2026-01-13,-0.0019410055882070072
timesfm,1.0,google/timesfm-1.0-200m-pytorch,log_return,history,2026-01-14,-0.005347633584135448
timesfm,1.0,google/timesfm-1.0-200m-pytorch,log_return,history,2026-01-15,0.002576603920444464
timesfm,1.0,google/timesfm-1.0-200m-pytorch,log_return,history,2026-01-16,-0.0006425086684515026
timesfm,1.0,google/timesfm-1.0-200m-pytorch,log_return,history,2026-01-20,-0.020842460953261224
timesfm,1.0,google/timesfm-1.0-200m-pytorch,log_return,history,2026-01-21,0.01152111763356032
timesfm,1.0,google/timesfm-1.0-200m-pytorch,log_return,history,2026-01-22,0.0054725007079021405
timesfm,1.0,google/timesfm-1.0-200m-pytorch,log_return,history,2026-01-23,0.0003268164274822459
timesfm,1.0,google/timesfm-1.0-200m-pytorch,log_return,history,2026-01-26,0.00499359426016032
timesfm,1.0,google/timesfm-1.0-200m-pytorch,log_return,history,2026-01-27,0.004073587840441241
timesfm,1.0,google/timesfm-1.0-200m-pytorch,log_return,history,2026-01-28,-8.172639170147053e-05
timesfm,1.0,google/timesfm-1.0-200m-pytorch,log_return,history,2026-01-29,-0.0012934674424623016
timesfm,1.0,google/timesfm-1.0-200m-pytorch,log_return,history,2026-01-30,-0.0043111794144580756
timesfm,1.0,google/timesfm-1.0-200m-pytorch,log_return,history,2026-02-02,0.005376785277364613
timesfm,1.0,google/timesfm-1.0-200m-pytorch,log_return,history,2026-02-03,-0.008439495590663714
timesfm,1.0,google/timesfm-1.0-200m-pytorch,log_return,history,2026-02-04,-0.005085300155013826
timesfm,1.0,google/timesfm-1.0-200m-pytorch,log_return,history,2026-02-05,-0.012326677853832891
timesfm,1.0,google/timesfm-1.0-200m-pytorch,log_return,history,2026-02-06,0.019504344282200718
timesfm,1.0,google/timesfm-1.0-200m-pytorch,log_return,history,2026-02-09,0.004680117860123293
timesfm,1.0,google/timesfm-1.0-200m-pytorch,log_return,history,2026-02-10,-0.0033091822845107053
timesfm,1.0,google/timesfm-1.0-200m-pytorch,log_return,history,2026-02-11,-4.89572699497733e-05
timesfm,1.0,google/timesfm-1.0-200m-pytorch,log_return,history,2026-02-12,-0.01578494138611745
timesfm,1.0,google/timesfm-1.0-200m-pytorch,log_return,history,2026-02-13,0.0004989646444475858
timesfm,1.0,google/timesfm-1.0-200m-pytorch,log_return,history,2026-02-17,0.0010307906306565179
timesfm,1.0,google/timesfm-1.0-200m-pytorch,log_return,history,2026-02-18,0.005550636821134019
timesfm,1.0,google/timesfm-1.0-200m-pytorch,log_return,history,2026-02-19,-0.0028261153915347848
timesfm,1.0,google/timesfm-1.0-200m-pytorch,log_return,history,2026-02-20,0.006915755702175204
timesfm,1.0,google/timesfm-1.0-200m-pytorch,log_return,history,2026-02-23,-0.01043995947145646
timesfm,1.0,google/timesfm-1.0-200m-pytorch,log_return,history,2026-02-24,0.007622488962383376
timesfm,1.0,google/timesfm-1.0-200m-pytorch,log_return,history,2026-02-25,0.0081034339701294
timesfm,1.0,google/timesfm-1.0-200m-pytorch,log_return,history,2026-02-26,-0.005380026995566101
timesfm,1.0,google/timesfm-1.0-200m-pytorch,log_return,history,2026-02-27,-0.004348795128037643
timesfm,1.0,google/timesfm-1.0-200m-pytorch,log_return,history,2026-03-02,0.0003982754131349892
timesfm,1.0,google/timesfm-1.0-200m-pytorch,log_return,history,2026-03-03,-0.009488908731312503
timesfm,1.0,google/timesfm-1.0-200m-pytorch,log_return,history,2026-03-04,0.00772612574014956
timesfm,1.0,google/timesfm-1.0-200m-pytorch,log_return,history,2026-03-05,-0.005662707772703004
timesfm,1.0,google/timesfm-1.0-200m-pytorch,log_return,history,2026-03-06,-0.013365720432496335
timesfm,1.0,google/timesfm-1.0-200m-pytorch,log_return,history,2026-03-09,0.008269871665388671
timesfm,1.0,google/timesfm-1.0-200m-pytorch,log_return,history,2026-03-10,-0.002137402505887721
timesfm,1.0,google/timesfm-1.0-200m-pytorch,log_return,history,2026-03-11,-0.0008379521856348736
timesfm,1.0,google/timesfm-1.0-200m-pytorch,log_return,history,2026-03-12,-0.015344808189494536
timesfm,1.0,google/timesfm-1.0-200m-pytorch,log_return,history,2026-03-13,-0.006077546398501344
timesfm,1.0,google/timesfm-1.0-200m-pytorch,log_return,history,2026-03-16,0.010079909746818997
timesfm,1.0,google/timesfm-1.0-200m-pytorch,log_return,history,2026-03-17,0.002491149384952951
timesfm,1.0,google/timesfm-1.0-200m-pytorch,log_return,history,2026-03-18,-0.013700999383730839
timesfm,1.0,google/timesfm-1.0-200m-pytorch,log_return,history,2026-03-19,-0.002752582623899739
timesfm,1.0,google/timesfm-1.0-200m-pytorch,log_return,history,2026-03-20,-0.015253934307770226
timesfm,1.0,google/timesfm-1.0-200m-pytorch,log_return,history,2026-03-23,0.0113881090950741
timesfm,1.0,google/timesfm-1.0-200m-pytorch,log_return,history,2026-03-24,-0.0037495954593205535
timesfm,1.0,google/timesfm-1.0-200m-pytorch,log_return,history,2026-03-25,0.0054044937599492145
timesfm,1.0,google/timesfm-1.0-200m-pytorch,log_return,history,2026-03-26,-0.017559440961209507
timesfm,1.0,google/timesfm-1.0-200m-pytorch,log_return,history,2026-03-27,-0.01686323194605131
timesfm,1.0,google/timesfm-1.0-200m-pytorch,log_return,history,2026-03-30,-0.003953553833355896
timesfm,1.0,google/timesfm-1.0-200m-pytorch,log_return,history,2026-03-31,0.028714893309798716
timesfm,1.0,google/timesfm-1.0-200m-pytorch,log_return,history,2026-04-01,0.0071429450037592815
timesfm,1.0,google/timesfm-1.0-200m-pytorch,log_return,history,2026-04-02,0.0011202481362370179
timesfm,1.0,google/timesfm-1.0-200m-pytorch,log_return,history,2026-04-06,0.004417013131605809
timesfm,1.0,google/timesfm-1.0-200m-pytorch,log_return,history,2026-04-07,0.0007589600331270599
timesfm,1.0,google/timesfm-1.0-200m-pytorch,log_return,history,2026-04-08,0.024772038357183543
timesfm,1.0,google/timesfm-1.0-200m-pytorch,log_return,history,2026-04-09,0.006151066869514015
timesfm,1.0,google/timesfm-1.0-200m-pytorch,log_return,history,2026-04-10,-0.0011391696991393636
timesfm,1.0,google/timesfm-1.0-200m-pytorch,log_return,history,2026-04-13,0.010121875493741075
timesfm,1.0,google/timesfm-1.0-200m-pytorch,log_return,history,2026-04-14,0.011713988916143619
timesfm,1.0,google/timesfm-1.0-200m-pytorch,log_return,history,2026-04-15,0.00794414491156507
timesfm,1.0,google/timesfm-1.0-200m-pytorch,log_return,history,2026-04-16,0.002606555815286028
timesfm,1.0,google/timesfm-1.0-200m-pytorch,log_return,history,2026-04-17,0.011968553928737802
timesfm,1.0,google/timesfm-1.0-200m-pytorch,log_return,history,2026-04-20,-0.0023771959102520377
timesfm,1.0,google/timesfm-1.0-200m-pytorch,log_return,history,2026-04-21,-0.0063684535808531395
timesfm,1.0,google/timesfm-1.0-200m-pytorch,log_return,history,2026-04-22,0.010405756011537825
timesfm,1.0,google/timesfm-1.0-200m-pytorch,log_return,history,2026-04-23,-0.004141432170939999
timesfm,1.0,google/timesfm-1.0-200m-pytorch,log_return,history,2026-04-24,0.007942067917632457
timesfm,1.0,google/timesfm-1.0-200m-pytorch,log_return,history,2026-04-27,0.0012316180005498539
timesfm,1.0,google/timesfm-1.0-200m-pytorch,log_return,history,2026-04-28,-0.0049061878687959495
timesfm,1.0,google/timesfm-1.0-200m-pytorch,log_return,history,2026-04-29,-0.00039925174351248426
timesfm,1.0,google/timesfm-1.0-200m-pytorch,log_return,history,2026-04-30,0.010186184168105012
timesfm,1.0,google/timesfm-1.0-200m-pytorch,log_return,history,2026-05-01,0.0029240496865214705
timesfm,1.0,google/timesfm-1.0-200m-pytorch,log_return,history,2026-05-04,-0.004070462487840939
timesfm,1.0,google/timesfm-1.0-200m-pytorch,log_return,history,2026-05-05,0.008087227380575185
timesfm,1.0,google/timesfm-1.0-200m-pytorch,log_return,history,2026-05-06,0.014482944327746902
timesfm,1.0,google/timesfm-1.0-200m-pytorch,log_return,history,2026-05-07,-0.0038103454826786936
timesfm,1.0,google/timesfm-1.0-200m-pytorch,log_return,history,2026-05-08,0.008390405429031966
timesfm,1.0,google/timesfm-1.0-200m-pytorch,log_return,history,2026-05-11,0.0018781917406753333
timesfm,1.0,google/timesfm-1.0-200m-pytorch,log_return,history,2026-05-12,-0.0016038944114079717
timesfm,1.0,google/timesfm-1.0-200m-pytorch,log_return,history,2026-05-13,0.005832206062995343
timesfm,1.0,google/timesfm-1.0-200m-pytorch,log_return,history,2026-05-14,0.007626449143738461
timesfm,1.0,google/timesfm-1.0-200m-pytorch,log_return,history,2026-05-15,-0.012440381787730354
timesfm,1.0,google/timesfm-1.0-200m-pytorch,log_return,history,2026-05-18,-0.0007359385925655567
timesfm,1.0,google/timesfm-1.0-200m-pytorch,log_return,history,2026-05-19,-0.006700720556670582
timesfm,1.0,google/timesfm-1.0-200m-pytorch,log_return,history,2026-05-20,0.010734208066325955
timesfm,1.0,google/timesfm-1.0-200m-pytorch,log_return,history,2026-05-21,0.0017138609316666425
timesfm,1.0,google/timesfm-1.0-200m-pytorch,log_return,history,2026-05-22,0.003720045284340991
timesfm,1.0,google/timesfm-1.0-200m-pytorch,log_return,history,2026-05-26,0.006089680623147164
timesfm,1.0,google/timesfm-1.0-200m-pytorch,log_return,history,2026-05-27,0.00016486555361860245
timesfm,1.0,google/timesfm-1.0-200m-pytorch,log_return,history,2026-05-28,0.0057372272122164095
timesfm,1.0,google/timesfm-1.0-200m-pytorch,log_return,history,2026-05-29,0.0021699047314878454
timesfm,1.0,google/timesfm-1.0-200m-pytorch,log_return,history,2026-06-01,0.0026218560604907887
timesfm,1.0,google/timesfm-1.0-200m-pytorch,log_return,history,2026-06-02,0.0012912549125880068
timesfm,1.0,google/timesfm-1.0-200m-pytorch,log_return,history,2026-06-03,-0.007399348892067432
timesfm,1.0,google/timesfm-1.0-200m-pytorch,log_return,history,2026-06-04,0.0040467623691873905
timesfm,1.0,google/timesfm-1.0-200m-pytorch,log_return,history,2026-06-05,-0.026801330315360895
timesfm,1.0,google/timesfm-1.0-200m-pytorch,log_return,history,2026-06-08,0.0029737052076611974
timesfm,1.0,google/timesfm-1.0-200m-pytorch,log_return,history,2026-06-09,-0.0025797185926219454
timesfm,1.0,google/timesfm-1.0-200m-pytorch,log_return,history,2026-06-10,-0.016332095868206012
timesfm,1.0,google/timesfm-1.0-200m-pytorch,log_return,history,2026-06-11,0.01736719891346488
timesfm,1.0,google/timesfm-1.0-200m-pytorch,log_return,history,2026-06-12,0.005012928127161434
timesfm,1.0,google/timesfm-1.0-200m-pytorch,log_return,history,2026-06-15,0.01639328413858115
timesfm,1.0,google/timesfm-1.0-200m-pytorch,log_return,history,2026-06-16,-0.005700396039273383
timesfm,1.0,google/timesfm-1.0-200m-pytorch,log_return,history,2026-06-17,-0.012222675603360275
timesfm,1.0,google/timesfm-1.0-200m-pytorch,log_return,history,2026-06-18,0.010787813962926182
timesfm,1.0,google/timesfm-1.0-200m-pytorch,log_return,history,2026-06-22,-0.003711932684976348
timesfm,1.0,google/timesfm-1.0-200m-pytorch,log_return,history,2026-06-23,-0.014466928386098657
timesfm,1.0,google/timesfm-1.0-200m-pytorch,log_return,history,2026-06-24,-0.000983415367731934
timesfm,1.0,google/timesfm-1.0-200m-pytorch,log_return,history,2026-06-25,-9.921104004703284e-05
timesfm,1.0,google/timesfm-1.0-200m-pytorch,log_return,history,2026-06-26,-0.0004717686829183932
timesfm,1.0,google/timesfm-1.0-200m-pytorch,log_return,history,2026-06-29,0.01168156135934559
timesfm,1.0,google/timesfm-1.0-200m-pytorch,log_return,history,2026-06-30,0.007888998838148293
timesfm,1.0,google/timesfm-1.0-200m-pytorch,log_return,history,2026-07-01,-0.0021531509855513085
timesfm,1.0,google/timesfm-1.0-200m-pytorch,log_return,history,2026-07-02,1.370250446897007e-06
timesfm,1.0,google/timesfm-1.0-200m-pytorch,log_return,history,2026-07-06,0.0072154138304445295
timesfm,1.0,google/timesfm-1.0-200m-pytorch,log_return,history,2026-07-07,-0.004465063253185491
timesfm,1.0,google/timesfm-1.0-200m-pytorch,log_return,history,2026-07-08,-0.0028212145626126694
timesfm,1.0,google/timesfm-1.0-200m-pytorch,log_return,history,2026-07-09,0.008109821657156896
timesfm,1.0,google/timesfm-1.0-200m-pytorch,log_return,actual,2026-07-10,0.004200010992571727
timesfm,1.0,google/timesfm-1.0-200m-pytorch,log_return,actual,2026-07-13,-0.007958609028043705
timesfm,1.0,google/timesfm-1.0-200m-pytorch,log_return,actual,2026-07-14,0.003751931076883282
timesfm,1.0,google/timesfm-1.0-200m-pytorch,log_return,actual,2026-07-15,0.003811869942054222
timesfm,1.0,google/timesfm-1.0-200m-pytorch,log_return,actual,2026-07-16,-0.005114462132765812
timesfm,1.0,google/timesfm-1.0-200m-pytorch,log_return,actual,2026-07-17,-0.010149876192112738
timesfm,1.0,google/timesfm-1.0-200m-pytorch,log_return,actual,2026-07-20,-0.0019341238867804414
timesfm,1.0,google/timesfm-1.0-200m-pytorch,log_return,actual,2026-07-21,0.008817378432212827
timesfm,1.0,google/timesfm-1.0-200m-pytorch,log_return,actual,2026-07-22,-0.0013646224263997142
timesfm,1.0,google/timesfm-1.0-200m-pytorch,log_return,actual,2026-07-23,-0.012163372131276511
timesfm,1.0,google/timesfm-1.0-200m-pytorch,log_return,actual,2026-07-24,0.0004966405371888175
timesfm,1.0,google/timesfm-1.0-200m-pytorch,log_return,actual,2026-07-27,0.00016191330177520104
timesfm,1.0,google/timesfm-1.0-200m-pytorch,log_return,actual,2026-07-28,0.0021020963754603476
timesfm,1.0,google/timesfm-1.0-200m-pytorch,log_return,actual,2026-07-29,-0.015277397157074194
timesfm,1.0,google/timesfm-1.0-200m-pytorch,log_return,actual,2026-07-30,0.016468013977056842
timesfm,1.0,google/timesfm-1.0-200m-pytorch,log_return,actual,2026-07-31,0.006979208383378553
timesfm,1.0,google/timesfm-1.0-200m-pytorch,log_return,actual,2026-08-03,0.014682592263996739
timesfm,1.0,google/timesfm-1.0-200m-pytorch,log_return,actual,2026-08-04,0.01773794201518698
timesfm,1.0,google/timesfm-1.0-200m-pytorch,log_return,actual,2026-08-05,-0.0016778990048803989
timesfm,1.0,google/timesfm-1.0-200m-pytorch,log_return,actual,2026-08-06,-0.0017610831844068816
timesfm,1.0,google/timesfm-1.0-200m-pytorch,log_return,actual,2026-08-07,0.006165187424711444
timesfm,1.0,google/timesfm-1.0-200m-pytorch,log_return,naive,2026-07-10,0.008109821657156896
timesfm,1.0,google/timesfm-1.0-200m-pytorch,log_return,naive,2026-07-13,0.008109821657156896
timesfm,1.0,google/timesfm-1.0-200m-pytorch,log_return,naive,2026-07-14,0.008109821657156896
timesfm,1.0,google/timesfm-1.0-200m-pytorch,log_return,naive,2026-07-15,0.008109821657156896
timesfm,1.0,google/timesfm-1.0-200m-pytorch,log_return,naive,2026-07-16,0.008109821657156896
timesfm,1.0,google/timesfm-1.0-200m-pytorch,log_return,naive,2026-07-17,0.008109821657156896
timesfm,1.0,google/timesfm-1.0-200m-pytorch,log_return,naive,2026-07-20,0.008109821657156896
timesfm,1.0,google/timesfm-1.0-200m-pytorch,log_return,naive,2026-07-21,0.008109821657156896
timesfm,1.0,google/timesfm-1.0-200m-pytorch,log_return,naive,2026-07-22,0.008109821657156896
timesfm,1.0,google/timesfm-1.0-200m-pytorch,log_return,naive,2026-07-23,0.008109821657156896
timesfm,1.0,google/timesfm-1.0-200m-pytorch,log_return,naive,2026-07-24,0.008109821657156896
timesfm,1.0,google/timesfm-1.0-200m-pytorch,log_return,naive,2026-07-27,0.008109821657156896
timesfm,1.0,google/timesfm-1.0-200m-pytorch,log_return,naive,2026-07-28,0.008109821657156896
timesfm,1.0,google/timesfm-1.0-200m-pytorch,log_return,naive,2026-07-29,0.008109821657156896
timesfm,1.0,google/timesfm-1.0-200m-pytorch,log_return,naive,2026-07-30,0.008109821657156896
timesfm,1.0,google/timesfm-1.0-200m-pytorch,log_return,naive,2026-07-31,0.008109821657156896
timesfm,1.0,google/timesfm-1.0-200m-pytorch,log_return,naive,2026-08-03,0.008109821657156896
timesfm,1.0,google/timesfm-1.0-200m-pytorch,log_return,naive,2026-08-04,0.008109821657156896
timesfm,1.0,google/timesfm-1.0-200m-pytorch,log_return,naive,2026-08-05,0.008109821657156896
timesfm,1.0,google/timesfm-1.0-200m-pytorch,log_return,naive,2026-08-06,0.008109821657156896
timesfm,1.0,google/timesfm-1.0-200m-pytorch,log_return,naive,2026-08-07,0.008109821657156896
timesfm,1.0,google/timesfm-1.0-200m-pytorch,log_return,forecast,2026-07-10,0.0003688011784106493
timesfm,1.0,google/timesfm-1.0-200m-pytorch,log_return,forecast,2026-07-13,0.00040010293014347553
timesfm,1.0,google/timesfm-1.0-200m-pytorch,log_return,forecast,2026-07-14,0.0013986406847834587
timesfm,1.0,google/timesfm-1.0-200m-pytorch,log_return,forecast,2026-07-15,0.0014864152763038874
timesfm,1.0,google/timesfm-1.0-200m-pytorch,log_return,forecast,2026-07-16,0.0010828063823282719
timesfm,1.0,google/timesfm-1.0-200m-pytorch,log_return,forecast,2026-07-17,0.0009469401556998491
timesfm,1.0,google/timesfm-1.0-200m-pytorch,log_return,forecast,2026-07-20,0.0008190134540200233
timesfm,1.0,google/timesfm-1.0-200m-pytorch,log_return,forecast,2026-07-21,0.0010250259656459093
timesfm,1.0,google/timesfm-1.0-200m-pytorch,log_return,forecast,2026-07-22,3.19512328132987e-05
timesfm,1.0,google/timesfm-1.0-200m-pytorch,log_return,forecast,2026-07-23,-0.0004050905117765069
timesfm,1.0,google/timesfm-1.0-200m-pytorch,log_return,forecast,2026-07-24,-0.00019046757370233536
timesfm,1.0,google/timesfm-1.0-200m-pytorch,log_return,forecast,2026-07-27,0.0005860396195203066
timesfm,1.0,google/timesfm-1.0-200m-pytorch,log_return,forecast,2026-07-28,0.0003907112404704094
timesfm,1.0,google/timesfm-1.0-200m-pytorch,log_return,forecast,2026-07-29,0.000293276971206069
timesfm,1.0,google/timesfm-1.0-200m-pytorch,log_return,forecast,2026-07-30,0.0007877994794398546
timesfm,1.0,google/timesfm-1.0-200m-pytorch,log_return,forecast,2026-07-31,0.001131146913394332
timesfm,1.0,google/timesfm-1.0-200m-pytorch,log_return,forecast,2026-08-03,0.0008802080992609262
timesfm,1.0,google/timesfm-1.0-200m-pytorch,log_return,forecast,2026-08-04,0.00044663227163255215
timesfm,1.0,google/timesfm-1.0-200m-pytorch,log_return,forecast,2026-08-05,0.0016320946160703897
timesfm,1.0,google/timesfm-1.0-200m-pytorch,log_return,forecast,2026-08-06,0.0022718876134604216
timesfm,1.0,google/timesfm-1.0-200m-pytorch,log_return,forecast,2026-08-07,0.001307872822508216
timesfm,2.0,google/timesfm-2.0-500m-pytorch,price,history,2024-06-24,5447.8701171875
timesfm,2.0,google/timesfm-2.0-500m-pytorch,price,history,2024-06-25,5469.2998046875
timesfm,2.0,google/timesfm-2.0-500m-pytorch,price,history,2024-06-26,5477.89990234375
timesfm,2.0,google/timesfm-2.0-500m-pytorch,price,history,2024-06-27,5482.8701171875
timesfm,2.0,google/timesfm-2.0-500m-pytorch,price,history,2024-06-28,5460.47998046875
timesfm,2.0,google/timesfm-2.0-500m-pytorch,price,history,2024-07-01,5475.08984375
timesfm,2.0,google/timesfm-2.0-500m-pytorch,price,history,2024-07-02,5509.009765625
timesfm,2.0,google/timesfm-2.0-500m-pytorch,price,history,2024-07-03,5537.02001953125
timesfm,2.0,google/timesfm-2.0-500m-pytorch,price,history,2024-07-05,5567.18994140625
timesfm,2.0,google/timesfm-2.0-500m-pytorch,price,history,2024-07-08,5572.85009765625
timesfm,2.0,google/timesfm-2.0-500m-pytorch,price,history,2024-07-09,5576.97998046875
timesfm,2.0,google/timesfm-2.0-500m-pytorch,price,history,2024-07-10,5633.91015625
timesfm,2.0,google/timesfm-2.0-500m-pytorch,price,history,2024-07-11,5584.5400390625
timesfm,2.0,google/timesfm-2.0-500m-pytorch,price,history,2024-07-12,5615.35009765625
timesfm,2.0,google/timesfm-2.0-500m-pytorch,price,history,2024-07-15,5631.22021484375
timesfm,2.0,google/timesfm-2.0-500m-pytorch,price,history,2024-07-16,5667.2001953125
timesfm,2.0,google/timesfm-2.0-500m-pytorch,price,history,2024-07-17,5588.27001953125
timesfm,2.0,google/timesfm-2.0-500m-pytorch,price,history,2024-07-18,5544.58984375
timesfm,2.0,google/timesfm-2.0-500m-pytorch,price,history,2024-07-19,5505.0
timesfm,2.0,google/timesfm-2.0-500m-pytorch,price,history,2024-07-22,5564.41015625
timesfm,2.0,google/timesfm-2.0-500m-pytorch,price,history,2024-07-23,5555.740234375
timesfm,2.0,google/timesfm-2.0-500m-pytorch,price,history,2024-07-24,5427.1298828125
timesfm,2.0,google/timesfm-2.0-500m-pytorch,price,history,2024-07-25,5399.22021484375
timesfm,2.0,google/timesfm-2.0-500m-pytorch,price,history,2024-07-26,5459.10009765625
timesfm,2.0,google/timesfm-2.0-500m-pytorch,price,history,2024-07-29,5463.5400390625
timesfm,2.0,google/timesfm-2.0-500m-pytorch,price,history,2024-07-30,5436.43994140625
timesfm,2.0,google/timesfm-2.0-500m-pytorch,price,history,2024-07-31,5522.2998046875
timesfm,2.0,google/timesfm-2.0-500m-pytorch,price,history,2024-08-01,5446.68017578125
timesfm,2.0,google/timesfm-2.0-500m-pytorch,price,history,2024-08-02,5346.56005859375
timesfm,2.0,google/timesfm-2.0-500m-pytorch,price,history,2024-08-05,5186.330078125
timesfm,2.0,google/timesfm-2.0-500m-pytorch,price,history,2024-08-06,5240.02978515625
timesfm,2.0,google/timesfm-2.0-500m-pytorch,price,history,2024-08-07,5199.5
timesfm,2.0,google/timesfm-2.0-500m-pytorch,price,history,2024-08-08,5319.31005859375
timesfm,2.0,google/timesfm-2.0-500m-pytorch,price,history,2024-08-09,5344.16015625
timesfm,2.0,google/timesfm-2.0-500m-pytorch,price,history,2024-08-12,5344.39013671875
timesfm,2.0,google/timesfm-2.0-500m-pytorch,price,history,2024-08-13,5434.43017578125
timesfm,2.0,google/timesfm-2.0-500m-pytorch,price,history,2024-08-14,5455.2099609375
timesfm,2.0,google/timesfm-2.0-500m-pytorch,price,history,2024-08-15,5543.22021484375
timesfm,2.0,google/timesfm-2.0-500m-pytorch,price,history,2024-08-16,5554.25
timesfm,2.0,google/timesfm-2.0-500m-pytorch,price,history,2024-08-19,5608.25
timesfm,2.0,google/timesfm-2.0-500m-pytorch,price,history,2024-08-20,5597.1201171875
timesfm,2.0,google/timesfm-2.0-500m-pytorch,price,history,2024-08-21,5620.85009765625
timesfm,2.0,google/timesfm-2.0-500m-pytorch,price,history,2024-08-22,5570.64013671875
timesfm,2.0,google/timesfm-2.0-500m-pytorch,price,history,2024-08-23,5634.60986328125
timesfm,2.0,google/timesfm-2.0-500m-pytorch,price,history,2024-08-26,5616.83984375
timesfm,2.0,google/timesfm-2.0-500m-pytorch,price,history,2024-08-27,5625.7998046875
timesfm,2.0,google/timesfm-2.0-500m-pytorch,price,history,2024-08-28,5592.18017578125
timesfm,2.0,google/timesfm-2.0-500m-pytorch,price,history,2024-08-29,5591.9599609375
timesfm,2.0,google/timesfm-2.0-500m-pytorch,price,history,2024-08-30,5648.39990234375
timesfm,2.0,google/timesfm-2.0-500m-pytorch,price,history,2024-09-03,5528.93017578125
timesfm,2.0,google/timesfm-2.0-500m-pytorch,price,history,2024-09-04,5520.06982421875
timesfm,2.0,google/timesfm-2.0-500m-pytorch,price,history,2024-09-05,5503.41015625
timesfm,2.0,google/timesfm-2.0-500m-pytorch,price,history,2024-09-06,5408.419921875
timesfm,2.0,google/timesfm-2.0-500m-pytorch,price,history,2024-09-09,5471.0498046875
timesfm,2.0,google/timesfm-2.0-500m-pytorch,price,history,2024-09-10,5495.52001953125
timesfm,2.0,google/timesfm-2.0-500m-pytorch,price,history,2024-09-11,5554.1298828125
timesfm,2.0,google/timesfm-2.0-500m-pytorch,price,history,2024-09-12,5595.759765625
timesfm,2.0,google/timesfm-2.0-500m-pytorch,price,history,2024-09-13,5626.02001953125
timesfm,2.0,google/timesfm-2.0-500m-pytorch,price,history,2024-09-16,5633.08984375
timesfm,2.0,google/timesfm-2.0-500m-pytorch,price,history,2024-09-17,5634.580078125
timesfm,2.0,google/timesfm-2.0-500m-pytorch,price,history,2024-09-18,5618.259765625
timesfm,2.0,google/timesfm-2.0-500m-pytorch,price,history,2024-09-19,5713.64013671875
timesfm,2.0,google/timesfm-2.0-500m-pytorch,price,history,2024-09-20,5702.5498046875
timesfm,2.0,google/timesfm-2.0-500m-pytorch,price,history,2024-09-23,5718.56982421875
timesfm,2.0,google/timesfm-2.0-500m-pytorch,price,history,2024-09-24,5732.93017578125
timesfm,2.0,google/timesfm-2.0-500m-pytorch,price,history,2024-09-25,5722.259765625
timesfm,2.0,google/timesfm-2.0-500m-pytorch,price,history,2024-09-26,5745.3701171875
timesfm,2.0,google/timesfm-2.0-500m-pytorch,price,history,2024-09-27,5738.169921875
timesfm,2.0,google/timesfm-2.0-500m-pytorch,price,history,2024-09-30,5762.47998046875
timesfm,2.0,google/timesfm-2.0-500m-pytorch,price,history,2024-10-01,5708.75
timesfm,2.0,google/timesfm-2.0-500m-pytorch,price,history,2024-10-02,5709.5400390625
timesfm,2.0,google/timesfm-2.0-500m-pytorch,price,history,2024-10-03,5699.93994140625
timesfm,2.0,google/timesfm-2.0-500m-pytorch,price,history,2024-10-04,5751.06982421875
timesfm,2.0,google/timesfm-2.0-500m-pytorch,price,history,2024-10-07,5695.93994140625
timesfm,2.0,google/timesfm-2.0-500m-pytorch,price,history,2024-10-08,5751.1298828125
timesfm,2.0,google/timesfm-2.0-500m-pytorch,price,history,2024-10-09,5792.0400390625
timesfm,2.0,google/timesfm-2.0-500m-pytorch,price,history,2024-10-10,5780.0498046875
timesfm,2.0,google/timesfm-2.0-500m-pytorch,price,history,2024-10-11,5815.02978515625
timesfm,2.0,google/timesfm-2.0-500m-pytorch,price,history,2024-10-14,5859.85009765625
timesfm,2.0,google/timesfm-2.0-500m-pytorch,price,history,2024-10-15,5815.259765625
timesfm,2.0,google/timesfm-2.0-500m-pytorch,price,history,2024-10-16,5842.47021484375
timesfm,2.0,google/timesfm-2.0-500m-pytorch,price,history,2024-10-17,5841.47021484375
timesfm,2.0,google/timesfm-2.0-500m-pytorch,price,history,2024-10-18,5864.669921875
timesfm,2.0,google/timesfm-2.0-500m-pytorch,price,history,2024-10-21,5853.97998046875
timesfm,2.0,google/timesfm-2.0-500m-pytorch,price,history,2024-10-22,5851.2001953125
timesfm,2.0,google/timesfm-2.0-500m-pytorch,price,history,2024-10-23,5797.419921875
timesfm,2.0,google/timesfm-2.0-500m-pytorch,price,history,2024-10-24,5809.85986328125
timesfm,2.0,google/timesfm-2.0-500m-pytorch,price,history,2024-10-25,5808.1201171875
timesfm,2.0,google/timesfm-2.0-500m-pytorch,price,history,2024-10-28,5823.52001953125
timesfm,2.0,google/timesfm-2.0-500m-pytorch,price,history,2024-10-29,5832.919921875
timesfm,2.0,google/timesfm-2.0-500m-pytorch,price,history,2024-10-30,5813.669921875
timesfm,2.0,google/timesfm-2.0-500m-pytorch,price,history,2024-10-31,5705.4501953125
timesfm,2.0,google/timesfm-2.0-500m-pytorch,price,history,2024-11-01,5728.7998046875
timesfm,2.0,google/timesfm-2.0-500m-pytorch,price,history,2024-11-04,5712.68994140625
timesfm,2.0,google/timesfm-2.0-500m-pytorch,price,history,2024-11-05,5782.759765625
timesfm,2.0,google/timesfm-2.0-500m-pytorch,price,history,2024-11-06,5929.0400390625
timesfm,2.0,google/timesfm-2.0-500m-pytorch,price,history,2024-11-07,5973.10009765625
timesfm,2.0,google/timesfm-2.0-500m-pytorch,price,history,2024-11-08,5995.5400390625
timesfm,2.0,google/timesfm-2.0-500m-pytorch,price,history,2024-11-11,6001.35009765625
timesfm,2.0,google/timesfm-2.0-500m-pytorch,price,history,2024-11-12,5983.990234375
timesfm,2.0,google/timesfm-2.0-500m-pytorch,price,history,2024-11-13,5985.3798828125
timesfm,2.0,google/timesfm-2.0-500m-pytorch,price,history,2024-11-14,5949.169921875
timesfm,2.0,google/timesfm-2.0-500m-pytorch,price,history,2024-11-15,5870.6201171875
timesfm,2.0,google/timesfm-2.0-500m-pytorch,price,history,2024-11-18,5893.6201171875
timesfm,2.0,google/timesfm-2.0-500m-pytorch,price,history,2024-11-19,5916.97998046875
timesfm,2.0,google/timesfm-2.0-500m-pytorch,price,history,2024-11-20,5917.10986328125
timesfm,2.0,google/timesfm-2.0-500m-pytorch,price,history,2024-11-21,5948.7099609375
timesfm,2.0,google/timesfm-2.0-500m-pytorch,price,history,2024-11-22,5969.33984375
timesfm,2.0,google/timesfm-2.0-500m-pytorch,price,history,2024-11-25,5987.3701171875
timesfm,2.0,google/timesfm-2.0-500m-pytorch,price,history,2024-11-26,6021.6298828125
timesfm,2.0,google/timesfm-2.0-500m-pytorch,price,history,2024-11-27,5998.740234375
timesfm,2.0,google/timesfm-2.0-500m-pytorch,price,history,2024-11-29,6032.3798828125
timesfm,2.0,google/timesfm-2.0-500m-pytorch,price,history,2024-12-02,6047.14990234375
timesfm,2.0,google/timesfm-2.0-500m-pytorch,price,history,2024-12-03,6049.8798828125
timesfm,2.0,google/timesfm-2.0-500m-pytorch,price,history,2024-12-04,6086.490234375
timesfm,2.0,google/timesfm-2.0-500m-pytorch,price,history,2024-12-05,6075.10986328125
timesfm,2.0,google/timesfm-2.0-500m-pytorch,price,history,2024-12-06,6090.27001953125
timesfm,2.0,google/timesfm-2.0-500m-pytorch,price,history,2024-12-09,6052.85009765625
timesfm,2.0,google/timesfm-2.0-500m-pytorch,price,history,2024-12-10,6034.91015625
timesfm,2.0,google/timesfm-2.0-500m-pytorch,price,history,2024-12-11,6084.18994140625
timesfm,2.0,google/timesfm-2.0-500m-pytorch,price,history,2024-12-12,6051.25
timesfm,2.0,google/timesfm-2.0-500m-pytorch,price,history,2024-12-13,6051.08984375
timesfm,2.0,google/timesfm-2.0-500m-pytorch,price,history,2024-12-16,6074.080078125
timesfm,2.0,google/timesfm-2.0-500m-pytorch,price,history,2024-12-17,6050.60986328125
timesfm,2.0,google/timesfm-2.0-500m-pytorch,price,history,2024-12-18,5872.16015625
timesfm,2.0,google/timesfm-2.0-500m-pytorch,price,history,2024-12-19,5867.080078125
timesfm,2.0,google/timesfm-2.0-500m-pytorch,price,history,2024-12-20,5930.85009765625
timesfm,2.0,google/timesfm-2.0-500m-pytorch,price,history,2024-12-23,5974.06982421875
timesfm,2.0,google/timesfm-2.0-500m-pytorch,price,history,2024-12-24,6040.0400390625
timesfm,2.0,google/timesfm-2.0-500m-pytorch,price,history,2024-12-26,6037.58984375
timesfm,2.0,google/timesfm-2.0-500m-pytorch,price,history,2024-12-27,5970.83984375
timesfm,2.0,google/timesfm-2.0-500m-pytorch,price,history,2024-12-30,5906.93994140625
timesfm,2.0,google/timesfm-2.0-500m-pytorch,price,history,2024-12-31,5881.6298828125
timesfm,2.0,google/timesfm-2.0-500m-pytorch,price,history,2025-01-02,5868.5498046875
timesfm,2.0,google/timesfm-2.0-500m-pytorch,price,history,2025-01-03,5942.47021484375
timesfm,2.0,google/timesfm-2.0-500m-pytorch,price,history,2025-01-06,5975.3798828125
timesfm,2.0,google/timesfm-2.0-500m-pytorch,price,history,2025-01-07,5909.02978515625
timesfm,2.0,google/timesfm-2.0-500m-pytorch,price,history,2025-01-08,5918.25
timesfm,2.0,google/timesfm-2.0-500m-pytorch,price,history,2025-01-10,5827.0400390625
timesfm,2.0,google/timesfm-2.0-500m-pytorch,price,history,2025-01-13,5836.22021484375
timesfm,2.0,google/timesfm-2.0-500m-pytorch,price,history,2025-01-14,5842.91015625
timesfm,2.0,google/timesfm-2.0-500m-pytorch,price,history,2025-01-15,5949.91015625
timesfm,2.0,google/timesfm-2.0-500m-pytorch,price,history,2025-01-16,5937.33984375
timesfm,2.0,google/timesfm-2.0-500m-pytorch,price,history,2025-01-17,5996.66015625
timesfm,2.0,google/timesfm-2.0-500m-pytorch,price,history,2025-01-21,6049.240234375
timesfm,2.0,google/timesfm-2.0-500m-pytorch,price,history,2025-01-22,6086.3701171875
timesfm,2.0,google/timesfm-2.0-500m-pytorch,price,history,2025-01-23,6118.7099609375
timesfm,2.0,google/timesfm-2.0-500m-pytorch,price,history,2025-01-24,6101.240234375
timesfm,2.0,google/timesfm-2.0-500m-pytorch,price,history,2025-01-27,6012.27978515625
timesfm,2.0,google/timesfm-2.0-500m-pytorch,price,history,2025-01-28,6067.7001953125
timesfm,2.0,google/timesfm-2.0-500m-pytorch,price,history,2025-01-29,6039.31005859375
timesfm,2.0,google/timesfm-2.0-500m-pytorch,price,history,2025-01-30,6071.169921875
timesfm,2.0,google/timesfm-2.0-500m-pytorch,price,history,2025-01-31,6040.52978515625
timesfm,2.0,google/timesfm-2.0-500m-pytorch,price,history,2025-02-03,5994.56982421875
timesfm,2.0,google/timesfm-2.0-500m-pytorch,price,history,2025-02-04,6037.8798828125
timesfm,2.0,google/timesfm-2.0-500m-pytorch,price,history,2025-02-05,6061.47998046875
timesfm,2.0,google/timesfm-2.0-500m-pytorch,price,history,2025-02-06,6083.56982421875
timesfm,2.0,google/timesfm-2.0-500m-pytorch,price,history,2025-02-07,6025.990234375
timesfm,2.0,google/timesfm-2.0-500m-pytorch,price,history,2025-02-10,6066.43994140625
timesfm,2.0,google/timesfm-2.0-500m-pytorch,price,history,2025-02-11,6068.5
timesfm,2.0,google/timesfm-2.0-500m-pytorch,price,history,2025-02-12,6051.97021484375
timesfm,2.0,google/timesfm-2.0-500m-pytorch,price,history,2025-02-13,6115.06982421875
timesfm,2.0,google/timesfm-2.0-500m-pytorch,price,history,2025-02-14,6114.6298828125
timesfm,2.0,google/timesfm-2.0-500m-pytorch,price,history,2025-02-18,6129.580078125
timesfm,2.0,google/timesfm-2.0-500m-pytorch,price,history,2025-02-19,6144.14990234375
timesfm,2.0,google/timesfm-2.0-500m-pytorch,price,history,2025-02-20,6117.52001953125
timesfm,2.0,google/timesfm-2.0-500m-pytorch,price,history,2025-02-21,6013.1298828125
timesfm,2.0,google/timesfm-2.0-500m-pytorch,price,history,2025-02-24,5983.25
timesfm,2.0,google/timesfm-2.0-500m-pytorch,price,history,2025-02-25,5955.25
timesfm,2.0,google/timesfm-2.0-500m-pytorch,price,history,2025-02-26,5956.06005859375
timesfm,2.0,google/timesfm-2.0-500m-pytorch,price,history,2025-02-27,5861.56982421875
timesfm,2.0,google/timesfm-2.0-500m-pytorch,price,history,2025-02-28,5954.5
timesfm,2.0,google/timesfm-2.0-500m-pytorch,price,history,2025-03-03,5849.72021484375
timesfm,2.0,google/timesfm-2.0-500m-pytorch,price,history,2025-03-04,5778.14990234375
timesfm,2.0,google/timesfm-2.0-500m-pytorch,price,history,2025-03-05,5842.6298828125
timesfm,2.0,google/timesfm-2.0-500m-pytorch,price,history,2025-03-06,5738.52001953125
timesfm,2.0,google/timesfm-2.0-500m-pytorch,price,history,2025-03-07,5770.2001953125
timesfm,2.0,google/timesfm-2.0-500m-pytorch,price,history,2025-03-10,5614.56005859375
timesfm,2.0,google/timesfm-2.0-500m-pytorch,price,history,2025-03-11,5572.06982421875
timesfm,2.0,google/timesfm-2.0-500m-pytorch,price,history,2025-03-12,5599.2998046875
timesfm,2.0,google/timesfm-2.0-500m-pytorch,price,history,2025-03-13,5521.52001953125
timesfm,2.0,google/timesfm-2.0-500m-pytorch,price,history,2025-03-14,5638.93994140625
timesfm,2.0,google/timesfm-2.0-500m-pytorch,price,history,2025-03-17,5675.1201171875
timesfm,2.0,google/timesfm-2.0-500m-pytorch,price,history,2025-03-18,5614.66015625
timesfm,2.0,google/timesfm-2.0-500m-pytorch,price,history,2025-03-19,5675.2900390625
timesfm,2.0,google/timesfm-2.0-500m-pytorch,price,history,2025-03-20,5662.89013671875
timesfm,2.0,google/timesfm-2.0-500m-pytorch,price,history,2025-03-21,5667.56005859375
timesfm,2.0,google/timesfm-2.0-500m-pytorch,price,history,2025-03-24,5767.56982421875
timesfm,2.0,google/timesfm-2.0-500m-pytorch,price,history,2025-03-25,5776.64990234375
timesfm,2.0,google/timesfm-2.0-500m-pytorch,price,history,2025-03-26,5712.2001953125
timesfm,2.0,google/timesfm-2.0-500m-pytorch,price,history,2025-03-27,5693.31005859375
timesfm,2.0,google/timesfm-2.0-500m-pytorch,price,history,2025-03-28,5580.93994140625
timesfm,2.0,google/timesfm-2.0-500m-pytorch,price,history,2025-03-31,5611.85009765625
timesfm,2.0,google/timesfm-2.0-500m-pytorch,price,history,2025-04-01,5633.06982421875
timesfm,2.0,google/timesfm-2.0-500m-pytorch,price,history,2025-04-02,5670.97021484375
timesfm,2.0,google/timesfm-2.0-500m-pytorch,price,history,2025-04-03,5396.52001953125
timesfm,2.0,google/timesfm-2.0-500m-pytorch,price,history,2025-04-04,5074.080078125
timesfm,2.0,google/timesfm-2.0-500m-pytorch,price,history,2025-04-07,5062.25
timesfm,2.0,google/timesfm-2.0-500m-pytorch,price,history,2025-04-08,4982.77001953125
timesfm,2.0,google/timesfm-2.0-500m-pytorch,price,history,2025-04-09,5456.89990234375
timesfm,2.0,google/timesfm-2.0-500m-pytorch,price,history,2025-04-10,5268.0498046875
timesfm,2.0,google/timesfm-2.0-500m-pytorch,price,history,2025-04-11,5363.35986328125
timesfm,2.0,google/timesfm-2.0-500m-pytorch,price,history,2025-04-14,5405.97021484375
timesfm,2.0,google/timesfm-2.0-500m-pytorch,price,history,2025-04-15,5396.6298828125
timesfm,2.0,google/timesfm-2.0-500m-pytorch,price,history,2025-04-16,5275.7001953125
timesfm,2.0,google/timesfm-2.0-500m-pytorch,price,history,2025-04-17,5282.7001953125
timesfm,2.0,google/timesfm-2.0-500m-pytorch,price,history,2025-04-21,5158.2001953125
timesfm,2.0,google/timesfm-2.0-500m-pytorch,price,history,2025-04-22,5287.759765625
timesfm,2.0,google/timesfm-2.0-500m-pytorch,price,history,2025-04-23,5375.85986328125
timesfm,2.0,google/timesfm-2.0-500m-pytorch,price,history,2025-04-24,5484.77001953125
timesfm,2.0,google/timesfm-2.0-500m-pytorch,price,history,2025-04-25,5525.2099609375
timesfm,2.0,google/timesfm-2.0-500m-pytorch,price,history,2025-04-28,5528.75
timesfm,2.0,google/timesfm-2.0-500m-pytorch,price,history,2025-04-29,5560.830078125
timesfm,2.0,google/timesfm-2.0-500m-pytorch,price,history,2025-04-30,5569.06005859375
timesfm,2.0,google/timesfm-2.0-500m-pytorch,price,history,2025-05-01,5604.14013671875
timesfm,2.0,google/timesfm-2.0-500m-pytorch,price,history,2025-05-02,5686.669921875
timesfm,2.0,google/timesfm-2.0-500m-pytorch,price,history,2025-05-05,5650.3798828125
timesfm,2.0,google/timesfm-2.0-500m-pytorch,price,history,2025-05-06,5606.91015625
timesfm,2.0,google/timesfm-2.0-500m-pytorch,price,history,2025-05-07,5631.27978515625
timesfm,2.0,google/timesfm-2.0-500m-pytorch,price,history,2025-05-08,5663.93994140625
timesfm,2.0,google/timesfm-2.0-500m-pytorch,price,history,2025-05-09,5659.91015625
timesfm,2.0,google/timesfm-2.0-500m-pytorch,price,history,2025-05-12,5844.18994140625
timesfm,2.0,google/timesfm-2.0-500m-pytorch,price,history,2025-05-13,5886.5498046875
timesfm,2.0,google/timesfm-2.0-500m-pytorch,price,history,2025-05-14,5892.580078125
timesfm,2.0,google/timesfm-2.0-500m-pytorch,price,history,2025-05-15,5916.93017578125
timesfm,2.0,google/timesfm-2.0-500m-pytorch,price,history,2025-05-16,5958.3798828125
timesfm,2.0,google/timesfm-2.0-500m-pytorch,price,history,2025-05-19,5963.60009765625
timesfm,2.0,google/timesfm-2.0-500m-pytorch,price,history,2025-05-20,5940.4599609375
timesfm,2.0,google/timesfm-2.0-500m-pytorch,price,history,2025-05-21,5844.60986328125
timesfm,2.0,google/timesfm-2.0-500m-pytorch,price,history,2025-05-22,5842.009765625
timesfm,2.0,google/timesfm-2.0-500m-pytorch,price,history,2025-05-23,5802.81982421875
timesfm,2.0,google/timesfm-2.0-500m-pytorch,price,history,2025-05-27,5921.5400390625
timesfm,2.0,google/timesfm-2.0-500m-pytorch,price,history,2025-05-28,5888.5498046875
timesfm,2.0,google/timesfm-2.0-500m-pytorch,price,history,2025-05-29,5912.169921875
timesfm,2.0,google/timesfm-2.0-500m-pytorch,price,history,2025-05-30,5911.68994140625
timesfm,2.0,google/timesfm-2.0-500m-pytorch,price,history,2025-06-02,5935.93994140625
timesfm,2.0,google/timesfm-2.0-500m-pytorch,price,history,2025-06-03,5970.3701171875
timesfm,2.0,google/timesfm-2.0-500m-pytorch,price,history,2025-06-04,5970.81005859375
timesfm,2.0,google/timesfm-2.0-500m-pytorch,price,history,2025-06-05,5939.2998046875
timesfm,2.0,google/timesfm-2.0-500m-pytorch,price,history,2025-06-06,6000.35986328125
timesfm,2.0,google/timesfm-2.0-500m-pytorch,price,history,2025-06-09,6005.8798828125
timesfm,2.0,google/timesfm-2.0-500m-pytorch,price,history,2025-06-10,6038.81005859375
timesfm,2.0,google/timesfm-2.0-500m-pytorch,price,history,2025-06-11,6022.240234375
timesfm,2.0,google/timesfm-2.0-500m-pytorch,price,history,2025-06-12,6045.259765625
timesfm,2.0,google/timesfm-2.0-500m-pytorch,price,history,2025-06-13,5976.97021484375
timesfm,2.0,google/timesfm-2.0-500m-pytorch,price,history,2025-06-16,6033.10986328125
timesfm,2.0,google/timesfm-2.0-500m-pytorch,price,history,2025-06-17,5982.72021484375
timesfm,2.0,google/timesfm-2.0-500m-pytorch,price,history,2025-06-18,5980.8701171875
timesfm,2.0,google/timesfm-2.0-500m-pytorch,price,history,2025-06-20,5967.83984375
timesfm,2.0,google/timesfm-2.0-500m-pytorch,price,history,2025-06-23,6025.169921875
timesfm,2.0,google/timesfm-2.0-500m-pytorch,price,history,2025-06-24,6092.18017578125
timesfm,2.0,google/timesfm-2.0-500m-pytorch,price,history,2025-06-25,6092.16015625
timesfm,2.0,google/timesfm-2.0-500m-pytorch,price,history,2025-06-26,6141.02001953125
timesfm,2.0,google/timesfm-2.0-500m-pytorch,price,history,2025-06-27,6173.06982421875
timesfm,2.0,google/timesfm-2.0-500m-pytorch,price,history,2025-06-30,6204.9501953125
timesfm,2.0,google/timesfm-2.0-500m-pytorch,price,history,2025-07-01,6198.009765625
timesfm,2.0,google/timesfm-2.0-500m-pytorch,price,history,2025-07-02,6227.419921875
timesfm,2.0,google/timesfm-2.0-500m-pytorch,price,history,2025-07-03,6279.35009765625
timesfm,2.0,google/timesfm-2.0-500m-pytorch,price,history,2025-07-07,6229.97998046875
timesfm,2.0,google/timesfm-2.0-500m-pytorch,price,history,2025-07-08,6225.52001953125
timesfm,2.0,google/timesfm-2.0-500m-pytorch,price,history,2025-07-09,6263.259765625
timesfm,2.0,google/timesfm-2.0-500m-pytorch,price,history,2025-07-10,6280.4599609375
timesfm,2.0,google/timesfm-2.0-500m-pytorch,price,history,2025-07-11,6259.75
timesfm,2.0,google/timesfm-2.0-500m-pytorch,price,history,2025-07-14,6268.56005859375
timesfm,2.0,google/timesfm-2.0-500m-pytorch,price,history,2025-07-15,6243.759765625
timesfm,2.0,google/timesfm-2.0-500m-pytorch,price,history,2025-07-16,6263.7001953125
timesfm,2.0,google/timesfm-2.0-500m-pytorch,price,history,2025-07-17,6297.35986328125
timesfm,2.0,google/timesfm-2.0-500m-pytorch,price,history,2025-07-18,6296.7900390625
timesfm,2.0,google/timesfm-2.0-500m-pytorch,price,history,2025-07-21,6305.60009765625
timesfm,2.0,google/timesfm-2.0-500m-pytorch,price,history,2025-07-22,6309.6201171875
timesfm,2.0,google/timesfm-2.0-500m-pytorch,price,history,2025-07-23,6358.91015625
timesfm,2.0,google/timesfm-2.0-500m-pytorch,price,history,2025-07-24,6363.35009765625
timesfm,2.0,google/timesfm-2.0-500m-pytorch,price,history,2025-07-25,6388.64013671875
timesfm,2.0,google/timesfm-2.0-500m-pytorch,price,history,2025-07-28,6389.77001953125
timesfm,2.0,google/timesfm-2.0-500m-pytorch,price,history,2025-07-29,6370.85986328125
timesfm,2.0,google/timesfm-2.0-500m-pytorch,price,history,2025-07-30,6362.89990234375
timesfm,2.0,google/timesfm-2.0-500m-pytorch,price,history,2025-07-31,6339.39013671875
timesfm,2.0,google/timesfm-2.0-500m-pytorch,price,history,2025-08-01,6238.009765625
timesfm,2.0,google/timesfm-2.0-500m-pytorch,price,history,2025-08-04,6329.93994140625
timesfm,2.0,google/timesfm-2.0-500m-pytorch,price,history,2025-08-05,6299.18994140625
timesfm,2.0,google/timesfm-2.0-500m-pytorch,price,history,2025-08-06,6345.06005859375
timesfm,2.0,google/timesfm-2.0-500m-pytorch,price,history,2025-08-07,6340.0
timesfm,2.0,google/timesfm-2.0-500m-pytorch,price,history,2025-08-08,6389.4501953125
timesfm,2.0,google/timesfm-2.0-500m-pytorch,price,history,2025-08-11,6373.4501953125
timesfm,2.0,google/timesfm-2.0-500m-pytorch,price,history,2025-08-12,6445.759765625
timesfm,2.0,google/timesfm-2.0-500m-pytorch,price,history,2025-08-13,6466.580078125
timesfm,2.0,google/timesfm-2.0-500m-pytorch,price,history,2025-08-14,6468.5400390625
timesfm,2.0,google/timesfm-2.0-500m-pytorch,price,history,2025-08-15,6449.7998046875
timesfm,2.0,google/timesfm-2.0-500m-pytorch,price,history,2025-08-18,6449.14990234375
timesfm,2.0,google/timesfm-2.0-500m-pytorch,price,history,2025-08-19,6411.3701171875
timesfm,2.0,google/timesfm-2.0-500m-pytorch,price,history,2025-08-20,6395.77978515625
timesfm,2.0,google/timesfm-2.0-500m-pytorch,price,history,2025-08-21,6370.169921875
timesfm,2.0,google/timesfm-2.0-500m-pytorch,price,history,2025-08-22,6466.91015625
timesfm,2.0,google/timesfm-2.0-500m-pytorch,price,history,2025-08-25,6439.31982421875
timesfm,2.0,google/timesfm-2.0-500m-pytorch,price,history,2025-08-26,6465.93994140625
timesfm,2.0,google/timesfm-2.0-500m-pytorch,price,history,2025-08-27,6481.39990234375
timesfm,2.0,google/timesfm-2.0-500m-pytorch,price,history,2025-08-28,6501.85986328125
timesfm,2.0,google/timesfm-2.0-500m-pytorch,price,history,2025-08-29,6460.259765625
timesfm,2.0,google/timesfm-2.0-500m-pytorch,price,history,2025-09-02,6415.5400390625
timesfm,2.0,google/timesfm-2.0-500m-pytorch,price,history,2025-09-03,6448.259765625
timesfm,2.0,google/timesfm-2.0-500m-pytorch,price,history,2025-09-04,6502.080078125
timesfm,2.0,google/timesfm-2.0-500m-pytorch,price,history,2025-09-05,6481.5
timesfm,2.0,google/timesfm-2.0-500m-pytorch,price,history,2025-09-08,6495.14990234375
timesfm,2.0,google/timesfm-2.0-500m-pytorch,price,history,2025-09-09,6512.60986328125
timesfm,2.0,google/timesfm-2.0-500m-pytorch,price,history,2025-09-10,6532.0400390625
timesfm,2.0,google/timesfm-2.0-500m-pytorch,price,history,2025-09-11,6587.47021484375
timesfm,2.0,google/timesfm-2.0-500m-pytorch,price,history,2025-09-12,6584.2900390625
timesfm,2.0,google/timesfm-2.0-500m-pytorch,price,history,2025-09-15,6615.27978515625
timesfm,2.0,google/timesfm-2.0-500m-pytorch,price,history,2025-09-16,6606.759765625
timesfm,2.0,google/timesfm-2.0-500m-pytorch,price,history,2025-09-17,6600.35009765625
timesfm,2.0,google/timesfm-2.0-500m-pytorch,price,history,2025-09-18,6631.9599609375
timesfm,2.0,google/timesfm-2.0-500m-pytorch,price,history,2025-09-19,6664.35986328125
timesfm,2.0,google/timesfm-2.0-500m-pytorch,price,history,2025-09-22,6693.75
timesfm,2.0,google/timesfm-2.0-500m-pytorch,price,history,2025-09-23,6656.919921875
timesfm,2.0,google/timesfm-2.0-500m-pytorch,price,history,2025-09-24,6637.97021484375
timesfm,2.0,google/timesfm-2.0-500m-pytorch,price,history,2025-09-25,6604.72021484375
timesfm,2.0,google/timesfm-2.0-500m-pytorch,price,history,2025-09-26,6643.7001953125
timesfm,2.0,google/timesfm-2.0-500m-pytorch,price,history,2025-09-29,6661.2099609375
timesfm,2.0,google/timesfm-2.0-500m-pytorch,price,history,2025-09-30,6688.4599609375
timesfm,2.0,google/timesfm-2.0-500m-pytorch,price,history,2025-10-01,6711.2001953125
timesfm,2.0,google/timesfm-2.0-500m-pytorch,price,history,2025-10-02,6715.35009765625
timesfm,2.0,google/timesfm-2.0-500m-pytorch,price,history,2025-10-03,6715.7900390625
timesfm,2.0,google/timesfm-2.0-500m-pytorch,price,history,2025-10-06,6740.27978515625
timesfm,2.0,google/timesfm-2.0-500m-pytorch,price,history,2025-10-07,6714.58984375
timesfm,2.0,google/timesfm-2.0-500m-pytorch,price,history,2025-10-08,6753.72021484375
timesfm,2.0,google/timesfm-2.0-500m-pytorch,price,history,2025-10-09,6735.10986328125
timesfm,2.0,google/timesfm-2.0-500m-pytorch,price,history,2025-10-10,6552.509765625
timesfm,2.0,google/timesfm-2.0-500m-pytorch,price,history,2025-10-13,6654.72021484375
timesfm,2.0,google/timesfm-2.0-500m-pytorch,price,history,2025-10-14,6644.31005859375
timesfm,2.0,google/timesfm-2.0-500m-pytorch,price,history,2025-10-15,6671.06005859375
timesfm,2.0,google/timesfm-2.0-500m-pytorch,price,history,2025-10-16,6629.06982421875
timesfm,2.0,google/timesfm-2.0-500m-pytorch,price,history,2025-10-17,6664.009765625
timesfm,2.0,google/timesfm-2.0-500m-pytorch,price,history,2025-10-20,6735.1298828125
timesfm,2.0,google/timesfm-2.0-500m-pytorch,price,history,2025-10-21,6735.35009765625
timesfm,2.0,google/timesfm-2.0-500m-pytorch,price,history,2025-10-22,6699.39990234375
timesfm,2.0,google/timesfm-2.0-500m-pytorch,price,history,2025-10-23,6738.43994140625
timesfm,2.0,google/timesfm-2.0-500m-pytorch,price,history,2025-10-24,6791.68994140625
timesfm,2.0,google/timesfm-2.0-500m-pytorch,price,history,2025-10-27,6875.16015625
timesfm,2.0,google/timesfm-2.0-500m-pytorch,price,history,2025-10-28,6890.89013671875
timesfm,2.0,google/timesfm-2.0-500m-pytorch,price,history,2025-10-29,6890.58984375
timesfm,2.0,google/timesfm-2.0-500m-pytorch,price,history,2025-10-30,6822.33984375
timesfm,2.0,google/timesfm-2.0-500m-pytorch,price,history,2025-10-31,6840.2001953125
timesfm,2.0,google/timesfm-2.0-500m-pytorch,price,history,2025-11-03,6851.97021484375
timesfm,2.0,google/timesfm-2.0-500m-pytorch,price,history,2025-11-04,6771.5498046875
timesfm,2.0,google/timesfm-2.0-500m-pytorch,price,history,2025-11-05,6796.2900390625
timesfm,2.0,google/timesfm-2.0-500m-pytorch,price,history,2025-11-06,6720.31982421875
timesfm,2.0,google/timesfm-2.0-500m-pytorch,price,history,2025-11-07,6728.7998046875
timesfm,2.0,google/timesfm-2.0-500m-pytorch,price,history,2025-11-10,6832.43017578125
timesfm,2.0,google/timesfm-2.0-500m-pytorch,price,history,2025-11-11,6846.60986328125
timesfm,2.0,google/timesfm-2.0-500m-pytorch,price,history,2025-11-12,6850.919921875
timesfm,2.0,google/timesfm-2.0-500m-pytorch,price,history,2025-11-13,6737.490234375
timesfm,2.0,google/timesfm-2.0-500m-pytorch,price,history,2025-11-14,6734.10986328125
timesfm,2.0,google/timesfm-2.0-500m-pytorch,price,history,2025-11-17,6672.41015625
timesfm,2.0,google/timesfm-2.0-500m-pytorch,price,history,2025-11-18,6617.31982421875
timesfm,2.0,google/timesfm-2.0-500m-pytorch,price,history,2025-11-19,6642.16015625
timesfm,2.0,google/timesfm-2.0-500m-pytorch,price,history,2025-11-20,6538.759765625
timesfm,2.0,google/timesfm-2.0-500m-pytorch,price,history,2025-11-21,6602.990234375
timesfm,2.0,google/timesfm-2.0-500m-pytorch,price,history,2025-11-24,6705.1201171875
timesfm,2.0,google/timesfm-2.0-500m-pytorch,price,history,2025-11-25,6765.8798828125
timesfm,2.0,google/timesfm-2.0-500m-pytorch,price,history,2025-11-26,6812.60986328125
timesfm,2.0,google/timesfm-2.0-500m-pytorch,price,history,2025-11-28,6849.08984375
timesfm,2.0,google/timesfm-2.0-500m-pytorch,price,history,2025-12-01,6812.6298828125
timesfm,2.0,google/timesfm-2.0-500m-pytorch,price,history,2025-12-02,6829.3701171875
timesfm,2.0,google/timesfm-2.0-500m-pytorch,price,history,2025-12-03,6849.72021484375
timesfm,2.0,google/timesfm-2.0-500m-pytorch,price,history,2025-12-04,6857.1201171875
timesfm,2.0,google/timesfm-2.0-500m-pytorch,price,history,2025-12-05,6870.39990234375
timesfm,2.0,google/timesfm-2.0-500m-pytorch,price,history,2025-12-08,6846.509765625
timesfm,2.0,google/timesfm-2.0-500m-pytorch,price,history,2025-12-09,6840.509765625
timesfm,2.0,google/timesfm-2.0-500m-pytorch,price,history,2025-12-10,6886.68017578125
timesfm,2.0,google/timesfm-2.0-500m-pytorch,price,history,2025-12-11,6901.0
timesfm,2.0,google/timesfm-2.0-500m-pytorch,price,history,2025-12-12,6827.41015625
timesfm,2.0,google/timesfm-2.0-500m-pytorch,price,history,2025-12-15,6816.509765625
timesfm,2.0,google/timesfm-2.0-500m-pytorch,price,history,2025-12-16,6800.259765625
timesfm,2.0,google/timesfm-2.0-500m-pytorch,price,history,2025-12-17,6721.43017578125
timesfm,2.0,google/timesfm-2.0-500m-pytorch,price,history,2025-12-18,6774.759765625
timesfm,2.0,google/timesfm-2.0-500m-pytorch,price,history,2025-12-19,6834.5
timesfm,2.0,google/timesfm-2.0-500m-pytorch,price,history,2025-12-22,6878.490234375
timesfm,2.0,google/timesfm-2.0-500m-pytorch,price,history,2025-12-23,6909.7900390625
timesfm,2.0,google/timesfm-2.0-500m-pytorch,price,history,2025-12-24,6932.0498046875
timesfm,2.0,google/timesfm-2.0-500m-pytorch,price,history,2025-12-26,6929.93994140625
timesfm,2.0,google/timesfm-2.0-500m-pytorch,price,history,2025-12-29,6905.740234375
timesfm,2.0,google/timesfm-2.0-500m-pytorch,price,history,2025-12-30,6896.240234375
timesfm,2.0,google/timesfm-2.0-500m-pytorch,price,history,2025-12-31,6845.5
timesfm,2.0,google/timesfm-2.0-500m-pytorch,price,history,2026-01-02,6858.47021484375
timesfm,2.0,google/timesfm-2.0-500m-pytorch,price,history,2026-01-05,6902.0498046875
timesfm,2.0,google/timesfm-2.0-500m-pytorch,price,history,2026-01-06,6944.81982421875
timesfm,2.0,google/timesfm-2.0-500m-pytorch,price,history,2026-01-07,6920.93017578125
timesfm,2.0,google/timesfm-2.0-500m-pytorch,price,history,2026-01-08,6921.4599609375
timesfm,2.0,google/timesfm-2.0-500m-pytorch,price,history,2026-01-09,6966.27978515625
timesfm,2.0,google/timesfm-2.0-500m-pytorch,price,history,2026-01-12,6977.27001953125
timesfm,2.0,google/timesfm-2.0-500m-pytorch,price,history,2026-01-13,6963.740234375
timesfm,2.0,google/timesfm-2.0-500m-pytorch,price,history,2026-01-14,6926.60009765625
timesfm,2.0,google/timesfm-2.0-500m-pytorch,price,history,2026-01-15,6944.47021484375
timesfm,2.0,google/timesfm-2.0-500m-pytorch,price,history,2026-01-16,6940.009765625
timesfm,2.0,google/timesfm-2.0-500m-pytorch,price,history,2026-01-20,6796.85986328125
timesfm,2.0,google/timesfm-2.0-500m-pytorch,price,history,2026-01-21,6875.6201171875
timesfm,2.0,google/timesfm-2.0-500m-pytorch,price,history,2026-01-22,6913.35009765625
timesfm,2.0,google/timesfm-2.0-500m-pytorch,price,history,2026-01-23,6915.60986328125
timesfm,2.0,google/timesfm-2.0-500m-pytorch,price,history,2026-01-26,6950.22998046875
timesfm,2.0,google/timesfm-2.0-500m-pytorch,price,history,2026-01-27,6978.60009765625
timesfm,2.0,google/timesfm-2.0-500m-pytorch,price,history,2026-01-28,6978.02978515625
timesfm,2.0,google/timesfm-2.0-500m-pytorch,price,history,2026-01-29,6969.009765625
timesfm,2.0,google/timesfm-2.0-500m-pytorch,price,history,2026-01-30,6939.02978515625
timesfm,2.0,google/timesfm-2.0-500m-pytorch,price,history,2026-02-02,6976.43994140625
timesfm,2.0,google/timesfm-2.0-500m-pytorch,price,history,2026-02-03,6917.81005859375
timesfm,2.0,google/timesfm-2.0-500m-pytorch,price,history,2026-02-04,6882.72021484375
timesfm,2.0,google/timesfm-2.0-500m-pytorch,price,history,2026-02-05,6798.39990234375
timesfm,2.0,google/timesfm-2.0-500m-pytorch,price,history,2026-02-06,6932.2998046875
timesfm,2.0,google/timesfm-2.0-500m-pytorch,price,history,2026-02-09,6964.81982421875
timesfm,2.0,google/timesfm-2.0-500m-pytorch,price,history,2026-02-10,6941.81005859375
timesfm,2.0,google/timesfm-2.0-500m-pytorch,price,history,2026-02-11,6941.47021484375
timesfm,2.0,google/timesfm-2.0-500m-pytorch,price,history,2026-02-12,6832.759765625
timesfm,2.0,google/timesfm-2.0-500m-pytorch,price,history,2026-02-13,6836.169921875
timesfm,2.0,google/timesfm-2.0-500m-pytorch,price,history,2026-02-17,6843.22021484375
timesfm,2.0,google/timesfm-2.0-500m-pytorch,price,history,2026-02-18,6881.31005859375
timesfm,2.0,google/timesfm-2.0-500m-pytorch,price,history,2026-02-19,6861.89013671875
timesfm,2.0,google/timesfm-2.0-500m-pytorch,price,history,2026-02-20,6909.509765625
timesfm,2.0,google/timesfm-2.0-500m-pytorch,price,history,2026-02-23,6837.75
timesfm,2.0,google/timesfm-2.0-500m-pytorch,price,history,2026-02-24,6890.06982421875
timesfm,2.0,google/timesfm-2.0-500m-pytorch,price,history,2026-02-25,6946.1298828125
timesfm,2.0,google/timesfm-2.0-500m-pytorch,price,history,2026-02-26,6908.85986328125
timesfm,2.0,google/timesfm-2.0-500m-pytorch,price,history,2026-02-27,6878.8798828125
timesfm,2.0,google/timesfm-2.0-500m-pytorch,price,history,2026-03-02,6881.6201171875
timesfm,2.0,google/timesfm-2.0-500m-pytorch,price,history,2026-03-03,6816.6298828125
timesfm,2.0,google/timesfm-2.0-500m-pytorch,price,history,2026-03-04,6869.5
timesfm,2.0,google/timesfm-2.0-500m-pytorch,price,history,2026-03-05,6830.7099609375
timesfm,2.0,google/timesfm-2.0-500m-pytorch,price,history,2026-03-06,6740.02001953125
timesfm,2.0,google/timesfm-2.0-500m-pytorch,price,history,2026-03-09,6795.990234375
timesfm,2.0,google/timesfm-2.0-500m-pytorch,price,history,2026-03-10,6781.47998046875
timesfm,2.0,google/timesfm-2.0-500m-pytorch,price,history,2026-03-11,6775.7998046875
timesfm,2.0,google/timesfm-2.0-500m-pytorch,price,history,2026-03-12,6672.6201171875
timesfm,2.0,google/timesfm-2.0-500m-pytorch,price,history,2026-03-13,6632.18994140625
timesfm,2.0,google/timesfm-2.0-500m-pytorch,price,history,2026-03-16,6699.3798828125
timesfm,2.0,google/timesfm-2.0-500m-pytorch,price,history,2026-03-17,6716.08984375
timesfm,2.0,google/timesfm-2.0-500m-pytorch,price,history,2026-03-18,6624.7001953125
timesfm,2.0,google/timesfm-2.0-500m-pytorch,price,history,2026-03-19,6606.490234375
timesfm,2.0,google/timesfm-2.0-500m-pytorch,price,history,2026-03-20,6506.47998046875
timesfm,2.0,google/timesfm-2.0-500m-pytorch,price,history,2026-03-23,6581.0
timesfm,2.0,google/timesfm-2.0-500m-pytorch,price,history,2026-03-24,6556.3701171875
timesfm,2.0,google/timesfm-2.0-500m-pytorch,price,history,2026-03-25,6591.89990234375
timesfm,2.0,google/timesfm-2.0-500m-pytorch,price,history,2026-03-26,6477.16015625
timesfm,2.0,google/timesfm-2.0-500m-pytorch,price,history,2026-03-27,6368.85009765625
timesfm,2.0,google/timesfm-2.0-500m-pytorch,price,history,2026-03-30,6343.72021484375
timesfm,2.0,google/timesfm-2.0-500m-pytorch,price,history,2026-03-31,6528.52001953125
timesfm,2.0,google/timesfm-2.0-500m-pytorch,price,history,2026-04-01,6575.31982421875
timesfm,2.0,google/timesfm-2.0-500m-pytorch,price,history,2026-04-02,6582.68994140625
timesfm,2.0,google/timesfm-2.0-500m-pytorch,price,history,2026-04-06,6611.830078125
timesfm,2.0,google/timesfm-2.0-500m-pytorch,price,history,2026-04-07,6616.85009765625
timesfm,2.0,google/timesfm-2.0-500m-pytorch,price,history,2026-04-08,6782.81005859375
timesfm,2.0,google/timesfm-2.0-500m-pytorch,price,history,2026-04-09,6824.66015625
timesfm,2.0,google/timesfm-2.0-500m-pytorch,price,history,2026-04-10,6816.89013671875
timesfm,2.0,google/timesfm-2.0-500m-pytorch,price,history,2026-04-13,6886.240234375
timesfm,2.0,google/timesfm-2.0-500m-pytorch,price,history,2026-04-14,6967.3798828125
timesfm,2.0,google/timesfm-2.0-500m-pytorch,price,history,2026-04-15,7022.9501953125
timesfm,2.0,google/timesfm-2.0-500m-pytorch,price,history,2026-04-16,7041.27978515625
timesfm,2.0,google/timesfm-2.0-500m-pytorch,price,history,2026-04-17,7126.06005859375
timesfm,2.0,google/timesfm-2.0-500m-pytorch,price,history,2026-04-20,7109.14013671875
timesfm,2.0,google/timesfm-2.0-500m-pytorch,price,history,2026-04-21,7064.009765625
timesfm,2.0,google/timesfm-2.0-500m-pytorch,price,history,2026-04-22,7137.89990234375
timesfm,2.0,google/timesfm-2.0-500m-pytorch,price,history,2026-04-23,7108.39990234375
timesfm,2.0,google/timesfm-2.0-500m-pytorch,price,history,2026-04-24,7165.080078125
timesfm,2.0,google/timesfm-2.0-500m-pytorch,price,history,2026-04-27,7173.91015625
timesfm,2.0,google/timesfm-2.0-500m-pytorch,price,history,2026-04-28,7138.7998046875
timesfm,2.0,google/timesfm-2.0-500m-pytorch,price,history,2026-04-29,7135.9501953125
timesfm,2.0,google/timesfm-2.0-500m-pytorch,price,history,2026-04-30,7209.009765625
timesfm,2.0,google/timesfm-2.0-500m-pytorch,price,history,2026-05-01,7230.1201171875
timesfm,2.0,google/timesfm-2.0-500m-pytorch,price,history,2026-05-04,7200.75
timesfm,2.0,google/timesfm-2.0-500m-pytorch,price,history,2026-05-05,7259.22021484375
timesfm,2.0,google/timesfm-2.0-500m-pytorch,price,history,2026-05-06,7365.1201171875
timesfm,2.0,google/timesfm-2.0-500m-pytorch,price,history,2026-05-07,7337.10986328125
timesfm,2.0,google/timesfm-2.0-500m-pytorch,price,history,2026-05-08,7398.93017578125
timesfm,2.0,google/timesfm-2.0-500m-pytorch,price,history,2026-05-11,7412.83984375
timesfm,2.0,google/timesfm-2.0-500m-pytorch,price,history,2026-05-12,7400.9599609375
timesfm,2.0,google/timesfm-2.0-500m-pytorch,price,history,2026-05-13,7444.25
timesfm,2.0,google/timesfm-2.0-500m-pytorch,price,history,2026-05-14,7501.240234375
timesfm,2.0,google/timesfm-2.0-500m-pytorch,price,history,2026-05-15,7408.5
timesfm,2.0,google/timesfm-2.0-500m-pytorch,price,history,2026-05-18,7403.0498046875
timesfm,2.0,google/timesfm-2.0-500m-pytorch,price,history,2026-05-19,7353.60986328125
timesfm,2.0,google/timesfm-2.0-500m-pytorch,price,history,2026-05-20,7432.97021484375
timesfm,2.0,google/timesfm-2.0-500m-pytorch,price,history,2026-05-21,7445.72021484375
timesfm,2.0,google/timesfm-2.0-500m-pytorch,price,history,2026-05-22,7473.47021484375
timesfm,2.0,google/timesfm-2.0-500m-pytorch,price,history,2026-05-26,7519.1201171875
timesfm,2.0,google/timesfm-2.0-500m-pytorch,price,history,2026-05-27,7520.35986328125
timesfm,2.0,google/timesfm-2.0-500m-pytorch,price,history,2026-05-28,7563.6298828125
timesfm,2.0,google/timesfm-2.0-500m-pytorch,price,history,2026-05-29,7580.06005859375
timesfm,2.0,google/timesfm-2.0-500m-pytorch,price,history,2026-06-01,7599.9599609375
timesfm,2.0,google/timesfm-2.0-500m-pytorch,price,history,2026-06-02,7609.77978515625
timesfm,2.0,google/timesfm-2.0-500m-pytorch,price,history,2026-06-03,7553.68017578125
timesfm,2.0,google/timesfm-2.0-500m-pytorch,price,history,2026-06-04,7584.31005859375
timesfm,2.0,google/timesfm-2.0-500m-pytorch,price,history,2026-06-05,7383.740234375
timesfm,2.0,google/timesfm-2.0-500m-pytorch,price,history,2026-06-08,7405.72998046875
timesfm,2.0,google/timesfm-2.0-500m-pytorch,price,history,2026-06-09,7386.64990234375
timesfm,2.0,google/timesfm-2.0-500m-pytorch,price,history,2026-06-10,7266.990234375
timesfm,2.0,google/timesfm-2.0-500m-pytorch,price,history,2026-06-11,7394.2998046875
timesfm,2.0,google/timesfm-2.0-500m-pytorch,price,history,2026-06-12,7431.4599609375
timesfm,2.0,google/timesfm-2.0-500m-pytorch,price,history,2026-06-15,7554.2900390625
timesfm,2.0,google/timesfm-2.0-500m-pytorch,price,history,2026-06-16,7511.35009765625
timesfm,2.0,google/timesfm-2.0-500m-pytorch,price,history,2026-06-17,7420.10009765625
timesfm,2.0,google/timesfm-2.0-500m-pytorch,price,history,2026-06-18,7500.580078125
timesfm,2.0,google/timesfm-2.0-500m-pytorch,price,history,2026-06-22,7472.7900390625
timesfm,2.0,google/timesfm-2.0-500m-pytorch,price,history,2026-06-23,7365.4599609375
timesfm,2.0,google/timesfm-2.0-500m-pytorch,price,history,2026-06-24,7358.22021484375
timesfm,2.0,google/timesfm-2.0-500m-pytorch,price,history,2026-06-25,7357.490234375
timesfm,2.0,google/timesfm-2.0-500m-pytorch,price,history,2026-06-26,7354.02001953125
timesfm,2.0,google/timesfm-2.0-500m-pytorch,price,history,2026-06-29,7440.43017578125
timesfm,2.0,google/timesfm-2.0-500m-pytorch,price,history,2026-06-30,7499.35986328125
timesfm,2.0,google/timesfm-2.0-500m-pytorch,price,history,2026-07-01,7483.22998046875
timesfm,2.0,google/timesfm-2.0-500m-pytorch,price,history,2026-07-02,7483.240234375
timesfm,2.0,google/timesfm-2.0-500m-pytorch,price,history,2026-07-06,7537.43017578125
timesfm,2.0,google/timesfm-2.0-500m-pytorch,price,history,2026-07-07,7503.85009765625
timesfm,2.0,google/timesfm-2.0-500m-pytorch,price,history,2026-07-08,7482.7099609375
timesfm,2.0,google/timesfm-2.0-500m-pytorch,price,history,2026-07-09,7543.64013671875
timesfm,2.0,google/timesfm-2.0-500m-pytorch,price,actual,2026-07-10,7575.39013671875
timesfm,2.0,google/timesfm-2.0-500m-pytorch,price,actual,2026-07-13,7515.33984375
timesfm,2.0,google/timesfm-2.0-500m-pytorch,price,actual,2026-07-14,7543.58984375
timesfm,2.0,google/timesfm-2.0-500m-pytorch,price,actual,2026-07-15,7572.39990234375
timesfm,2.0,google/timesfm-2.0-500m-pytorch,price,actual,2026-07-16,7533.77001953125
timesfm,2.0,google/timesfm-2.0-500m-pytorch,price,actual,2026-07-17,7457.68994140625
timesfm,2.0,google/timesfm-2.0-500m-pytorch,price,actual,2026-07-20,7443.27978515625
timesfm,2.0,google/timesfm-2.0-500m-pytorch,price,actual,2026-07-21,7509.2001953125
timesfm,2.0,google/timesfm-2.0-500m-pytorch,price,actual,2026-07-22,7498.9599609375
timesfm,2.0,google/timesfm-2.0-500m-pytorch,price,actual,2026-07-23,7408.2998046875
timesfm,2.0,google/timesfm-2.0-500m-pytorch,price,actual,2026-07-24,7411.97998046875
timesfm,2.0,google/timesfm-2.0-500m-pytorch,price,actual,2026-07-27,7413.18017578125
timesfm,2.0,google/timesfm-2.0-500m-pytorch,price,actual,2026-07-28,7428.77978515625
timesfm,2.0,google/timesfm-2.0-500m-pytorch,price,actual,2026-07-29,7316.14990234375
timesfm,2.0,google/timesfm-2.0-500m-pytorch,price,actual,2026-07-30,7437.6298828125
timesfm,2.0,google/timesfm-2.0-500m-pytorch,price,actual,2026-07-31,7489.72021484375
timesfm,2.0,google/timesfm-2.0-500m-pytorch,price,actual,2026-08-03,7600.5
timesfm,2.0,google/timesfm-2.0-500m-pytorch,price,actual,2026-08-04,7736.52001953125
timesfm,2.0,google/timesfm-2.0-500m-pytorch,price,actual,2026-08-05,7723.5498046875
timesfm,2.0,google/timesfm-2.0-500m-pytorch,price,actual,2026-08-06,7709.9599609375
timesfm,2.0,google/timesfm-2.0-500m-pytorch,price,actual,2026-08-07,7757.64013671875
timesfm,2.0,google/timesfm-2.0-500m-pytorch,price,naive,2026-07-10,7543.64013671875
timesfm,2.0,google/timesfm-2.0-500m-pytorch,price,naive,2026-07-13,7543.64013671875
timesfm,2.0,google/timesfm-2.0-500m-pytorch,price,naive,2026-07-14,7543.64013671875
timesfm,2.0,google/timesfm-2.0-500m-pytorch,price,naive,2026-07-15,7543.64013671875
timesfm,2.0,google/timesfm-2.0-500m-pytorch,price,naive,2026-07-16,7543.64013671875
timesfm,2.0,google/timesfm-2.0-500m-pytorch,price,naive,2026-07-17,7543.64013671875
timesfm,2.0,google/timesfm-2.0-500m-pytorch,price,naive,2026-07-20,7543.64013671875
timesfm,2.0,google/timesfm-2.0-500m-pytorch,price,naive,2026-07-21,7543.64013671875
timesfm,2.0,google/timesfm-2.0-500m-pytorch,price,naive,2026-07-22,7543.64013671875
timesfm,2.0,google/timesfm-2.0-500m-pytorch,price,naive,2026-07-23,7543.64013671875
timesfm,2.0,google/timesfm-2.0-500m-pytorch,price,naive,2026-07-24,7543.64013671875
timesfm,2.0,google/timesfm-2.0-500m-pytorch,price,naive,2026-07-27,7543.64013671875
timesfm,2.0,google/timesfm-2.0-500m-pytorch,price,naive,2026-07-28,7543.64013671875
timesfm,2.0,google/timesfm-2.0-500m-pytorch,price,naive,2026-07-29,7543.64013671875
timesfm,2.0,google/timesfm-2.0-500m-pytorch,price,naive,2026-07-30,7543.64013671875
timesfm,2.0,google/timesfm-2.0-500m-pytorch,price,naive,2026-07-31,7543.64013671875
timesfm,2.0,google/timesfm-2.0-500m-pytorch,price,naive,2026-08-03,7543.64013671875
timesfm,2.0,google/timesfm-2.0-500m-pytorch,price,naive,2026-08-04,7543.64013671875
timesfm,2.0,google/timesfm-2.0-500m-pytorch,price,naive,2026-08-05,7543.64013671875
timesfm,2.0,google/timesfm-2.0-500m-pytorch,price,naive,2026-08-06,7543.64013671875
timesfm,2.0,google/timesfm-2.0-500m-pytorch,price,naive,2026-08-07,7543.64013671875
timesfm,2.0,google/timesfm-2.0-500m-pytorch,price,forecast,2026-07-10,7540.15234375
timesfm,2.0,google/timesfm-2.0-500m-pytorch,price,forecast,2026-07-13,7524.73388671875
timesfm,2.0,google/timesfm-2.0-500m-pytorch,price,forecast,2026-07-14,7528.36474609375
timesfm,2.0,google/timesfm-2.0-500m-pytorch,price,forecast,2026-07-15,7537.1650390625
timesfm,2.0,google/timesfm-2.0-500m-pytorch,price,forecast,2026-07-16,7545.7763671875
timesfm,2.0,google/timesfm-2.0-500m-pytorch,price,forecast,2026-07-17,7551.1474609375
timesfm,2.0,google/timesfm-2.0-500m-pytorch,price,forecast,2026-07-20,7550.0849609375
timesfm,2.0,google/timesfm-2.0-500m-pytorch,price,forecast,2026-07-21,7548.63232421875
timesfm,2.0,google/timesfm-2.0-500m-pytorch,price,forecast,2026-07-22,7548.23193359375
timesfm,2.0,google/timesfm-2.0-500m-pytorch,price,forecast,2026-07-23,7555.80078125
timesfm,2.0,google/timesfm-2.0-500m-pytorch,price,forecast,2026-07-24,7562.2978515625
timesfm,2.0,google/timesfm-2.0-500m-pytorch,price,forecast,2026-07-27,7554.580078125
timesfm,2.0,google/timesfm-2.0-500m-pytorch,price,forecast,2026-07-28,7556.2861328125
timesfm,2.0,google/timesfm-2.0-500m-pytorch,price,forecast,2026-07-29,7565.83056640625
timesfm,2.0,google/timesfm-2.0-500m-pytorch,price,forecast,2026-07-30,7567.25
timesfm,2.0,google/timesfm-2.0-500m-pytorch,price,forecast,2026-07-31,7573.37890625
timesfm,2.0,google/timesfm-2.0-500m-pytorch,price,forecast,2026-08-03,7578.599609375
timesfm,2.0,google/timesfm-2.0-500m-pytorch,price,forecast,2026-08-04,7588.56201171875
timesfm,2.0,google/timesfm-2.0-500m-pytorch,price,forecast,2026-08-05,7585.0234375
timesfm,2.0,google/timesfm-2.0-500m-pytorch,price,forecast,2026-08-06,7581.02734375
timesfm,2.0,google/timesfm-2.0-500m-pytorch,price,forecast,2026-08-07,7599.849609375
timesfm,2.0,google/timesfm-2.0-500m-pytorch,simple_return,history,2024-06-24,-0.003065171894990004
timesfm,2.0,google/timesfm-2.0-500m-pytorch,simple_return,history,2024-06-25,0.003933590015736899
timesfm,2.0,google/timesfm-2.0-500m-pytorch,simple_return,history,2024-06-26,0.0015724312002203256
timesfm,2.0,google/timesfm-2.0-500m-pytorch,simple_return,history,2024-06-27,0.0009073212238914774
timesfm,2.0,google/timesfm-2.0-500m-pytorch,simple_return,history,2024-06-28,-0.004083652583445674
timesfm,2.0,google/timesfm-2.0-500m-pytorch,simple_return,history,2024-07-01,0.0026755639309195
timesfm,2.0,google/timesfm-2.0-500m-pytorch,simple_return,history,2024-07-02,0.006195317856513505
timesfm,2.0,google/timesfm-2.0-500m-pytorch,simple_return,history,2024-07-03,0.005084444409779065
timesfm,2.0,google/timesfm-2.0-500m-pytorch,simple_return,history,2024-07-05,0.005448765178485582
timesfm,2.0,google/timesfm-2.0-500m-pytorch,simple_return,history,2024-07-08,0.0010166989647510949
timesfm,2.0,google/timesfm-2.0-500m-pytorch,simple_return,history,2024-07-09,0.0007410719362856977
timesfm,2.0,google/timesfm-2.0-500m-pytorch,simple_return,history,2024-07-10,0.010208065293514812
timesfm,2.0,google/timesfm-2.0-500m-pytorch,simple_return,history,2024-07-11,-0.008763028841120457
timesfm,2.0,google/timesfm-2.0-500m-pytorch,simple_return,history,2024-07-12,0.0055170270744306915
timesfm,2.0,google/timesfm-2.0-500m-pytorch,simple_return,history,2024-07-15,0.0028262026252154904
timesfm,2.0,google/timesfm-2.0-500m-pytorch,simple_return,history,2024-07-16,0.006389375498743188
timesfm,2.0,google/timesfm-2.0-500m-pytorch,simple_return,history,2024-07-17,-0.013927543241993745
timesfm,2.0,google/timesfm-2.0-500m-pytorch,simple_return,history,2024-07-18,-0.007816403936922511
timesfm,2.0,google/timesfm-2.0-500m-pytorch,simple_return,history,2024-07-19,-0.007140265531926926
timesfm,2.0,google/timesfm-2.0-500m-pytorch,simple_return,history,2024-07-22,0.01079203564940956
timesfm,2.0,google/timesfm-2.0-500m-pytorch,simple_return,history,2024-07-23,-0.001558102589770738
timesfm,2.0,google/timesfm-2.0-500m-pytorch,simple_return,history,2024-07-24,-0.02314909375473495
timesfm,2.0,google/timesfm-2.0-500m-pytorch,simple_return,history,2024-07-25,-0.005142620237842288
timesfm,2.0,google/timesfm-2.0-500m-pytorch,simple_return,history,2024-07-26,0.011090468702846357
timesfm,2.0,google/timesfm-2.0-500m-pytorch,simple_return,history,2024-07-29,0.0008133101292933098
timesfm,2.0,google/timesfm-2.0-500m-pytorch,simple_return,history,2024-07-30,-0.004960171878030217
timesfm,2.0,google/timesfm-2.0-500m-pytorch,simple_return,history,2024-07-31,0.0157933986591674
timesfm,2.0,google/timesfm-2.0-500m-pytorch,simple_return,history,2024-08-01,-0.013693502993456064
timesfm,2.0,google/timesfm-2.0-500m-pytorch,simple_return,history,2024-08-02,-0.018381860868696753
timesfm,2.0,google/timesfm-2.0-500m-pytorch,simple_return,history,2024-08-05,-0.02996879838863975
timesfm,2.0,google/timesfm-2.0-500m-pytorch,simple_return,history,2024-08-06,0.010354085880061037
timesfm,2.0,google/timesfm-2.0-500m-pytorch,simple_return,history,2024-08-07,-0.007734647858502863
timesfm,2.0,google/timesfm-2.0-500m-pytorch,simple_return,history,2024-08-08,0.023042611519136447
timesfm,2.0,google/timesfm-2.0-500m-pytorch,simple_return,history,2024-08-09,0.004671676849538509
timesfm,2.0,google/timesfm-2.0-500m-pytorch,simple_return,history,2024-08-12,4.303397765514916e-05
timesfm,2.0,google/timesfm-2.0-500m-pytorch,simple_return,history,2024-08-13,0.016847579753558328
timesfm,2.0,google/timesfm-2.0-500m-pytorch,simple_return,history,2024-08-14,0.0038237284285767004
timesfm,2.0,google/timesfm-2.0-500m-pytorch,simple_return,history,2024-08-15,0.016133247764330783
timesfm,2.0,google/timesfm-2.0-500m-pytorch,simple_return,history,2024-08-16,0.001989779357261412
timesfm,2.0,google/timesfm-2.0-500m-pytorch,simple_return,history,2024-08-19,0.009722284736913167
timesfm,2.0,google/timesfm-2.0-500m-pytorch,simple_return,history,2024-08-20,-0.0019845553982971165
timesfm,2.0,google/timesfm-2.0-500m-pytorch,simple_return,history,2024-08-21,0.004239676828782013
timesfm,2.0,google/timesfm-2.0-500m-pytorch,simple_return,history,2024-08-22,-0.008932805548120926
timesfm,2.0,google/timesfm-2.0-500m-pytorch,simple_return,history,2024-08-23,0.01148337085011919
timesfm,2.0,google/timesfm-2.0-500m-pytorch,simple_return,history,2024-08-26,-0.0031537266931381813
timesfm,2.0,google/timesfm-2.0-500m-pytorch,simple_return,history,2024-08-27,0.0015951960865450143
timesfm,2.0,google/timesfm-2.0-500m-pytorch,simple_return,history,2024-08-28,-0.00597597320797616
timesfm,2.0,google/timesfm-2.0-500m-pytorch,simple_return,history,2024-08-29,-3.937906806072977e-05
timesfm,2.0,google/timesfm-2.0-500m-pytorch,simple_return,history,2024-08-30,0.010093051774424433
timesfm,2.0,google/timesfm-2.0-500m-pytorch,simple_return,history,2024-09-03,-0.02115107439771169
timesfm,2.0,google/timesfm-2.0-500m-pytorch,simple_return,history,2024-09-04,-0.0016025435809103872
timesfm,2.0,google/timesfm-2.0-500m-pytorch,simple_return,history,2024-09-05,-0.003018017615584734
timesfm,2.0,google/timesfm-2.0-500m-pytorch,simple_return,history,2024-09-06,-0.01726024985928465
timesfm,2.0,google/timesfm-2.0-500m-pytorch,simple_return,history,2024-09-09,0.0115800702824842
timesfm,2.0,google/timesfm-2.0-500m-pytorch,simple_return,history,2024-09-10,0.004472672652839682
timesfm,2.0,google/timesfm-2.0-500m-pytorch,simple_return,history,2024-09-11,0.010665025888896507
timesfm,2.0,google/timesfm-2.0-500m-pytorch,simple_return,history,2024-09-12,0.007495302358939249
timesfm,2.0,google/timesfm-2.0-500m-pytorch,simple_return,history,2024-09-13,0.005407711405364557
timesfm,2.0,google/timesfm-2.0-500m-pytorch,simple_return,history,2024-09-16,0.0012566297656613212
timesfm,2.0,google/timesfm-2.0-500m-pytorch,simple_return,history,2024-09-17,0.00026455008109871336
timesfm,2.0,google/timesfm-2.0-500m-pytorch,simple_return,history,2024-09-18,-0.002896455862498093
timesfm,2.0,google/timesfm-2.0-500m-pytorch,simple_return,history,2024-09-19,0.01697685316676334
timesfm,2.0,google/timesfm-2.0-500m-pytorch,simple_return,history,2024-09-20,-0.0019410273951238066
timesfm,2.0,google/timesfm-2.0-500m-pytorch,simple_return,history,2024-09-23,0.0028092730585327352
timesfm,2.0,google/timesfm-2.0-500m-pytorch,simple_return,history,2024-09-24,0.0025111788443470395
timesfm,2.0,google/timesfm-2.0-500m-pytorch,simple_return,history,2024-09-25,-0.0018612489301417234
timesfm,2.0,google/timesfm-2.0-500m-pytorch,simple_return,history,2024-09-26,0.00403867571712313
timesfm,2.0,google/timesfm-2.0-500m-pytorch,simple_return,history,2024-09-27,-0.0012532169669905446
timesfm,2.0,google/timesfm-2.0-500m-pytorch,simple_return,history,2024-09-30,0.004236552581176722
timesfm,2.0,google/timesfm-2.0-500m-pytorch,simple_return,history,2024-10-01,-0.009324107094664358
timesfm,2.0,google/timesfm-2.0-500m-pytorch,simple_return,history,2024-10-02,0.00013839090212397487
timesfm,2.0,google/timesfm-2.0-500m-pytorch,simple_return,history,2024-10-03,-0.001681413492255035
timesfm,2.0,google/timesfm-2.0-500m-pytorch,simple_return,history,2024-10-04,0.008970249395274354
timesfm,2.0,google/timesfm-2.0-500m-pytorch,simple_return,history,2024-10-07,-0.009586022165882668
timesfm,2.0,google/timesfm-2.0-500m-pytorch,simple_return,history,2024-10-08,0.009689347495581924
timesfm,2.0,google/timesfm-2.0-500m-pytorch,simple_return,history,2024-10-09,0.007113411987488272
timesfm,2.0,google/timesfm-2.0-500m-pytorch,simple_return,history,2024-10-10,-0.002070122839989974
timesfm,2.0,google/timesfm-2.0-500m-pytorch,simple_return,history,2024-10-11,0.006051847587953629
timesfm,2.0,google/timesfm-2.0-500m-pytorch,simple_return,history,2024-10-14,0.0077076668832223305
timesfm,2.0,google/timesfm-2.0-500m-pytorch,simple_return,history,2024-10-15,-0.007609466332438197
timesfm,2.0,google/timesfm-2.0-500m-pytorch,simple_return,history,2024-10-16,0.004679145956573816
timesfm,2.0,google/timesfm-2.0-500m-pytorch,simple_return,history,2024-10-17,-0.00017116047891174713
timesfm,2.0,google/timesfm-2.0-500m-pytorch,simple_return,history,2024-10-18,0.00397155273894878
timesfm,2.0,google/timesfm-2.0-500m-pytorch,simple_return,history,2024-10-21,-0.0018227694906369774
timesfm,2.0,google/timesfm-2.0-500m-pytorch,simple_return,history,2024-10-22,-0.0004748538883844189
timesfm,2.0,google/timesfm-2.0-500m-pytorch,simple_return,history,2024-10-23,-0.009191323428069387
timesfm,2.0,google/timesfm-2.0-500m-pytorch,simple_return,history,2024-10-24,0.002145772011323821
timesfm,2.0,google/timesfm-2.0-500m-pytorch,simple_return,history,2024-10-25,-0.00029944716993013376
timesfm,2.0,google/timesfm-2.0-500m-pytorch,simple_return,history,2024-10-28,0.0026514435020339455
timesfm,2.0,google/timesfm-2.0-500m-pytorch,simple_return,history,2024-10-29,0.001614127248163344
timesfm,2.0,google/timesfm-2.0-500m-pytorch,simple_return,history,2024-10-30,-0.003300233889343751
timesfm,2.0,google/timesfm-2.0-500m-pytorch,simple_return,history,2024-10-31,-0.018614700871699585
timesfm,2.0,google/timesfm-2.0-500m-pytorch,simple_return,history,2024-11-01,0.004092509543626166
timesfm,2.0,google/timesfm-2.0-500m-pytorch,simple_return,history,2024-11-04,-0.002812083478299976
timesfm,2.0,google/timesfm-2.0-500m-pytorch,simple_return,history,2024-11-05,0.012265644545291332
timesfm,2.0,google/timesfm-2.0-500m-pytorch,simple_return,history,2024-11-06,0.025295927786425976
timesfm,2.0,google/timesfm-2.0-500m-pytorch,simple_return,history,2024-11-07,0.007431229727488331
timesfm,2.0,google/timesfm-2.0-500m-pytorch,simple_return,history,2024-11-08,0.0037568333092317108
timesfm,2.0,google/timesfm-2.0-500m-pytorch,simple_return,history,2024-11-11,0.0009690634297987444
timesfm,2.0,google/timesfm-2.0-500m-pytorch,simple_return,history,2024-11-12,-0.00289265965137242
timesfm,2.0,google/timesfm-2.0-500m-pytorch,simple_return,history,2024-11-13,0.00023222772482434095
timesfm,2.0,google/timesfm-2.0-500m-pytorch,simple_return,history,2024-11-14,-0.006049734794859041
timesfm,2.0,google/timesfm-2.0-500m-pytorch,simple_return,history,2024-11-15,-0.013203489851361216
timesfm,2.0,google/timesfm-2.0-500m-pytorch,simple_return,history,2024-11-18,0.003917814394541086
timesfm,2.0,google/timesfm-2.0-500m-pytorch,simple_return,history,2024-11-19,0.003963584828470035
timesfm,2.0,google/timesfm-2.0-500m-pytorch,simple_return,history,2024-11-20,2.195086225209586e-05
timesfm,2.0,google/timesfm-2.0-500m-pytorch,simple_return,history,2024-11-21,0.0053404615405816536
timesfm,2.0,google/timesfm-2.0-500m-pytorch,simple_return,history,2024-11-22,0.003467959094991535
timesfm,2.0,google/timesfm-2.0-500m-pytorch,simple_return,history,2024-11-25,0.003020480305938378
timesfm,2.0,google/timesfm-2.0-500m-pytorch,simple_return,history,2024-11-26,0.005722005647630368
timesfm,2.0,google/timesfm-2.0-500m-pytorch,simple_return,history,2024-11-27,-0.003801238017440034
timesfm,2.0,google/timesfm-2.0-500m-pytorch,simple_return,history,2024-11-29,0.005607785488815242
timesfm,2.0,google/timesfm-2.0-500m-pytorch,simple_return,history,2024-12-02,0.0024484564662998753
timesfm,2.0,google/timesfm-2.0-500m-pytorch,simple_return,history,2024-12-03,0.0004514491145146682
timesfm,2.0,google/timesfm-2.0-500m-pytorch,simple_return,history,2024-12-04,0.006051417924264779
timesfm,2.0,google/timesfm-2.0-500m-pytorch,simple_return,history,2024-12-05,-0.0018697756269248078
timesfm,2.0,google/timesfm-2.0-500m-pytorch,simple_return,history,2024-12-06,0.0024954538421815275
timesfm,2.0,google/timesfm-2.0-500m-pytorch,simple_return,history,2024-12-09,-0.006144213927296471
timesfm,2.0,google/timesfm-2.0-500m-pytorch,simple_return,history,2024-12-10,-0.002963883313944371
timesfm,2.0,google/timesfm-2.0-500m-pytorch,simple_return,history,2024-12-11,0.008165786048233592
timesfm,2.0,google/timesfm-2.0-500m-pytorch,simple_return,history,2024-12-12,-0.005414022527810203
timesfm,2.0,google/timesfm-2.0-500m-pytorch,simple_return,history,2024-12-13,-2.6466639124200775e-05
timesfm,2.0,google/timesfm-2.0-500m-pytorch,simple_return,history,2024-12-16,0.0037993543260221863
timesfm,2.0,google/timesfm-2.0-500m-pytorch,simple_return,history,2024-12-17,-0.003863994965801476
timesfm,2.0,google/timesfm-2.0-500m-pytorch,simple_return,history,2024-12-18,-0.02949284635160343
timesfm,2.0,google/timesfm-2.0-500m-pytorch,simple_return,history,2024-12-19,-0.0008651123249070469
timesfm,2.0,google/timesfm-2.0-500m-pytorch,simple_return,history,2024-12-20,0.010869123768910471
timesfm,2.0,google/timesfm-2.0-500m-pytorch,simple_return,history,2024-12-23,0.007287273468533639
timesfm,2.0,google/timesfm-2.0-500m-pytorch,simple_return,history,2024-12-24,0.01104275925539211
timesfm,2.0,google/timesfm-2.0-500m-pytorch,simple_return,history,2024-12-26,-0.00040565878647391695
timesfm,2.0,google/timesfm-2.0-500m-pytorch,simple_return,history,2024-12-27,-0.011055736101235558
timesfm,2.0,google/timesfm-2.0-500m-pytorch,simple_return,history,2024-12-30,-0.010701995701766776
timesfm,2.0,google/timesfm-2.0-500m-pytorch,simple_return,history,2024-12-31,-0.004284800394927402
timesfm,2.0,google/timesfm-2.0-500m-pytorch,simple_return,history,2025-01-02,-0.0022238866412221947
timesfm,2.0,google/timesfm-2.0-500m-pytorch,simple_return,history,2025-01-03,0.01259602672149196
timesfm,2.0,google/timesfm-2.0-500m-pytorch,simple_return,history,2025-01-06,0.005538045085450305
timesfm,2.0,google/timesfm-2.0-500m-pytorch,simple_return,history,2025-01-07,-0.01110391288210788
timesfm,2.0,google/timesfm-2.0-500m-pytorch,simple_return,history,2025-01-08,0.001560360190925314
timesfm,2.0,google/timesfm-2.0-500m-pytorch,simple_return,history,2025-01-10,-0.01541164380306681
timesfm,2.0,google/timesfm-2.0-500m-pytorch,simple_return,history,2025-01-13,0.0015754440882007614
timesfm,2.0,google/timesfm-2.0-500m-pytorch,simple_return,history,2025-01-14,0.0011462798112440442
timesfm,2.0,google/timesfm-2.0-500m-pytorch,simple_return,history,2025-01-15,0.018312792279639112
timesfm,2.0,google/timesfm-2.0-500m-pytorch,simple_return,history,2025-01-16,-0.0021126894641922966
timesfm,2.0,google/timesfm-2.0-500m-pytorch,simple_return,history,2025-01-17,0.009991058969353706
timesfm,2.0,google/timesfm-2.0-500m-pytorch,simple_return,history,2025-01-21,0.008768227105582893
timesfm,2.0,google/timesfm-2.0-500m-pytorch,simple_return,history,2025-01-22,0.006137941522227575
timesfm,2.0,google/timesfm-2.0-500m-pytorch,simple_return,history,2025-01-23,0.00531348622041139
timesfm,2.0,google/timesfm-2.0-500m-pytorch,simple_return,history,2025-01-24,-0.002855132319398823
timesfm,2.0,google/timesfm-2.0-500m-pytorch,simple_return,history,2025-01-27,-0.014580715690809543
timesfm,2.0,google/timesfm-2.0-500m-pytorch,simple_return,history,2025-01-28,0.009217869449967608
timesfm,2.0,google/timesfm-2.0-500m-pytorch,simple_return,history,2025-01-29,-0.004678895760321544
timesfm,2.0,google/timesfm-2.0-500m-pytorch,simple_return,history,2025-01-30,0.005275414405311762
timesfm,2.0,google/timesfm-2.0-500m-pytorch,simple_return,history,2025-01-31,-0.005046825754019935
timesfm,2.0,google/timesfm-2.0-500m-pytorch,simple_return,history,2025-02-03,-0.007608597684666707
timesfm,2.0,google/timesfm-2.0-500m-pytorch,simple_return,history,2025-02-04,0.007224881828679752
timesfm,2.0,google/timesfm-2.0-500m-pytorch,simple_return,history,2025-02-05,0.003908672930614365
timesfm,2.0,google/timesfm-2.0-500m-pytorch,simple_return,history,2025-02-06,0.003644298722618622
timesfm,2.0,google/timesfm-2.0-500m-pytorch,simple_return,history,2025-02-07,-0.009464770111542897
timesfm,2.0,google/timesfm-2.0-500m-pytorch,simple_return,history,2025-02-10,0.006712541085862833
timesfm,2.0,google/timesfm-2.0-500m-pytorch,simple_return,history,2025-02-11,0.00033958278885926063
timesfm,2.0,google/timesfm-2.0-500m-pytorch,simple_return,history,2025-02-12,-0.0027238667143857365
timesfm,2.0,google/timesfm-2.0-500m-pytorch,simple_return,history,2025-02-13,0.010426292122230674
timesfm,2.0,google/timesfm-2.0-500m-pytorch,simple_return,history,2025-02-14,-7.194380749464546e-05
timesfm,2.0,google/timesfm-2.0-500m-pytorch,simple_return,history,2025-02-18,0.0024449877750611915
timesfm,2.0,google/timesfm-2.0-500m-pytorch,simple_return,history,2025-02-19,0.0023769693899173827
timesfm,2.0,google/timesfm-2.0-500m-pytorch,simple_return,history,2025-02-20,-0.0043341850761716705
timesfm,2.0,google/timesfm-2.0-500m-pytorch,simple_return,history,2025-02-21,-0.01706412670256352
timesfm,2.0,google/timesfm-2.0-500m-pytorch,simple_return,history,2025-02-24,-0.00496910650440241
timesfm,2.0,google/timesfm-2.0-500m-pytorch,simple_return,history,2025-02-25,-0.004679730915472358
timesfm,2.0,google/timesfm-2.0-500m-pytorch,simple_return,history,2025-02-26,0.00013602428004699796
timesfm,2.0,google/timesfm-2.0-500m-pytorch,simple_return,history,2025-02-27,-0.015864553655509872
timesfm,2.0,google/timesfm-2.0-500m-pytorch,simple_return,history,2025-02-28,0.01585414463498891
timesfm,2.0,google/timesfm-2.0-500m-pytorch,simple_return,history,2025-03-03,-0.0175967394669998
timesfm,2.0,google/timesfm-2.0-500m-pytorch,simple_return,history,2025-03-04,-0.012234826602200433
timesfm,2.0,google/timesfm-2.0-500m-pytorch,simple_return,history,2025-03-05,0.011159277893187936
timesfm,2.0,google/timesfm-2.0-500m-pytorch,simple_return,history,2025-03-06,-0.017819007085749905
timesfm,2.0,google/timesfm-2.0-500m-pytorch,simple_return,history,2025-03-07,0.00552061780274804
timesfm,2.0,google/timesfm-2.0-500m-pytorch,simple_return,history,2025-03-10,-0.0269730913054258
timesfm,2.0,google/timesfm-2.0-500m-pytorch,simple_return,history,2025-03-11,-0.007567865323653167
timesfm,2.0,google/timesfm-2.0-500m-pytorch,simple_return,history,2025-03-12,0.004886869929446425
timesfm,2.0,google/timesfm-2.0-500m-pytorch,simple_return,history,2025-03-13,-0.013890984206835322
timesfm,2.0,google/timesfm-2.0-500m-pytorch,simple_return,history,2025-03-14,0.021265869083087807
timesfm,2.0,google/timesfm-2.0-500m-pytorch,simple_return,history,2025-03-17,0.006416130719105961
timesfm,2.0,google/timesfm-2.0-500m-pytorch,simple_return,history,2025-03-18,-0.010653512117636543
timesfm,2.0,google/timesfm-2.0-500m-pytorch,simple_return,history,2025-03-19,0.010798495567894584
timesfm,2.0,google/timesfm-2.0-500m-pytorch,simple_return,history,2025-03-20,-0.0021848931523151816
timesfm,2.0,google/timesfm-2.0-500m-pytorch,simple_return,history,2025-03-21,0.0008246534476661349
timesfm,2.0,google/timesfm-2.0-500m-pytorch,simple_return,history,2025-03-24,0.017646000146633645
timesfm,2.0,google/timesfm-2.0-500m-pytorch,simple_return,history,2025-03-25,0.0015743334544251475
timesfm,2.0,google/timesfm-2.0-500m-pytorch,simple_return,history,2025-03-26,-0.011156934922627149
timesfm,2.0,google/timesfm-2.0-500m-pytorch,simple_return,history,2025-03-27,-0.003306980860763864
timesfm,2.0,google/timesfm-2.0-500m-pytorch,simple_return,history,2025-03-28,-0.01973722070834405
timesfm,2.0,google/timesfm-2.0-500m-pytorch,simple_return,history,2025-03-31,0.005538521570653376
timesfm,2.0,google/timesfm-2.0-500m-pytorch,simple_return,history,2025-04-01,0.0037812354559083605
timesfm,2.0,google/timesfm-2.0-500m-pytorch,simple_return,history,2025-04-02,0.006728194715792668
timesfm,2.0,google/timesfm-2.0-500m-pytorch,simple_return,history,2025-04-03,-0.04839563335990149
timesfm,2.0,google/timesfm-2.0-500m-pytorch,simple_return,history,2025-04-04,-0.05974960534553109
timesfm,2.0,google/timesfm-2.0-500m-pytorch,simple_return,history,2025-04-07,-0.0023314724921273955
timesfm,2.0,google/timesfm-2.0-500m-pytorch,simple_return,history,2025-04-08,-0.015700524562941354
timesfm,2.0,google/timesfm-2.0-500m-pytorch,simple_return,history,2025-04-09,0.09515387644904849
timesfm,2.0,google/timesfm-2.0-500m-pytorch,simple_return,history,2025-04-10,-0.03460757958472693
timesfm,2.0,google/timesfm-2.0-500m-pytorch,simple_return,history,2025-04-11,0.018092095201708958
timesfm,2.0,google/timesfm-2.0-500m-pytorch,simple_return,history,2025-04-14,0.007944712390868913
timesfm,2.0,google/timesfm-2.0-500m-pytorch,simple_return,history,2025-04-15,-0.0017277808903947145
timesfm,2.0,google/timesfm-2.0-500m-pytorch,simple_return,history,2025-04-16,-0.0224083715440897
timesfm,2.0,google/timesfm-2.0-500m-pytorch,simple_return,history,2025-04-17,0.0013268380955802073
timesfm,2.0,google/timesfm-2.0-500m-pytorch,simple_return,history,2025-04-21,-0.023567493023827546
timesfm,2.0,google/timesfm-2.0-500m-pytorch,simple_return,history,2025-04-22,0.025117204723895226
timesfm,2.0,google/timesfm-2.0-500m-pytorch,simple_return,history,2025-04-23,0.01666113847096007
timesfm,2.0,google/timesfm-2.0-500m-pytorch,simple_return,history,2025-04-24,0.020259113708281262
timesfm,2.0,google/timesfm-2.0-500m-pytorch,simple_return,history,2025-04-25,0.007373133469998461
timesfm,2.0,google/timesfm-2.0-500m-pytorch,simple_return,history,2025-04-28,0.0006407067039131409
timesfm,2.0,google/timesfm-2.0-500m-pytorch,simple_return,history,2025-04-29,0.005802410694099036
timesfm,2.0,google/timesfm-2.0-500m-pytorch,simple_return,history,2025-04-30,0.00147999135976562
timesfm,2.0,google/timesfm-2.0-500m-pytorch,simple_return,history,2025-05-01,0.006299102138585644
timesfm,2.0,google/timesfm-2.0-500m-pytorch,simple_return,history,2025-05-02,0.01472657412963474
timesfm,2.0,google/timesfm-2.0-500m-pytorch,simple_return,history,2025-05-05,-0.006381597588933863
timesfm,2.0,google/timesfm-2.0-500m-pytorch,simple_return,history,2025-05-06,-0.007693239651855532
timesfm,2.0,google/timesfm-2.0-500m-pytorch,simple_return,history,2025-05-07,0.00434635623313584
timesfm,2.0,google/timesfm-2.0-500m-pytorch,simple_return,history,2025-05-08,0.005799775094835535
timesfm,2.0,google/timesfm-2.0-500m-pytorch,simple_return,history,2025-05-09,-0.0007114809122162891
timesfm,2.0,google/timesfm-2.0-500m-pytorch,simple_return,history,2025-05-12,0.032558782749008364
timesfm,2.0,google/timesfm-2.0-500m-pytorch,simple_return,history,2025-05-13,0.0072482009835321826
timesfm,2.0,google/timesfm-2.0-500m-pytorch,simple_return,history,2025-05-14,0.001024415597859818
timesfm,2.0,google/timesfm-2.0-500m-pytorch,simple_return,history,2025-05-15,0.004132332074135769
timesfm,2.0,google/timesfm-2.0-500m-pytorch,simple_return,history,2025-05-16,0.007005272294898557
timesfm,2.0,google/timesfm-2.0-500m-pytorch,simple_return,history,2025-05-19,0.0008761131291423752
timesfm,2.0,google/timesfm-2.0-500m-pytorch,simple_return,history,2025-05-20,-0.0038802294486252054
timesfm,2.0,google/timesfm-2.0-500m-pytorch,simple_return,history,2025-05-21,-0.01613513066101424
timesfm,2.0,google/timesfm-2.0-500m-pytorch,simple_return,history,2025-05-22,-0.00044487103794299543
timesfm,2.0,google/timesfm-2.0-500m-pytorch,simple_return,history,2025-05-23,-0.006708297825321674
timesfm,2.0,google/timesfm-2.0-500m-pytorch,simple_return,history,2025-05-27,0.0204590558452733
timesfm,2.0,google/timesfm-2.0-500m-pytorch,simple_return,history,2025-05-28,-0.005571225417268844
timesfm,2.0,google/timesfm-2.0-500m-pytorch,simple_return,history,2025-05-29,0.004011194261904327
timesfm,2.0,google/timesfm-2.0-500m-pytorch,simple_return,history,2025-05-30,-8.118516130162234e-05
timesfm,2.0,google/timesfm-2.0-500m-pytorch,simple_return,history,2025-06-02,0.0041020419271569075
timesfm,2.0,google/timesfm-2.0-500m-pytorch,simple_return,history,2025-06-03,0.005800290454605506
timesfm,2.0,google/timesfm-2.0-500m-pytorch,simple_return,history,2025-06-04,7.36874595066439e-05
timesfm,2.0,google/timesfm-2.0-500m-pytorch,simple_return,history,2025-06-05,-0.005277383403094138
timesfm,2.0,google/timesfm-2.0-500m-pytorch,simple_return,history,2025-06-06,0.010280683010067904
timesfm,2.0,google/timesfm-2.0-500m-pytorch,simple_return,history,2025-06-09,0.0009199480792858594
timesfm,2.0,google/timesfm-2.0-500m-pytorch,simple_return,history,2025-06-10,0.00548298940767844
timesfm,2.0,google/timesfm-2.0-500m-pytorch,simple_return,history,2025-06-11,-0.002743888954607865
timesfm,2.0,google/timesfm-2.0-500m-pytorch,simple_return,history,2025-06-12,0.0038224199557175265
timesfm,2.0,google/timesfm-2.0-500m-pytorch,simple_return,history,2025-06-13,-0.011296379879250695
timesfm,2.0,google/timesfm-2.0-500m-pytorch,simple_return,history,2025-06-16,0.009392659896159117
timesfm,2.0,google/timesfm-2.0-500m-pytorch,simple_return,history,2025-06-17,-0.008352184790166306
timesfm,2.0,google/timesfm-2.0-500m-pytorch,simple_return,history,2025-06-18,-0.0003092402101070313
timesfm,2.0,google/timesfm-2.0-500m-pytorch,simple_return,history,2025-06-20,-0.002178658486505891
timesfm,2.0,google/timesfm-2.0-500m-pytorch,simple_return,history,2025-06-23,0.009606504133156335
timesfm,2.0,google/timesfm-2.0-500m-pytorch,simple_return,history,2025-06-24,0.01112172017970181
timesfm,2.0,google/timesfm-2.0-500m-pytorch,simple_return,history,2025-06-25,-3.2861029504172024e-06
timesfm,2.0,google/timesfm-2.0-500m-pytorch,simple_return,history,2025-06-26,0.008020121275230219
timesfm,2.0,google/timesfm-2.0-500m-pytorch,simple_return,history,2025-06-27,0.005218970885222163
timesfm,2.0,google/timesfm-2.0-500m-pytorch,simple_return,history,2025-06-30,0.005164427424532603
timesfm,2.0,google/timesfm-2.0-500m-pytorch,simple_return,history,2025-07-01,-0.001118531087121899
timesfm,2.0,google/timesfm-2.0-500m-pytorch,simple_return,history,2025-07-02,0.004745096791088033
timesfm,2.0,google/timesfm-2.0-500m-pytorch,simple_return,history,2025-07-03,0.008338955206607324
timesfm,2.0,google/timesfm-2.0-500m-pytorch,simple_return,history,2025-07-07,-0.007862297279128794
timesfm,2.0,google/timesfm-2.0-500m-pytorch,simple_return,history,2025-07-08,-0.0007158868810946961
timesfm,2.0,google/timesfm-2.0-500m-pytorch,simple_return,history,2025-07-09,0.0060621034026635545
timesfm,2.0,google/timesfm-2.0-500m-pytorch,simple_return,history,2025-07-10,0.0027462050044453346
timesfm,2.0,google/timesfm-2.0-500m-pytorch,simple_return,history,2025-07-11,-0.0032975229626984737
timesfm,2.0,google/timesfm-2.0-500m-pytorch,simple_return,history,2025-07-14,0.001407413809457303
timesfm,2.0,google/timesfm-2.0-500m-pytorch,simple_return,history,2025-07-15,-0.003956298214731202
timesfm,2.0,google/timesfm-2.0-500m-pytorch,simple_return,history,2025-07-16,0.003193657417327689
timesfm,2.0,google/timesfm-2.0-500m-pytorch,simple_return,history,2025-07-17,0.00537376740890938
timesfm,2.0,google/timesfm-2.0-500m-pytorch,simple_return,history,2025-07-18,-9.048620868445933e-05
timesfm,2.0,google/timesfm-2.0-500m-pytorch,simple_return,history,2025-07-21,0.001399134882868358
timesfm,2.0,google/timesfm-2.0-500m-pytorch,simple_return,history,2025-07-22,0.0006375316336257875
timesfm,2.0,google/timesfm-2.0-500m-pytorch,simple_return,history,2025-07-23,0.007811886951519131
timesfm,2.0,google/timesfm-2.0-500m-pytorch,simple_return,history,2025-07-24,0.0006982236416543941
timesfm,2.0,google/timesfm-2.0-500m-pytorch,simple_return,history,2025-07-25,0.00397432777929585
timesfm,2.0,google/timesfm-2.0-500m-pytorch,simple_return,history,2025-07-28,0.00017685810881817865
timesfm,2.0,google/timesfm-2.0-500m-pytorch,simple_return,history,2025-07-29,-0.002959442388724254
timesfm,2.0,google/timesfm-2.0-500m-pytorch,simple_return,history,2025-07-30,-0.0012494327466496813
timesfm,2.0,google/timesfm-2.0-500m-pytorch,simple_return,history,2025-07-31,-0.0036948193411530106
timesfm,2.0,google/timesfm-2.0-500m-pytorch,simple_return,history,2025-08-01,-0.015992133140148468
timesfm,2.0,google/timesfm-2.0-500m-pytorch,simple_return,history,2025-08-04,0.01473710033091602
timesfm,2.0,google/timesfm-2.0-500m-pytorch,simple_return,history,2025-08-05,-0.004857865996303334
timesfm,2.0,google/timesfm-2.0-500m-pytorch,simple_return,history,2025-08-06,0.007281907295092482
timesfm,2.0,google/timesfm-2.0-500m-pytorch,simple_return,history,2025-08-07,-0.0007974800154801898
timesfm,2.0,google/timesfm-2.0-500m-pytorch,simple_return,history,2025-08-08,0.007799715348974834
timesfm,2.0,google/timesfm-2.0-500m-pytorch,simple_return,history,2025-08-11,-0.0025041278217863283
timesfm,2.0,google/timesfm-2.0-500m-pytorch,simple_return,history,2025-08-12,0.01134543584661274
timesfm,2.0,google/timesfm-2.0-500m-pytorch,simple_return,history,2025-08-13,0.0032300788824048965
timesfm,2.0,google/timesfm-2.0-500m-pytorch,simple_return,history,2025-08-14,0.00030309080129242716
timesfm,2.0,google/timesfm-2.0-500m-pytorch,simple_return,history,2025-08-15,-0.0028971350972291088
timesfm,2.0,google/timesfm-2.0-500m-pytorch,simple_return,history,2025-08-18,-0.00010076318078544588
timesfm,2.0,google/timesfm-2.0-500m-pytorch,simple_return,history,2025-08-19,-0.005858103118756786
timesfm,2.0,google/timesfm-2.0-500m-pytorch,simple_return,history,2025-08-20,-0.0024316693228262354
timesfm,2.0,google/timesfm-2.0-500m-pytorch,simple_return,history,2025-08-21,-0.004004181529308926
timesfm,2.0,google/timesfm-2.0-500m-pytorch,simple_return,history,2025-08-22,0.015186444876893468
timesfm,2.0,google/timesfm-2.0-500m-pytorch,simple_return,history,2025-08-25,-0.004266385548063467
timesfm,2.0,google/timesfm-2.0-500m-pytorch,simple_return,history,2025-08-26,0.004133995191134998
timesfm,2.0,google/timesfm-2.0-500m-pytorch,simple_return,history,2025-08-27,0.0023909843081744153
timesfm,2.0,google/timesfm-2.0-500m-pytorch,simple_return,history,2025-08-28,0.0031567194195349924
timesfm,2.0,google/timesfm-2.0-500m-pytorch,simple_return,history,2025-08-29,-0.00639818429357164
timesfm,2.0,google/timesfm-2.0-500m-pytorch,simple_return,history,2025-09-02,-0.006922279936861564
timesfm,2.0,google/timesfm-2.0-500m-pytorch,simple_return,history,2025-09-03,0.0051000736279842585
timesfm,2.0,google/timesfm-2.0-500m-pytorch,simple_return,history,2025-09-04,0.008346486409699372
timesfm,2.0,google/timesfm-2.0-500m-pytorch,simple_return,history,2025-09-05,-0.003165152978388819
timesfm,2.0,google/timesfm-2.0-500m-pytorch,simple_return,history,2025-09-08,0.0021059789159529885
timesfm,2.0,google/timesfm-2.0-500m-pytorch,simple_return,history,2025-09-09,0.0026881536531127015
timesfm,2.0,google/timesfm-2.0-500m-pytorch,simple_return,history,2025-09-10,0.002983469943562689
timesfm,2.0,google/timesfm-2.0-500m-pytorch,simple_return,history,2025-09-11,0.008485890387959882
timesfm,2.0,google/timesfm-2.0-500m-pytorch,simple_return,history,2025-09-12,-0.00048276131466740146
timesfm,2.0,google/timesfm-2.0-500m-pytorch,simple_return,history,2025-09-15,0.004706619226962694
timesfm,2.0,google/timesfm-2.0-500m-pytorch,simple_return,history,2025-09-16,-0.0012879303382402618
timesfm,2.0,google/timesfm-2.0-500m-pytorch,simple_return,history,2025-09-17,-0.0009701681605103207
timesfm,2.0,google/timesfm-2.0-500m-pytorch,simple_return,history,2025-09-18,0.004789119185128365
timesfm,2.0,google/timesfm-2.0-500m-pytorch,simple_return,history,2025-09-19,0.004885418870829605
timesfm,2.0,google/timesfm-2.0-500m-pytorch,simple_return,history,2025-09-22,0.004410046474333074
timesfm,2.0,google/timesfm-2.0-500m-pytorch,simple_return,history,2025-09-23,-0.005502159197012135
timesfm,2.0,google/timesfm-2.0-500m-pytorch,simple_return,history,2025-09-24,-0.002846617843333288
timesfm,2.0,google/timesfm-2.0-500m-pytorch,simple_return,history,2025-09-25,-0.0050090613431266195
timesfm,2.0,google/timesfm-2.0-500m-pytorch,simple_return,history,2025-09-26,0.005901836747171263
timesfm,2.0,google/timesfm-2.0-500m-pytorch,simple_return,history,2025-09-29,0.00263554421636214
timesfm,2.0,google/timesfm-2.0-500m-pytorch,simple_return,history,2025-09-30,0.0040908483833717035
timesfm,2.0,google/timesfm-2.0-500m-pytorch,simple_return,history,2025-10-01,0.003399920834961989
timesfm,2.0,google/timesfm-2.0-500m-pytorch,simple_return,history,2025-10-02,0.0006183547238911569
timesfm,2.0,google/timesfm-2.0-500m-pytorch,simple_return,history,2025-10-03,6.551280273581206e-05
timesfm,2.0,google/timesfm-2.0-500m-pytorch,simple_return,history,2025-10-06,0.0036465919796933033
timesfm,2.0,google/timesfm-2.0-500m-pytorch,simple_return,history,2025-10-07,-0.0038114057910215715
timesfm,2.0,google/timesfm-2.0-500m-pytorch,simple_return,history,2025-10-08,0.0058276636405680815
timesfm,2.0,google/timesfm-2.0-500m-pytorch,simple_return,history,2025-10-09,-0.002755570407195318
timesfm,2.0,google/timesfm-2.0-500m-pytorch,simple_return,history,2025-10-10,-0.02711167321141361
timesfm,2.0,google/timesfm-2.0-500m-pytorch,simple_return,history,2025-10-13,0.015598671787557583
timesfm,2.0,google/timesfm-2.0-500m-pytorch,simple_return,history,2025-10-14,-0.0015643266604626893
timesfm,2.0,google/timesfm-2.0-500m-pytorch,simple_return,history,2025-10-15,0.004026001159503689
timesfm,2.0,google/timesfm-2.0-500m-pytorch,simple_return,history,2025-10-16,-0.006294387099829435
timesfm,2.0,google/timesfm-2.0-500m-pytorch,simple_return,history,2025-10-17,0.0052707155502571545
timesfm,2.0,google/timesfm-2.0-500m-pytorch,simple_return,history,2025-10-20,0.010672270853256949
timesfm,2.0,google/timesfm-2.0-500m-pytorch,simple_return,history,2025-10-21,3.2696450934288634e-05
timesfm,2.0,google/timesfm-2.0-500m-pytorch,simple_return,history,2025-10-22,-0.005337539220865439
timesfm,2.0,google/timesfm-2.0-500m-pytorch,simple_return,history,2025-10-23,0.0058273934429324825
timesfm,2.0,google/timesfm-2.0-500m-pytorch,simple_return,history,2025-10-24,0.00790242258787388
timesfm,2.0,google/timesfm-2.0-500m-pytorch,simple_return,history,2025-10-27,0.012290050865671143
timesfm,2.0,google/timesfm-2.0-500m-pytorch,simple_return,history,2025-10-28,0.0022879438603986557
timesfm,2.0,google/timesfm-2.0-500m-pytorch,simple_return,history,2025-10-29,-4.3578255173426506e-05
timesfm,2.0,google/timesfm-2.0-500m-pytorch,simple_return,history,2025-10-30,-0.00990481243951924
timesfm,2.0,google/timesfm-2.0-500m-pytorch,simple_return,history,2025-10-31,0.0026179217059763005
timesfm,2.0,google/timesfm-2.0-500m-pytorch,simple_return,history,2025-11-03,0.0017207127269924793
timesfm,2.0,google/timesfm-2.0-500m-pytorch,simple_return,history,2025-11-04,-0.011736830084583816
timesfm,2.0,google/timesfm-2.0-500m-pytorch,simple_return,history,2025-11-05,0.0036535556982648654
timesfm,2.0,google/timesfm-2.0-500m-pytorch,simple_return,history,2025-11-06,-0.011178189042419073
timesfm,2.0,google/timesfm-2.0-500m-pytorch,simple_return,history,2025-11-07,0.0012618418007710464
timesfm,2.0,google/timesfm-2.0-500m-pytorch,simple_return,history,2025-11-10,0.01540101862170995
timesfm,2.0,google/timesfm-2.0-500m-pytorch,simple_return,history,2025-11-11,0.002075350517340535
timesfm,2.0,google/timesfm-2.0-500m-pytorch,simple_return,history,2025-11-12,0.0006295171887717999
timesfm,2.0,google/timesfm-2.0-500m-pytorch,simple_return,history,2025-11-13,-0.01655685496159698
timesfm,2.0,google/timesfm-2.0-500m-pytorch,simple_return,history,2025-11-14,-0.0005017255648851471
timesfm,2.0,google/timesfm-2.0-500m-pytorch,simple_return,history,2025-11-17,-0.00916226617680782
timesfm,2.0,google/timesfm-2.0-500m-pytorch,simple_return,history,2025-11-18,-0.008256436690967983
timesfm,2.0,google/timesfm-2.0-500m-pytorch,simple_return,history,2025-11-19,0.0037538357962292324
timesfm,2.0,google/timesfm-2.0-500m-pytorch,simple_return,history,2025-11-20,-0.015567283563270418
timesfm,2.0,google/timesfm-2.0-500m-pytorch,simple_return,history,2025-11-21,0.009823035415319481
timesfm,2.0,google/timesfm-2.0-500m-pytorch,simple_return,history,2025-11-24,0.015467217001293498
timesfm,2.0,google/timesfm-2.0-500m-pytorch,simple_return,history,2025-11-25,0.009061696817220577
timesfm,2.0,google/timesfm-2.0-500m-pytorch,simple_return,history,2025-11-26,0.006906711511012631
timesfm,2.0,google/timesfm-2.0-500m-pytorch,simple_return,history,2025-11-28,0.005354773163420257
timesfm,2.0,google/timesfm-2.0-500m-pytorch,simple_return,history,2025-12-01,-0.005323329342915684
timesfm,2.0,google/timesfm-2.0-500m-pytorch,simple_return,history,2025-12-02,0.002457235261999813
timesfm,2.0,google/timesfm-2.0-500m-pytorch,simple_return,history,2025-12-03,0.0029797912994984355
timesfm,2.0,google/timesfm-2.0-500m-pytorch,simple_return,history,2025-12-04,0.0010803218396737702
timesfm,2.0,google/timesfm-2.0-500m-pytorch,simple_return,history,2025-12-05,0.001936641757662061
timesfm,2.0,google/timesfm-2.0-500m-pytorch,simple_return,history,2025-12-08,-0.003477255626794018
timesfm,2.0,google/timesfm-2.0-500m-pytorch,simple_return,history,2025-12-09,-0.0008763589340257116
timesfm,2.0,google/timesfm-2.0-500m-pytorch,simple_return,history,2025-12-10,0.00674955693920154
timesfm,2.0,google/timesfm-2.0-500m-pytorch,simple_return,history,2025-12-11,0.002079350841514227
timesfm,2.0,google/timesfm-2.0-500m-pytorch,simple_return,history,2025-12-12,-0.010663649289958
timesfm,2.0,google/timesfm-2.0-500m-pytorch,simple_return,history,2025-12-15,-0.0015965630269072495
timesfm,2.0,google/timesfm-2.0-500m-pytorch,simple_return,history,2025-12-16,-0.0023839179519623555
timesfm,2.0,google/timesfm-2.0-500m-pytorch,simple_return,history,2025-12-17,-0.011592143912241393
timesfm,2.0,google/timesfm-2.0-500m-pytorch,simple_return,history,2025-12-18,0.007934262269941872
timesfm,2.0,google/timesfm-2.0-500m-pytorch,simple_return,history,2025-12-19,0.008818059450332205
timesfm,2.0,google/timesfm-2.0-500m-pytorch,simple_return,history,2025-12-22,0.006436496360377575
timesfm,2.0,google/timesfm-2.0-500m-pytorch,simple_return,history,2025-12-23,0.004550388765703239
timesfm,2.0,google/timesfm-2.0-500m-pytorch,simple_return,history,2025-12-24,0.0032214822012188726
timesfm,2.0,google/timesfm-2.0-500m-pytorch,simple_return,history,2025-12-26,-0.00030436354912266594
timesfm,2.0,google/timesfm-2.0-500m-pytorch,simple_return,history,2025-12-29,-0.00349205148036813
timesfm,2.0,google/timesfm-2.0-500m-pytorch,simple_return,history,2025-12-30,-0.0013756671519022934
timesfm,2.0,google/timesfm-2.0-500m-pytorch,simple_return,history,2025-12-31,-0.007357666300846111
timesfm,2.0,google/timesfm-2.0-500m-pytorch,simple_return,history,2026-01-02,0.0018947067188299638
timesfm,2.0,google/timesfm-2.0-500m-pytorch,simple_return,history,2026-01-05,0.006354126864826393
timesfm,2.0,google/timesfm-2.0-500m-pytorch,simple_return,history,2026-01-06,0.006196712678341321
timesfm,2.0,google/timesfm-2.0-500m-pytorch,simple_return,history,2026-01-07,-0.003439923431013958
timesfm,2.0,google/timesfm-2.0-500m-pytorch,simple_return,history,2026-01-08,7.65482590914246e-05
timesfm,2.0,google/timesfm-2.0-500m-pytorch,simple_return,history,2026-01-09,0.006475487031883276
timesfm,2.0,google/timesfm-2.0-500m-pytorch,simple_return,history,2026-01-12,0.001577633215136931
timesfm,2.0,google/timesfm-2.0-500m-pytorch,simple_return,history,2026-01-13,-0.0019391230550597216
timesfm,2.0,google/timesfm-2.0-500m-pytorch,simple_return,history,2026-01-14,-0.005333360445499591
timesfm,2.0,google/timesfm-2.0-500m-pytorch,simple_return,history,2026-01-15,0.0025799262171273263
timesfm,2.0,google/timesfm-2.0-500m-pytorch,simple_return,history,2026-01-16,-0.0006423023039563436
timesfm,2.0,google/timesfm-2.0-500m-pytorch,simple_return,history,2026-01-20,-0.02062675805627745
timesfm,2.0,google/timesfm-2.0-500m-pytorch,simple_return,history,2026-01-21,0.011587741323274559
timesfm,2.0,google/timesfm-2.0-500m-pytorch,simple_return,history,2026-01-22,0.005487502192628835
timesfm,2.0,google/timesfm-2.0-500m-pytorch,simple_return,history,2026-01-23,0.0003268698377891788
timesfm,2.0,google/timesfm-2.0-500m-pytorch,simple_return,history,2026-01-26,0.005006083031276365
timesfm,2.0,google/timesfm-2.0-500m-pytorch,simple_return,history,2026-01-27,0.004081896177137168
timesfm,2.0,google/timesfm-2.0-500m-pytorch,simple_return,history,2026-01-28,-8.172305219089626e-05
timesfm,2.0,google/timesfm-2.0-500m-pytorch,simple_return,history,2026-01-29,-0.001292631274007694
timesfm,2.0,google/timesfm-2.0-500m-pytorch,simple_return,history,2026-01-30,-0.004301899620894223
timesfm,2.0,google/timesfm-2.0-500m-pytorch,simple_return,history,2026-02-02,0.00539126612916796
timesfm,2.0,google/timesfm-2.0-500m-pytorch,simple_return,history,2026-02-03,-0.008403983020698336
timesfm,2.0,google/timesfm-2.0-500m-pytorch,simple_return,history,2026-02-04,-0.005072391906223106
timesfm,2.0,google/timesfm-2.0-500m-pytorch,simple_return,history,2026-02-05,-0.012251015567674717
timesfm,2.0,google/timesfm-2.0-500m-pytorch,simple_return,history,2026-02-06,0.0196957966973359
timesfm,2.0,google/timesfm-2.0-500m-pytorch,simple_return,history,2026-02-09,0.004691086716887227
timesfm,2.0,google/timesfm-2.0-500m-pytorch,simple_return,history,2026-02-10,-0.003303712975458173
timesfm,2.0,google/timesfm-2.0-500m-pytorch,simple_return,history,2026-02-11,-4.895607156218951e-05
timesfm,2.0,google/timesfm-2.0-500m-pytorch,simple_return,history,2026-02-12,-0.01566101212770199
timesfm,2.0,google/timesfm-2.0-500m-pytorch,simple_return,history,2026-02-13,0.0004990891480125548
timesfm,2.0,google/timesfm-2.0-500m-pytorch,simple_return,history,2026-02-17,0.0010313220779065713
timesfm,2.0,google/timesfm-2.0-500m-pytorch,simple_return,history,2026-02-18,0.005566070147410729
timesfm,2.0,google/timesfm-2.0-500m-pytorch,simple_return,history,2026-02-19,-0.0028221256867719813
timesfm,2.0,google/timesfm-2.0-500m-pytorch,simple_return,history,2026-02-20,0.006939724763506794
timesfm,2.0,google/timesfm-2.0-500m-pytorch,simple_return,history,2026-02-23,-0.010385652247284827
timesfm,2.0,google/timesfm-2.0-500m-pytorch,simple_return,history,2026-02-24,0.0076516140863223114
timesfm,2.0,google/timesfm-2.0-500m-pytorch,simple_return,history,2026-02-25,0.008136355657339944
timesfm,2.0,google/timesfm-2.0-500m-pytorch,simple_return,history,2026-02-26,-0.005365580569328343
timesfm,2.0,google/timesfm-2.0-500m-pytorch,simple_return,history,2026-02-27,-0.00433935281103115
timesfm,2.0,google/timesfm-2.0-500m-pytorch,simple_return,history,2026-03-02,0.0003983547353176853
timesfm,2.0,google/timesfm-2.0-500m-pytorch,simple_return,history,2026-03-03,-0.009444031095625416
timesfm,2.0,google/timesfm-2.0-500m-pytorch,simple_return,history,2026-03-04,0.007756049264286302
timesfm,2.0,google/timesfm-2.0-500m-pytorch,simple_return,history,2026-03-05,-0.005646704863891072
timesfm,2.0,google/timesfm-2.0-500m-pytorch,simple_return,history,2026-03-06,-0.013276795812569242
timesfm,2.0,google/timesfm-2.0-500m-pytorch,simple_return,history,2026-03-09,0.008304161513105202
timesfm,2.0,google/timesfm-2.0-500m-pytorch,simple_return,history,2026-03-10,-0.0021351198877325173
timesfm,2.0,google/timesfm-2.0-500m-pytorch,simple_return,history,2026-03-11,-0.0008376012017449197
timesfm,2.0,google/timesfm-2.0-500m-pytorch,simple_return,history,2026-03-12,-0.015227676506708532
timesfm,2.0,google/timesfm-2.0-500m-pytorch,simple_return,history,2026-03-13,-0.006059115470564369
timesfm,2.0,google/timesfm-2.0-500m-pytorch,simple_return,history,2026-03-16,0.010130883162251969
timesfm,2.0,google/timesfm-2.0-500m-pytorch,simple_return,history,2026-03-17,0.0024942548757938
timesfm,2.0,google/timesfm-2.0-500m-pytorch,simple_return,history,2026-03-18,-0.013607567880073446
timesfm,2.0,google/timesfm-2.0-500m-pytorch,simple_return,history,2026-03-19,-0.002748797741878972
timesfm,2.0,google/timesfm-2.0-500m-pytorch,simple_return,history,2026-03-20,-0.015138182356779217
timesfm,2.0,google/timesfm-2.0-500m-pytorch,simple_return,history,2026-03-23,0.011453200463990454
timesfm,2.0,google/timesfm-2.0-500m-pytorch,simple_return,history,2026-03-24,-0.0037425745042546366
timesfm,2.0,google/timesfm-2.0-500m-pytorch,simple_return,history,2026-03-25,0.005419124381509377
timesfm,2.0,google/timesfm-2.0-500m-pytorch,simple_return,history,2026-03-26,-0.017406172392416708
timesfm,2.0,google/timesfm-2.0-500m-pytorch,simple_return,history,2026-03-27,-0.01672184352107431
timesfm,2.0,google/timesfm-2.0-500m-pytorch,simple_return,history,2026-03-30,-0.003945748828622642
timesfm,2.0,google/timesfm-2.0-500m-pytorch,simple_return,history,2026-03-31,0.02913114047102594
timesfm,2.0,google/timesfm-2.0-500m-pytorch,simple_return,history,2026-04-01,0.007168516684867399
timesfm,2.0,google/timesfm-2.0-500m-pytorch,simple_return,history,2026-04-02,0.0011208758485563575
timesfm,2.0,google/timesfm-2.0-500m-pytorch,simple_return,history,2026-04-06,0.0044267825126402816
timesfm,2.0,google/timesfm-2.0-500m-pytorch,simple_return,history,2026-04-07,0.0007592481161695641
timesfm,2.0,google/timesfm-2.0-500m-pytorch,simple_return,history,2026-04-08,0.025081414644149813
timesfm,2.0,google/timesfm-2.0-500m-pytorch,simple_return,history,2026-04-09,0.006170023529293189
timesfm,2.0,google/timesfm-2.0-500m-pytorch,simple_return,history,2026-04-10,-0.0011385210916523558
timesfm,2.0,google/timesfm-2.0-500m-pytorch,simple_return,history,2026-04-13,0.010173274948748201
timesfm,2.0,google/timesfm-2.0-500m-pytorch,simple_return,history,2026-04-14,0.011782866364792755
timesfm,2.0,google/timesfm-2.0-500m-pytorch,simple_return,history,2026-04-15,0.007975783355387733
timesfm,2.0,google/timesfm-2.0-500m-pytorch,simple_return,history,2026-04-16,0.0026099558353673835
timesfm,2.0,google/timesfm-2.0-500m-pytorch,simple_return,history,2026-04-17,0.012040463669150903
timesfm,2.0,google/timesfm-2.0-500m-pytorch,simple_return,history,2026-04-20,-0.002374372617670484
timesfm,2.0,google/timesfm-2.0-500m-pytorch,simple_return,history,2026-04-21,-0.006348217959672997
timesfm,2.0,google/timesfm-2.0-500m-pytorch,simple_return,history,2026-04-22,0.010460084168953943
timesfm,2.0,google/timesfm-2.0-500m-pytorch,simple_return,history,2026-04-23,-0.004132868267081369
timesfm,2.0,google/timesfm-2.0-500m-pytorch,simple_return,history,2026-04-24,0.007973689797975636
timesfm,2.0,google/timesfm-2.0-500m-pytorch,simple_return,history,2026-04-27,0.0012323767534654362
timesfm,2.0,google/timesfm-2.0-500m-pytorch,simple_return,history,2026-04-28,-0.004894172187521972
timesfm,2.0,google/timesfm-2.0-500m-pytorch,simple_return,history,2026-04-29,-0.0003991720531409948
timesfm,2.0,google/timesfm-2.0-500m-pytorch,simple_return,history,2026-04-30,0.010238239941821936
timesfm,2.0,google/timesfm-2.0-500m-pytorch,simple_return,history,2026-05-01,0.002928328889657106
timesfm,2.0,google/timesfm-2.0-500m-pytorch,simple_return,history,2026-05-04,-0.004062189384334225
timesfm,2.0,google/timesfm-2.0-500m-pytorch,simple_return,history,2026-05-05,0.008120017337603702
timesfm,2.0,google/timesfm-2.0-500m-pytorch,simple_return,history,2026-05-06,0.014588330317794274
timesfm,2.0,google/timesfm-2.0-500m-pytorch,simple_return,history,2026-05-07,-0.003803095327784889
timesfm,2.0,google/timesfm-2.0-500m-pytorch,simple_return,history,2026-05-08,0.008425703533400997
timesfm,2.0,google/timesfm-2.0-500m-pytorch,simple_return,history,2026-05-11,0.0018799566475542484
timesfm,2.0,google/timesfm-2.0-500m-pytorch,simple_return,history,2026-05-12,-0.0016026088601545085
timesfm,2.0,google/timesfm-2.0-500m-pytorch,simple_return,history,2026-05-13,0.005849246488426552
timesfm,2.0,google/timesfm-2.0-500m-pytorch,simple_return,history,2026-05-14,0.007655604577358366
timesfm,2.0,google/timesfm-2.0-500m-pytorch,simple_return,history,2026-05-15,-0.012363320128051747
timesfm,2.0,google/timesfm-2.0-500m-pytorch,simple_return,history,2026-05-18,-0.0007356678561787344
timesfm,2.0,google/timesfm-2.0-500m-pytorch,simple_return,history,2026-05-19,-0.006678320788135905
timesfm,2.0,google/timesfm-2.0-500m-pytorch,simple_return,history,2026-05-20,0.010792026370445518
timesfm,2.0,google/timesfm-2.0-500m-pytorch,simple_return,history,2026-05-21,0.0017153304306989359
timesfm,2.0,google/timesfm-2.0-500m-pytorch,simple_return,history,2026-05-22,0.0037269732409066503
timesfm,2.0,google/timesfm-2.0-500m-pytorch,simple_return,history,2026-05-26,0.006108260424063872
timesfm,2.0,google/timesfm-2.0-500m-pytorch,simple_return,history,2026-05-27,0.00016487914469087706
timesfm,2.0,google/timesfm-2.0-500m-pytorch,simple_return,history,2026-05-28,0.005753716619668614
timesfm,2.0,google/timesfm-2.0-500m-pytorch,simple_return,history,2026-05-29,0.002172260678511728
timesfm,2.0,google/timesfm-2.0-500m-pytorch,simple_return,history,2026-06-01,0.0026252961308912415
timesfm,2.0,google/timesfm-2.0-500m-pytorch,simple_return,history,2026-06-02,0.0012920889411551784
timesfm,2.0,google/timesfm-2.0-500m-pytorch,simple_return,history,2026-06-03,-0.007372041104846239
timesfm,2.0,google/timesfm-2.0-500m-pytorch,simple_return,history,2026-06-04,0.004054961568363158
timesfm,2.0,google/timesfm-2.0-500m-pytorch,simple_return,history,2026-06-05,-0.026445361894386843
timesfm,2.0,google/timesfm-2.0-500m-pytorch,simple_return,history,2026-06-08,0.0029781310549599205
timesfm,2.0,google/timesfm-2.0-500m-pytorch,simple_return,history,2026-06-09,-0.0025763939780845124
timesfm,2.0,google/timesfm-2.0-500m-pytorch,simple_return,history,2026-06-10,-0.016199450298948426
timesfm,2.0,google/timesfm-2.0-500m-pytorch,simple_return,history,2026-06-11,0.017518885564244746
timesfm,2.0,google/timesfm-2.0-500m-pytorch,simple_return,history,2026-06-12,0.0050255138730570525
timesfm,2.0,google/timesfm-2.0-500m-pytorch,simple_return,history,2026-06-15,0.016528391294663436
timesfm,2.0,google/timesfm-2.0-500m-pytorch,simple_return,history,2026-06-16,-0.005684179609759754
timesfm,2.0,google/timesfm-2.0-500m-pytorch,simple_return,history,2026-06-17,-0.012148282108228825
timesfm,2.0,google/timesfm-2.0-500m-pytorch,simple_return,history,2026-06-18,0.010846212235623431
timesfm,2.0,google/timesfm-2.0-500m-pytorch,simple_return,history,2026-06-22,-0.003705051979052687
timesfm,2.0,google/timesfm-2.0-500m-pytorch,simple_return,history,2026-06-23,-0.014362785193208105
timesfm,2.0,google/timesfm-2.0-500m-pytorch,simple_return,history,2026-06-24,-0.0009829319733113406
timesfm,2.0,google/timesfm-2.0-500m-pytorch,simple_return,history,2026-06-25,-9.92061187945481e-05
timesfm,2.0,google/timesfm-2.0-500m-pytorch,simple_return,history,2026-06-26,-0.00047165741757115853
timesfm,2.0,google/timesfm-2.0-500m-pytorch,simple_return,history,2026-06-29,0.011750057250389023
timesfm,2.0,google/timesfm-2.0-500m-pytorch,simple_return,history,2026-06-30,0.007920198981480553
timesfm,2.0,google/timesfm-2.0-500m-pytorch,simple_return,history,2026-07-01,-0.0021508346187620875
timesfm,2.0,google/timesfm-2.0-500m-pytorch,simple_return,history,2026-07-02,1.3702513856905796e-06
timesfm,2.0,google/timesfm-2.0-500m-pytorch,simple_return,history,2026-07-06,0.00724150765029874
timesfm,2.0,google/timesfm-2.0-500m-pytorch,simple_return,history,2026-07-07,-0.0044551096782159405
timesfm,2.0,google/timesfm-2.0-500m-pytorch,simple_return,history,2026-07-08,-0.002817238676629863
timesfm,2.0,google/timesfm-2.0-500m-pytorch,simple_return,history,2026-07-09,0.008142795337428232
timesfm,2.0,google/timesfm-2.0-500m-pytorch,simple_return,actual,2026-07-10,0.004208843399813977
timesfm,2.0,google/timesfm-2.0-500m-pytorch,simple_return,actual,2026-07-13,-0.007927023147980106
timesfm,2.0,google/timesfm-2.0-500m-pytorch,simple_return,actual,2026-07-14,0.0037589783811964317
timesfm,2.0,google/timesfm-2.0-500m-pytorch,simple_return,actual,2026-07-15,0.003819144358387927
timesfm,2.0,google/timesfm-2.0-500m-pytorch,simple_return,actual,2026-07-16,-0.005101405539945647
timesfm,2.0,google/timesfm-2.0-500m-pytorch,simple_return,actual,2026-07-17,-0.010098540030789804
timesfm,2.0,google/timesfm-2.0-500m-pytorch,simple_return,actual,2026-07-20,-0.0019322546744660052
timesfm,2.0,google/timesfm-2.0-500m-pytorch,simple_return,actual,2026-07-21,0.008856366018608064
timesfm,2.0,google/timesfm-2.0-500m-pytorch,simple_return,actual,2026-07-22,-0.0013636917526039793
timesfm,2.0,google/timesfm-2.0-500m-pytorch,simple_return,actual,2026-07-23,-0.012089697334330851
timesfm,2.0,google/timesfm-2.0-500m-pytorch,simple_return,actual,2026-07-24,0.0004967638835191579
timesfm,2.0,google/timesfm-2.0-500m-pytorch,simple_return,actual,2026-07-27,0.0001619264104413265
timesfm,2.0,google/timesfm-2.0-500m-pytorch,simple_return,actual,2026-07-28,0.002104307328987254
timesfm,2.0,google/timesfm-2.0-500m-pytorch,simple_return,actual,2026-07-29,-0.015161289750108109
timesfm,2.0,google/timesfm-2.0-500m-pytorch,simple_return,actual,2026-07-30,0.016604359135647728
timesfm,2.0,google/timesfm-2.0-500m-pytorch,simple_return,actual,2026-07-31,0.00700361981598796
timesfm,2.0,google/timesfm-2.0-500m-pytorch,simple_return,actual,2026-08-03,0.01479091100582064
timesfm,2.0,google/timesfm-2.0-500m-pytorch,simple_return,actual,2026-08-04,0.01789619360979544
timesfm,2.0,google/timesfm-2.0-500m-pytorch,simple_return,actual,2026-08-05,-0.0016764921193257454
timesfm,2.0,google/timesfm-2.0-500m-pytorch,simple_return,actual,2026-08-06,-0.0017595333873230423
timesfm,2.0,google/timesfm-2.0-500m-pytorch,simple_return,actual,2026-08-07,0.006184231308959065
timesfm,2.0,google/timesfm-2.0-500m-pytorch,simple_return,naive,2026-07-10,0.008142795337428232
timesfm,2.0,google/timesfm-2.0-500m-pytorch,simple_return,naive,2026-07-13,0.008142795337428232
timesfm,2.0,google/timesfm-2.0-500m-pytorch,simple_return,naive,2026-07-14,0.008142795337428232
timesfm,2.0,google/timesfm-2.0-500m-pytorch,simple_return,naive,2026-07-15,0.008142795337428232
timesfm,2.0,google/timesfm-2.0-500m-pytorch,simple_return,naive,2026-07-16,0.008142795337428232
timesfm,2.0,google/timesfm-2.0-500m-pytorch,simple_return,naive,2026-07-17,0.008142795337428232
timesfm,2.0,google/timesfm-2.0-500m-pytorch,simple_return,naive,2026-07-20,0.008142795337428232
timesfm,2.0,google/timesfm-2.0-500m-pytorch,simple_return,naive,2026-07-21,0.008142795337428232
timesfm,2.0,google/timesfm-2.0-500m-pytorch,simple_return,naive,2026-07-22,0.008142795337428232
timesfm,2.0,google/timesfm-2.0-500m-pytorch,simple_return,naive,2026-07-23,0.008142795337428232
timesfm,2.0,google/timesfm-2.0-500m-pytorch,simple_return,naive,2026-07-24,0.008142795337428232
timesfm,2.0,google/timesfm-2.0-500m-pytorch,simple_return,naive,2026-07-27,0.008142795337428232
timesfm,2.0,google/timesfm-2.0-500m-pytorch,simple_return,naive,2026-07-28,0.008142795337428232
timesfm,2.0,google/timesfm-2.0-500m-pytorch,simple_return,naive,2026-07-29,0.008142795337428232
timesfm,2.0,google/timesfm-2.0-500m-pytorch,simple_return,naive,2026-07-30,0.008142795337428232
timesfm,2.0,google/timesfm-2.0-500m-pytorch,simple_return,naive,2026-07-31,0.008142795337428232
timesfm,2.0,google/timesfm-2.0-500m-pytorch,simple_return,naive,2026-08-03,0.008142795337428232
timesfm,2.0,google/timesfm-2.0-500m-pytorch,simple_return,naive,2026-08-04,0.008142795337428232
timesfm,2.0,google/timesfm-2.0-500m-pytorch,simple_return,naive,2026-08-05,0.008142795337428232
timesfm,2.0,google/timesfm-2.0-500m-pytorch,simple_return,naive,2026-08-06,0.008142795337428232
timesfm,2.0,google/timesfm-2.0-500m-pytorch,simple_return,naive,2026-08-07,0.008142795337428232
timesfm,2.0,google/timesfm-2.0-500m-pytorch,simple_return,forecast,2026-07-10,0.0012625156668946147
timesfm,2.0,google/timesfm-2.0-500m-pytorch,simple_return,forecast,2026-07-13,0.0012933813268318772
timesfm,2.0,google/timesfm-2.0-500m-pytorch,simple_return,forecast,2026-07-14,0.0011422185925766826
timesfm,2.0,google/timesfm-2.0-500m-pytorch,simple_return,forecast,2026-07-15,0.0011991487117484212
timesfm,2.0,google/timesfm-2.0-500m-pytorch,simple_return,forecast,2026-07-16,0.0012851405190303922
timesfm,2.0,google/timesfm-2.0-500m-pytorch,simple_return,forecast,2026-07-17,0.0010172215988859534
timesfm,2.0,google/timesfm-2.0-500m-pytorch,simple_return,forecast,2026-07-20,0.0010972103336825967
timesfm,2.0,google/timesfm-2.0-500m-pytorch,simple_return,forecast,2026-07-21,0.0010516442125663161
timesfm,2.0,google/timesfm-2.0-500m-pytorch,simple_return,forecast,2026-07-22,0.0012281708186492324
timesfm,2.0,google/timesfm-2.0-500m-pytorch,simple_return,forecast,2026-07-23,0.0011161923175677657
timesfm,2.0,google/timesfm-2.0-500m-pytorch,simple_return,forecast,2026-07-24,0.0009328204905614257
timesfm,2.0,google/timesfm-2.0-500m-pytorch,simple_return,forecast,2026-07-27,0.0011175944237038493
timesfm,2.0,google/timesfm-2.0-500m-pytorch,simple_return,forecast,2026-07-28,0.0011762987123802304
timesfm,2.0,google/timesfm-2.0-500m-pytorch,simple_return,forecast,2026-07-29,0.001311143976636231
timesfm,2.0,google/timesfm-2.0-500m-pytorch,simple_return,forecast,2026-07-30,0.0013082976220175624
timesfm,2.0,google/timesfm-2.0-500m-pytorch,simple_return,forecast,2026-07-31,0.00155154790263623
timesfm,2.0,google/timesfm-2.0-500m-pytorch,simple_return,forecast,2026-08-03,0.0017940959660336375
timesfm,2.0,google/timesfm-2.0-500m-pytorch,simple_return,forecast,2026-08-04,0.0015046595362946391
timesfm,2.0,google/timesfm-2.0-500m-pytorch,simple_return,forecast,2026-08-05,0.0015857609687373042
timesfm,2.0,google/timesfm-2.0-500m-pytorch,simple_return,forecast,2026-08-06,0.0012087266659364104
timesfm,2.0,google/timesfm-2.0-500m-pytorch,simple_return,forecast,2026-08-07,0.0013531079748645425
timesfm,2.0,google/timesfm-2.0-500m-pytorch,log_return,history,2024-06-24,-0.0030698791558664423
timesfm,2.0,google/timesfm-2.0-500m-pytorch,log_return,history,2024-06-25,0.003925873679181344
timesfm,2.0,google/timesfm-2.0-500m-pytorch,log_return,history,2024-06-26,0.0015711962247204525
timesfm,2.0,google/timesfm-2.0-500m-pytorch,log_return,history,2024-06-27,0.0009069098567990731
timesfm,2.0,google/timesfm-2.0-500m-pytorch,log_return,history,2024-06-28,-0.0040920134623695995
timesfm,2.0,google/timesfm-2.0-500m-pytorch,log_return,history,2024-07-01,0.0026719909814295235
timesfm,2.0,google/timesfm-2.0-500m-pytorch,log_return,history,2024-07-02,0.0061762057711850496
timesfm,2.0,google/timesfm-2.0-500m-pytorch,log_return,history,2024-07-03,0.0050715622695336636
timesfm,2.0,google/timesfm-2.0-500m-pytorch,log_return,history,2024-07-05,0.00543397436096954
timesfm,2.0,google/timesfm-2.0-500m-pytorch,log_return,history,2024-07-08,0.0010161824764044329
timesfm,2.0,google/timesfm-2.0-500m-pytorch,log_return,history,2024-07-09,0.0007407974780654752
timesfm,2.0,google/timesfm-2.0-500m-pytorch,log_return,history,2024-07-10,0.010156314878105886
timesfm,2.0,google/timesfm-2.0-500m-pytorch,log_return,history,2024-07-11,-0.008801649969266724
timesfm,2.0,google/timesfm-2.0-500m-pytorch,log_return,history,2024-07-12,0.00550186402496512
timesfm,2.0,google/timesfm-2.0-500m-pytorch,log_return,history,2024-07-15,0.0028222164233526843
timesfm,2.0,google/timesfm-2.0-500m-pytorch,log_return,history,2024-07-16,0.0063690499714532745
timesfm,2.0,google/timesfm-2.0-500m-pytorch,log_return,history,2024-07-17,-0.014025441523645543
timesfm,2.0,google/timesfm-2.0-500m-pytorch,log_return,history,2024-07-18,-0.007847112145350072
timesfm,2.0,google/timesfm-2.0-500m-pytorch,log_return,history,2024-07-19,-0.007165879226406084
timesfm,2.0,google/timesfm-2.0-500m-pytorch,log_return,history,2024-07-22,0.010734217246220293
timesfm,2.0,google/timesfm-2.0-500m-pytorch,log_return,history,2024-07-23,-0.0015593176939461904
timesfm,2.0,google/timesfm-2.0-500m-pytorch,log_return,history,2024-07-24,-0.02342124222289286
timesfm,2.0,google/timesfm-2.0-500m-pytorch,log_return,history,2024-07-25,-0.005155889019717259
timesfm,2.0,google/timesfm-2.0-500m-pytorch,log_return,history,2024-07-26,0.011029420409570924
timesfm,2.0,google/timesfm-2.0-500m-pytorch,log_return,history,2024-07-29,0.0008129795718284517
timesfm,2.0,google/timesfm-2.0-500m-pytorch,log_return,history,2024-07-30,-0.0049725143613676215
timesfm,2.0,google/timesfm-2.0-500m-pytorch,log_return,history,2024-07-31,0.015669980701917767
timesfm,2.0,google/timesfm-2.0-500m-pytorch,log_return,history,2024-08-01,-0.013788123791990166
timesfm,2.0,google/timesfm-2.0-500m-pytorch,log_return,history,2024-08-02,-0.01855290660855327
timesfm,2.0,google/timesfm-2.0-500m-pytorch,log_return,history,2024-08-05,-0.0304270413923931
timesfm,2.0,google/timesfm-2.0-500m-pytorch,log_return,history,2024-08-06,0.010300849493599515
timesfm,2.0,google/timesfm-2.0-500m-pytorch,log_return,history,2024-08-07,-0.007764715388769489
timesfm,2.0,google/timesfm-2.0-500m-pytorch,log_return,history,2024-08-08,0.02278113959089888
timesfm,2.0,google/timesfm-2.0-500m-pytorch,log_return,history,2024-08-09,0.004660798434381699
timesfm,2.0,google/timesfm-2.0-500m-pytorch,log_return,history,2024-08-12,4.30330517200971e-05
timesfm,2.0,google/timesfm-2.0-500m-pytorch,log_return,history,2024-08-13,0.016707233419049988
timesfm,2.0,google/timesfm-2.0-500m-pytorch,log_return,history,2024-08-14,0.00381643656119841
timesfm,2.0,google/timesfm-2.0-500m-pytorch,log_return,history,2024-08-15,0.01600448993130413
timesfm,2.0,google/timesfm-2.0-500m-pytorch,log_return,history,2024-08-16,0.0019878023683961516
timesfm,2.0,google/timesfm-2.0-500m-pytorch,log_return,history,2024-08-19,0.009675327436177775
timesfm,2.0,google/timesfm-2.0-500m-pytorch,log_return,history,2024-08-20,-0.001986527237609709
timesfm,2.0,google/timesfm-2.0-500m-pytorch,log_return,history,2024-08-21,0.004230714721006796
timesfm,2.0,google/timesfm-2.0-500m-pytorch,log_return,history,2024-08-22,-0.00897294225665722
timesfm,2.0,google/timesfm-2.0-500m-pytorch,log_return,history,2024-08-23,0.01141793740166443
timesfm,2.0,google/timesfm-2.0-500m-pytorch,log_return,history,2024-08-26,-0.003158710169605814
timesfm,2.0,google/timesfm-2.0-500m-pytorch,log_return,history,2024-08-27,0.0015939251127232035
timesfm,2.0,google/timesfm-2.0-500m-pytorch,log_return,history,2024-08-28,-0.005993900794735211
timesfm,2.0,google/timesfm-2.0-500m-pytorch,log_return,history,2024-08-29,-3.937984343658622e-05
timesfm,2.0,google/timesfm-2.0-500m-pytorch,log_return,history,2024-08-30,0.010042457079144168
timesfm,2.0,google/timesfm-2.0-500m-pytorch,log_return,history,2024-09-03,-0.021377963372397696
timesfm,2.0,google/timesfm-2.0-500m-pytorch,log_return,history,2024-09-04,-0.0016038290273809634
timesfm,2.0,google/timesfm-2.0-500m-pytorch,log_return,history,2024-09-05,-0.003022581014674196
timesfm,2.0,google/timesfm-2.0-500m-pytorch,log_return,history,2024-09-06,-0.017410944507424406
timesfm,2.0,google/timesfm-2.0-500m-pytorch,log_return,history,2024-09-09,0.011513534435818254
timesfm,2.0,google/timesfm-2.0-500m-pytorch,log_return,history,2024-09-10,0.004462699977793541
timesfm,2.0,google/timesfm-2.0-500m-pytorch,log_return,history,2024-09-11,0.01060855564984334
timesfm,2.0,google/timesfm-2.0-500m-pytorch,log_return,history,2024-09-12,0.00746735215680267
timesfm,2.0,google/timesfm-2.0-500m-pytorch,log_return,history,2024-09-13,0.0053931422343560355
timesfm,2.0,google/timesfm-2.0-500m-pytorch,log_return,history,2024-09-16,0.0012558408673102855
timesfm,2.0,google/timesfm-2.0-500m-pytorch,log_return,history,2024-09-17,0.00026451509389645083
timesfm,2.0,google/timesfm-2.0-500m-pytorch,log_return,history,2024-09-18,-0.0029006587083132912
timesfm,2.0,google/timesfm-2.0-500m-pytorch,log_return,history,2024-09-19,0.016834356892725128
timesfm,2.0,google/timesfm-2.0-500m-pytorch,log_return,history,2024-09-20,-0.0019429136300157341
timesfm,2.0,google/timesfm-2.0-500m-pytorch,log_return,history,2024-09-23,0.0028053344257131223
timesfm,2.0,google/timesfm-2.0-500m-pytorch,log_return,history,2024-09-24,0.002508031103345345
timesfm,2.0,google/timesfm-2.0-500m-pytorch,log_return,history,2024-09-25,-0.001862983206212128
timesfm,2.0,google/timesfm-2.0-500m-pytorch,log_return,history,2024-09-26,0.004030542158199222
timesfm,2.0,google/timesfm-2.0-500m-pytorch,log_return,history,2024-09-27,-0.0012540029000721238
timesfm,2.0,google/timesfm-2.0-500m-pytorch,log_return,history,2024-09-30,0.004227603658441509
timesfm,2.0,google/timesfm-2.0-500m-pytorch,log_return,history,2024-10-01,-0.009367848694454447
timesfm,2.0,google/timesfm-2.0-500m-pytorch,log_return,history,2024-10-02,0.00013838132698647728
timesfm,2.0,google/timesfm-2.0-500m-pytorch,log_return,history,2024-10-03,-0.0016828286544586894
timesfm,2.0,google/timesfm-2.0-500m-pytorch,log_return,history,2024-10-04,0.008930255699186382
timesfm,2.0,google/timesfm-2.0-500m-pytorch,log_return,history,2024-10-07,-0.009632263829388773
timesfm,2.0,google/timesfm-2.0-500m-pytorch,log_return,history,2024-10-08,0.009642706804694385
timesfm,2.0,google/timesfm-2.0-500m-pytorch,log_return,history,2024-10-09,0.007088231016994585
timesfm,2.0,google/timesfm-2.0-500m-pytorch,log_return,history,2024-10-10,-0.0020722685059824846
timesfm,2.0,google/timesfm-2.0-500m-pytorch,log_return,history,2024-10-11,0.00603360870729872
timesfm,2.0,google/timesfm-2.0-500m-pytorch,log_return,history,2024-10-14,0.007678114574594323
timesfm,2.0,google/timesfm-2.0-500m-pytorch,log_return,history,2024-10-15,-0.0076385660375134215
timesfm,2.0,google/timesfm-2.0-500m-pytorch,log_return,history,2024-10-16,0.004668232782779766
timesfm,2.0,google/timesfm-2.0-500m-pytorch,log_return,history,2024-10-17,-0.00017117512853816633
timesfm,2.0,google/timesfm-2.0-500m-pytorch,log_return,history,2024-10-18,0.003963686942774387
timesfm,2.0,google/timesfm-2.0-500m-pytorch,log_return,history,2024-10-21,-0.001824432756419033
timesfm,2.0,google/timesfm-2.0-500m-pytorch,log_return,history,2024-10-22,-0.0004749666671957937
timesfm,2.0,google/timesfm-2.0-500m-pytorch,log_return,history,2024-10-23,-0.009233824267679564
timesfm,2.0,google/timesfm-2.0-500m-pytorch,log_return,history,2024-10-24,0.0021434731305568283
timesfm,2.0,google/timesfm-2.0-500m-pytorch,log_return,history,2024-10-25,-0.00029949201318627087
timesfm,2.0,google/timesfm-2.0-500m-pytorch,log_return,history,2024-10-28,0.002647934626732945
timesfm,2.0,google/timesfm-2.0-500m-pytorch,log_return,history,2024-10-29,0.0016128259449012198
timesfm,2.0,google/timesfm-2.0-500m-pytorch,log_return,history,2024-10-30,-0.0033056916724881185
timesfm,2.0,google/timesfm-2.0-500m-pytorch,log_return,history,2024-10-31,-0.018790134928745348
timesfm,2.0,google/timesfm-2.0-500m-pytorch,log_return,history,2024-11-01,0.004084158004525459
timesfm,2.0,google/timesfm-2.0-500m-pytorch,log_return,history,2024-11-04,-0.0028160448131902913
timesfm,2.0,google/timesfm-2.0-500m-pytorch,log_return,history,2024-11-05,0.012191031029563081
timesfm,2.0,google/timesfm-2.0-500m-pytorch,log_return,history,2024-11-06,0.024981280957186654
timesfm,2.0,google/timesfm-2.0-500m-pytorch,log_return,history,2024-11-07,0.007403754173995657
timesfm,2.0,google/timesfm-2.0-500m-pytorch,log_return,history,2024-11-08,0.0037497940357180464
timesfm,2.0,google/timesfm-2.0-500m-pytorch,log_return,history,2024-11-11,0.0009685941909569238
timesfm,2.0,google/timesfm-2.0-500m-pytorch,log_return,history,2024-11-12,-0.0028968514769364996
timesfm,2.0,google/timesfm-2.0-500m-pytorch,log_return,history,2024-11-13,0.00023220076414018386
timesfm,2.0,google/timesfm-2.0-500m-pytorch,log_return,history,2024-11-14,-0.006068108582244
timesfm,2.0,google/timesfm-2.0-500m-pytorch,log_return,history,2024-11-15,-0.013291430866793769
timesfm,2.0,google/timesfm-2.0-500m-pytorch,log_return,history,2024-11-18,0.003910159746206537
timesfm,2.0,google/timesfm-2.0-500m-pytorch,log_return,history,2024-11-19,0.003955750520596487
timesfm,2.0,google/timesfm-2.0-500m-pytorch,log_return,history,2024-11-20,2.19506213354446e-05
timesfm,2.0,google/timesfm-2.0-500m-pytorch,log_return,history,2024-11-21,0.005326251844288491
timesfm,2.0,google/timesfm-2.0-500m-pytorch,log_return,history,2024-11-22,0.0034619595915364653
timesfm,2.0,google/timesfm-2.0-500m-pytorch,log_return,history,2024-11-25,0.0030159278201245415
timesfm,2.0,google/timesfm-2.0-500m-pytorch,log_return,history,2024-11-26,0.005705697155263866
timesfm,2.0,google/timesfm-2.0-500m-pytorch,log_return,history,2024-11-27,-0.003808481083577712
timesfm,2.0,google/timesfm-2.0-500m-pytorch,log_return,history,2024-11-29,0.005592120396801623
timesfm,2.0,google/timesfm-2.0-500m-pytorch,log_return,history,2024-12-02,0.0024454638805813736
timesfm,2.0,google/timesfm-2.0-500m-pytorch,log_return,history,2024-12-03,0.0004513472420221813
timesfm,2.0,google/timesfm-2.0-500m-pytorch,log_return,history,2024-12-04,0.00603318162813612
timesfm,2.0,google/timesfm-2.0-500m-pytorch,log_return,history,2024-12-05,-0.0018715258393823342
timesfm,2.0,google/timesfm-2.0-500m-pytorch,log_return,history,2024-12-06,0.0024923453675383123
timesfm,2.0,google/timesfm-2.0-500m-pytorch,log_return,history,2024-12-09,-0.006163167285227462
timesfm,2.0,google/timesfm-2.0-500m-pytorch,log_return,history,2024-12-10,-0.002968284314279252
timesfm,2.0,google/timesfm-2.0-500m-pytorch,log_return,history,2024-12-11,0.008132626411368235
timesfm,2.0,google/timesfm-2.0-500m-pytorch,log_return,history,2024-12-12,-0.005428731461463251
timesfm,2.0,google/timesfm-2.0-500m-pytorch,log_return,history,2024-12-13,-2.646698937187397e-05
timesfm,2.0,google/timesfm-2.0-500m-pytorch,log_return,history,2024-12-16,0.0037921550087844295
timesfm,2.0,google/timesfm-2.0-500m-pytorch,log_return,history,2024-12-17,-0.0038714794806554956
timesfm,2.0,google/timesfm-2.0-500m-pytorch,log_return,history,2024-12-18,-0.02993650530451818
timesfm,2.0,google/timesfm-2.0-500m-pytorch,log_return,history,2024-12-19,-0.0008654867505367934
timesfm,2.0,google/timesfm-2.0-500m-pytorch,log_return,history,2024-12-20,0.010810479402397299
timesfm,2.0,google/timesfm-2.0-500m-pytorch,log_return,history,2024-12-23,0.007260849585616372
timesfm,2.0,google/timesfm-2.0-500m-pytorch,log_return,history,2024-12-24,0.010982233165126825
timesfm,2.0,google/timesfm-2.0-500m-pytorch,log_return,history,2024-12-26,-0.0004057410882578191
timesfm,2.0,google/timesfm-2.0-500m-pytorch,log_return,history,2024-12-27,-0.01111730496491221
timesfm,2.0,google/timesfm-2.0-500m-pytorch,log_return,history,2024-12-30,-0.010759673941729728
timesfm,2.0,google/timesfm-2.0-500m-pytorch,log_return,history,2024-12-31,-0.0042940064589823065
timesfm,2.0,google/timesfm-2.0-500m-pytorch,log_return,history,2025-01-02,-0.002226363149448992
timesfm,2.0,google/timesfm-2.0-500m-pytorch,log_return,history,2025-01-03,0.01251735670782609
timesfm,2.0,google/timesfm-2.0-500m-pytorch,log_return,history,2025-01-06,0.005522766496818171
timesfm,2.0,google/timesfm-2.0-500m-pytorch,log_return,history,2025-01-07,-0.011166021516637011
timesfm,2.0,google/timesfm-2.0-500m-pytorch,log_return,history,2025-01-08,0.0015591440938312422
timesfm,2.0,google/timesfm-2.0-500m-pytorch,log_return,history,2025-01-10,-0.015531637650233373
timesfm,2.0,google/timesfm-2.0-500m-pytorch,log_return,history,2025-01-13,0.0015742043780551176
timesfm,2.0,google/timesfm-2.0-500m-pytorch,log_return,history,2025-01-14,0.001145623334164268
timesfm,2.0,google/timesfm-2.0-500m-pytorch,log_return,history,2025-01-15,0.018147132504516373
timesfm,2.0,google/timesfm-2.0-500m-pytorch,log_return,history,2025-01-16,-0.0021149243408667613
timesfm,2.0,google/timesfm-2.0-500m-pytorch,log_return,history,2025-01-17,0.009941478308394033
timesfm,2.0,google/timesfm-2.0-500m-pytorch,log_return,history,2025-01-21,0.00873000944059605
timesfm,2.0,google/timesfm-2.0-500m-pytorch,log_return,history,2025-01-22,0.00611918108699413
timesfm,2.0,google/timesfm-2.0-500m-pytorch,log_return,history,2025-01-23,0.005299419459529372
timesfm,2.0,google/timesfm-2.0-500m-pytorch,log_return,history,2025-01-24,-0.002859215984467759
timesfm,2.0,google/timesfm-2.0-500m-pytorch,log_return,history,2025-01-27,-0.014688059032112328
timesfm,2.0,google/timesfm-2.0-500m-pytorch,log_return,history,2025-01-28,0.009175644177716802
timesfm,2.0,google/timesfm-2.0-500m-pytorch,log_return,history,2025-01-29,-0.004689876056919602
timesfm,2.0,google/timesfm-2.0-500m-pytorch,log_return,history,2025-01-30,0.005261548152180238
timesfm,2.0,google/timesfm-2.0-500m-pytorch,log_return,history,2025-01-31,-0.005059603990267195
timesfm,2.0,google/timesfm-2.0-500m-pytorch,log_return,history,2025-02-03,-0.007637690729495203
timesfm,2.0,google/timesfm-2.0-500m-pytorch,log_return,history,2025-02-04,0.007198907403029114
timesfm,2.0,google/timesfm-2.0-500m-pytorch,log_return,history,2025-02-05,0.003901053915613614
timesfm,2.0,google/timesfm-2.0-500m-pytorch,log_return,history,2025-02-06,0.003637674355266266
timesfm,2.0,google/timesfm-2.0-500m-pytorch,log_return,history,2025-02-07,-0.0095098456936602
timesfm,2.0,google/timesfm-2.0-500m-pytorch,log_return,history,2025-02-10,0.006690112295455172
timesfm,2.0,google/timesfm-2.0-500m-pytorch,log_return,history,2025-02-11,0.00033952514367385523
timesfm,2.0,google/timesfm-2.0-500m-pytorch,log_return,history,2025-02-12,-0.0027275831896475754
timesfm,2.0,google/timesfm-2.0-500m-pytorch,log_return,history,2025-02-13,0.010372313214235747
timesfm,2.0,google/timesfm-2.0-500m-pytorch,log_return,history,2025-02-14,-7.19463955744955e-05
timesfm,2.0,google/timesfm-2.0-500m-pytorch,log_return,history,2025-02-18,0.002442003655551809
timesfm,2.0,google/timesfm-2.0-500m-pytorch,log_return,history,2025-02-19,0.0023741488668242434
timesfm,2.0,google/timesfm-2.0-500m-pytorch,log_return,history,2025-02-20,-0.004343604884290259
timesfm,2.0,google/timesfm-2.0-500m-pytorch,log_return,history,2025-02-21,-0.017211396672539132
timesfm,2.0,google/timesfm-2.0-500m-pytorch,log_return,history,2025-02-24,-0.004981493566252351
timesfm,2.0,google/timesfm-2.0-500m-pytorch,log_return,history,2025-02-25,-0.004690715138395557
timesfm,2.0,google/timesfm-2.0-500m-pytorch,log_return,history,2025-02-26,0.00013601502958346571
timesfm,2.0,google/timesfm-2.0-500m-pytorch,log_return,history,2025-02-27,-0.015991742678524653
timesfm,2.0,google/timesfm-2.0-500m-pytorch,log_return,history,2025-02-28,0.015729780420663385
timesfm,2.0,google/timesfm-2.0-500m-pytorch,log_return,history,2025-03-03,-0.017753402648308866
timesfm,2.0,google/timesfm-2.0-500m-pytorch,log_return,history,2025-03-04,-0.012310288231505477
timesfm,2.0,google/timesfm-2.0-500m-pytorch,log_return,history,2025-03-05,0.011097472528735688
timesfm,2.0,google/timesfm-2.0-500m-pytorch,log_return,history,2025-03-06,-0.017979677107455568
timesfm,2.0,google/timesfm-2.0-500m-pytorch,log_return,history,2025-03-07,0.005505435045454467
timesfm,2.0,google/timesfm-2.0-500m-pytorch,log_return,history,2025-03-10,-0.027343541788428148
timesfm,2.0,google/timesfm-2.0-500m-pytorch,log_return,history,2025-03-11,-0.007596646918536578
timesfm,2.0,google/timesfm-2.0-500m-pytorch,log_return,history,2025-03-12,0.004874967940490777
timesfm,2.0,google/timesfm-2.0-500m-pytorch,log_return,history,2025-03-13,-0.013988366806464148
timesfm,2.0,google/timesfm-2.0-500m-pytorch,log_return,history,2025-03-14,0.02104290595319694
timesfm,2.0,google/timesfm-2.0-500m-pytorch,log_return,history,2025-03-17,0.006395634974606036
timesfm,2.0,google/timesfm-2.0-500m-pytorch,log_return,history,2025-03-18,-0.010710667074319702
timesfm,2.0,google/timesfm-2.0-500m-pytorch,log_return,history,2025-03-19,0.010740608172953766
timesfm,2.0,google/timesfm-2.0-500m-pytorch,log_return,history,2025-03-20,-0.002187283513782985
timesfm,2.0,google/timesfm-2.0-500m-pytorch,log_return,history,2025-03-21,0.0008243136078323211
timesfm,2.0,google/timesfm-2.0-500m-pytorch,log_return,history,2025-03-24,0.01749211712863917
timesfm,2.0,google/timesfm-2.0-500m-pytorch,log_return,history,2025-03-25,0.0015730954906538206
timesfm,2.0,google/timesfm-2.0-500m-pytorch,log_return,history,2025-03-26,-0.011219640357598032
timesfm,2.0,google/timesfm-2.0-500m-pytorch,log_return,history,2025-03-27,-0.0033124610071321114
timesfm,2.0,google/timesfm-2.0-500m-pytorch,log_return,history,2025-03-28,-0.019934601126853548
timesfm,2.0,google/timesfm-2.0-500m-pytorch,log_return,history,2025-03-31,0.005523240357645722
timesfm,2.0,google/timesfm-2.0-500m-pytorch,log_return,history,2025-04-01,0.0037741045552120668
timesfm,2.0,google/timesfm-2.0-500m-pytorch,log_return,history,2025-04-02,0.006705661429484109
timesfm,2.0,google/timesfm-2.0-500m-pytorch,log_return,history,2025-04-03,-0.04960591182899663
timesfm,2.0,google/timesfm-2.0-500m-pytorch,log_return,history,2025-04-04,-0.061609061898230934
timesfm,2.0,google/timesfm-2.0-500m-pytorch,log_return,history,2025-04-07,-0.0023341946059635883
timesfm,2.0,google/timesfm-2.0-500m-pytorch,log_return,history,2025-04-08,-0.015825083277054855
timesfm,2.0,google/timesfm-2.0-500m-pytorch,log_return,history,2025-04-09,0.09089487983303646
timesfm,2.0,google/timesfm-2.0-500m-pytorch,log_return,history,2025-04-10,-0.03522060702411168
timesfm,2.0,google/timesfm-2.0-500m-pytorch,log_return,history,2025-04-11,0.01793038083577807
timesfm,2.0,google/timesfm-2.0-500m-pytorch,log_return,history,2025-04-14,0.007913319326342991
timesfm,2.0,google/timesfm-2.0-500m-pytorch,log_return,history,2025-04-15,-0.001729275225300909
timesfm,2.0,google/timesfm-2.0-500m-pytorch,log_return,history,2025-04-16,-0.022663253964902527
timesfm,2.0,google/timesfm-2.0-500m-pytorch,log_return,history,2025-04-17,0.0013259586237727749
timesfm,2.0,google/timesfm-2.0-500m-pytorch,log_return,history,2025-04-21,-0.02384964833401801
timesfm,2.0,google/timesfm-2.0-500m-pytorch,log_return,history,2025-04-22,0.02480695212545062
timesfm,2.0,google/timesfm-2.0-500m-pytorch,log_return,history,2025-04-23,0.016523864366879457
timesfm,2.0,google/timesfm-2.0-500m-pytorch,log_return,history,2025-04-24,0.020056628082583162
timesfm,2.0,google/timesfm-2.0-500m-pytorch,log_return,history,2025-04-25,0.0073460847957005125
timesfm,2.0,google/timesfm-2.0-500m-pytorch,log_return,history,2025-04-28,0.0006405015390019333
timesfm,2.0,google/timesfm-2.0-500m-pytorch,log_return,history,2025-04-29,0.005785641545556399
timesfm,2.0,google/timesfm-2.0-500m-pytorch,log_return,history,2025-04-30,0.0014788972519335208
timesfm,2.0,google/timesfm-2.0-500m-pytorch,log_return,history,2025-05-01,0.006279345716451974
timesfm,2.0,google/timesfm-2.0-500m-pytorch,log_return,history,2025-05-02,0.014619191109112719
timesfm,2.0,google/timesfm-2.0-500m-pytorch,log_return,history,2025-05-05,-0.006402047029318447
timesfm,2.0,google/timesfm-2.0-500m-pytorch,log_return,history,2025-05-06,-0.007722985278391797
timesfm,2.0,google/timesfm-2.0-500m-pytorch,log_return,history,2025-05-07,0.004336938106710132
timesfm,2.0,google/timesfm-2.0-500m-pytorch,log_return,history,2025-05-08,0.005783021147465641
timesfm,2.0,google/timesfm-2.0-500m-pytorch,log_return,history,2025-05-09,-0.0007117341348763632
timesfm,2.0,google/timesfm-2.0-500m-pytorch,log_return,history,2025-05-12,0.03203997667702081
timesfm,2.0,google/timesfm-2.0-500m-pytorch,log_return,history,2025-05-13,0.007222059020245977
timesfm,2.0,google/timesfm-2.0-500m-pytorch,log_return,history,2025-05-14,0.001023891242276054
timesfm,2.0,google/timesfm-2.0-500m-pytorch,log_return,history,2025-05-15,0.004123817438757677
timesfm,2.0,google/timesfm-2.0-500m-pytorch,log_return,history,2025-05-16,0.006980849368100189
timesfm,2.0,google/timesfm-2.0-500m-pytorch,log_return,history,2025-05-19,0.0008757295660482738
timesfm,2.0,google/timesfm-2.0-500m-pytorch,log_return,history,2025-05-20,-0.0038877770695725784
timesfm,2.0,google/timesfm-2.0-500m-pytorch,log_return,history,2025-05-21,-0.016266719267758897
timesfm,2.0,google/timesfm-2.0-500m-pytorch,log_return,history,2025-05-22,-0.0004449700224211693
timesfm,2.0,google/timesfm-2.0-500m-pytorch,log_return,history,2025-05-23,-0.006730899591473139
timesfm,2.0,google/timesfm-2.0-500m-pytorch,log_return,history,2025-05-27,0.02025258080218437
timesfm,2.0,google/timesfm-2.0-500m-pytorch,log_return,history,2025-05-28,-0.005586802576444734
timesfm,2.0,google/timesfm-2.0-500m-pytorch,log_return,history,2025-05-29,0.0040031708706317415
timesfm,2.0,google/timesfm-2.0-500m-pytorch,log_return,history,2025-05-30,-8.118845699520562e-05
timesfm,2.0,google/timesfm-2.0-500m-pytorch,log_return,history,2025-06-02,0.004093651490626028
timesfm,2.0,google/timesfm-2.0-500m-pytorch,log_return,history,2025-06-03,0.005783533535368979
timesfm,2.0,google/timesfm-2.0-500m-pytorch,log_return,history,2025-06-04,7.368474471916267e-05
timesfm,2.0,google/timesfm-2.0-500m-pytorch,log_return,history,2025-06-05,-0.005291357978698112
timesfm,2.0,google/timesfm-2.0-500m-pytorch,log_return,history,2025-06-06,0.010228196215376713
timesfm,2.0,google/timesfm-2.0-500m-pytorch,log_return,history,2025-06-09,0.0009195251863913659
timesfm,2.0,google/timesfm-2.0-500m-pytorch,log_return,history,2025-06-10,0.005468012541646841
timesfm,2.0,google/timesfm-2.0-500m-pytorch,log_return,history,2025-06-11,-0.002747660318287345
timesfm,2.0,google/timesfm-2.0-500m-pytorch,log_return,history,2025-06-12,0.0038151330716763875
timesfm,2.0,google/timesfm-2.0-500m-pytorch,log_return,history,2025-06-13,-0.01136066859010289
timesfm,2.0,google/timesfm-2.0-500m-pytorch,log_return,history,2025-06-16,0.0093488231481891
timesfm,2.0,google/timesfm-2.0-500m-pytorch,log_return,history,2025-06-17,-0.008387259723643134
timesfm,2.0,google/timesfm-2.0-500m-pytorch,log_return,history,2025-06-18,-0.00030928803472058796
timesfm,2.0,google/timesfm-2.0-500m-pytorch,log_return,history,2025-06-20,-0.002181035215587759
timesfm,2.0,google/timesfm-2.0-500m-pytorch,log_return,history,2025-06-23,0.009560655071259439
timesfm,2.0,google/timesfm-2.0-500m-pytorch,log_return,history,2025-06-24,0.011060328616958607
timesfm,2.0,google/timesfm-2.0-500m-pytorch,log_return,history,2025-06-25,-3.286108349665331e-06
timesfm,2.0,google/timesfm-2.0-500m-pytorch,log_return,history,2025-06-26,0.007988131032516797
timesfm,2.0,google/timesfm-2.0-500m-pytorch,log_return,history,2025-06-27,0.005205399256150098
timesfm,2.0,google/timesfm-2.0-500m-pytorch,log_return,history,2025-06-30,0.005151137506128882
timesfm,2.0,google/timesfm-2.0-500m-pytorch,log_return,history,2025-07-01,-0.0011191571098791433
timesfm,2.0,google/timesfm-2.0-500m-pytorch,log_return,history,2025-07-02,0.0047338743064907745
timesfm,2.0,google/timesfm-2.0-500m-pytorch,log_return,history,2025-07-03,0.00830437821066394
timesfm,2.0,google/timesfm-2.0-500m-pytorch,log_return,history,2025-07-07,-0.007893368104244017
timesfm,2.0,google/timesfm-2.0-500m-pytorch,log_return,history,2025-07-08,-0.0007161432504695748
timesfm,2.0,google/timesfm-2.0-500m-pytorch,log_return,history,2025-07-09,0.00604380277677969
timesfm,2.0,google/timesfm-2.0-500m-pytorch,log_return,history,2025-07-10,0.0027424410729257912
timesfm,2.0,google/timesfm-2.0-500m-pytorch,log_return,history,2025-07-11,-0.0033029717732258423
timesfm,2.0,google/timesfm-2.0-500m-pytorch,log_return,history,2025-07-14,0.0014064243309367943
timesfm,2.0,google/timesfm-2.0-500m-pytorch,log_return,history,2025-07-15,-0.003964145065672561
timesfm,2.0,google/timesfm-2.0-500m-pytorch,log_return,history,2025-07-16,0.0031885685253844154
timesfm,2.0,google/timesfm-2.0-500m-pytorch,log_return,history,2025-07-17,0.005359380240011013
timesfm,2.0,google/timesfm-2.0-500m-pytorch,log_return,history,2025-07-18,-9.049030280841674e-05
timesfm,2.0,google/timesfm-2.0-500m-pytorch,log_return,history,2025-07-21,0.001398157005673256
timesfm,2.0,google/timesfm-2.0-500m-pytorch,log_return,history,2025-07-22,0.0006373284966667569
timesfm,2.0,google/timesfm-2.0-500m-pytorch,log_return,history,2025-07-23,0.007781532145702873
timesfm,2.0,google/timesfm-2.0-500m-pytorch,log_return,history,2025-07-24,0.0006979799969332514
timesfm,2.0,google/timesfm-2.0-500m-pytorch,log_return,history,2025-07-25,0.003966451001680552
timesfm,2.0,google/timesfm-2.0-500m-pytorch,log_return,history,2025-07-28,0.00017684247126657597
timesfm,2.0,google/timesfm-2.0-500m-pytorch,log_return,history,2025-07-29,-0.002963830197466829
timesfm,2.0,google/timesfm-2.0-500m-pytorch,log_return,history,2025-07-30,-0.0012502139385094711
timesfm,2.0,google/timesfm-2.0-500m-pytorch,log_return,history,2025-07-31,-0.003701662046374567
timesfm,2.0,google/timesfm-2.0-500m-pytorch,log_return,history,2025-08-01,-0.0161213871855698
timesfm,2.0,google/timesfm-2.0-500m-pytorch,log_return,history,2025-08-04,0.014629564491414495
timesfm,2.0,google/timesfm-2.0-500m-pytorch,log_return,history,2025-08-05,-0.004869703780462017
timesfm,2.0,google/timesfm-2.0-500m-pytorch,log_return,history,2025-08-06,0.007255522219852605
timesfm,2.0,google/timesfm-2.0-500m-pytorch,log_return,history,2025-08-07,-0.0007977981718278668
timesfm,2.0,google/timesfm-2.0-500m-pytorch,log_return,history,2025-08-08,0.0077694548163894745
timesfm,2.0,google/timesfm-2.0-500m-pytorch,log_return,history,2025-08-11,-0.002507268393885107
timesfm,2.0,google/timesfm-2.0-500m-pytorch,log_return,history,2025-08-12,0.011281559075170764
timesfm,2.0,google/timesfm-2.0-500m-pytorch,log_return,history,2025-08-13,0.0032248733840464015
timesfm,2.0,google/timesfm-2.0-500m-pytorch,log_return,history,2025-08-14,0.00030304487855445177
timesfm,2.0,google/timesfm-2.0-500m-pytorch,log_return,history,2025-08-15,-0.0029013399163647113
timesfm,2.0,google/timesfm-2.0-500m-pytorch,log_return,history,2025-08-18,-0.00010076825773579619
timesfm,2.0,google/timesfm-2.0-500m-pytorch,log_return,history,2025-08-19,-0.005875329112207127
timesfm,2.0,google/timesfm-2.0-500m-pytorch,log_return,history,2025-08-20,-0.002434630632264957
timesfm,2.0,google/timesfm-2.0-500m-pytorch,log_return,history,2025-08-21,-0.004012219728951123
timesfm,2.0,google/timesfm-2.0-500m-pytorch,log_return,history,2025-08-22,0.015072285158779139
timesfm,2.0,google/timesfm-2.0-500m-pytorch,log_return,history,2025-08-25,-0.004275512539646319
timesfm,2.0,google/timesfm-2.0-500m-pytorch,log_return,history,2025-08-26,0.00412547371011636
timesfm,2.0,google/timesfm-2.0-500m-pytorch,log_return,history,2025-08-27,0.0023881304533030262
timesfm,2.0,google/timesfm-2.0-500m-pytorch,log_return,history,2025-08-28,0.003151747441466755
timesfm,2.0,google/timesfm-2.0-500m-pytorch,log_return,history,2025-08-29,-0.006418740402792551
timesfm,2.0,google/timesfm-2.0-500m-pytorch,log_return,history,2025-09-02,-0.006946350061030363
timesfm,2.0,google/timesfm-2.0-500m-pytorch,log_return,history,2025-09-03,0.005087112302941308
timesfm,2.0,google/timesfm-2.0-500m-pytorch,log_return,history,2025-09-04,0.008311847102873573
timesfm,2.0,google/timesfm-2.0-500m-pytorch,log_return,history,2025-09-05,-0.00317017266993674
timesfm,2.0,google/timesfm-2.0-500m-pytorch,log_return,history,2025-09-08,0.0021037644508885675
timesfm,2.0,google/timesfm-2.0-500m-pytorch,log_return,history,2025-09-09,0.0026845470300734414
timesfm,2.0,google/timesfm-2.0-500m-pytorch,log_return,history,2025-09-10,0.0029790282293981275
timesfm,2.0,google/timesfm-2.0-500m-pytorch,log_return,history,2025-09-11,0.008450087623093565
timesfm,2.0,google/timesfm-2.0-500m-pytorch,log_return,history,2025-09-12,-0.00048287788142832935
timesfm,2.0,google/timesfm-2.0-500m-pytorch,log_return,history,2025-09-15,0.004695577726559718
timesfm,2.0,google/timesfm-2.0-500m-pytorch,log_return,history,2025-09-16,-0.0012887604333313247
timesfm,2.0,google/timesfm-2.0-500m-pytorch,log_return,history,2025-09-17,-0.0009706390782443865
timesfm,2.0,google/timesfm-2.0-500m-pytorch,log_return,history,2025-09-18,0.004777687836708263
timesfm,2.0,google/timesfm-2.0-500m-pytorch,log_return,history,2025-09-19,0.004873523937481177
timesfm,2.0,google/timesfm-2.0-500m-pytorch,log_return,history,2025-09-22,0.004400350714762291
timesfm,2.0,google/timesfm-2.0-500m-pytorch,log_return,history,2025-09-23,-0.005517351828739721
timesfm,2.0,google/timesfm-2.0-500m-pytorch,log_return,history,2025-09-24,-0.0028506771652953692
timesfm,2.0,google/timesfm-2.0-500m-pytorch,log_return,history,2025-09-25,-0.005021648742526333
timesfm,2.0,google/timesfm-2.0-500m-pytorch,log_return,history,2025-09-26,0.005884489130413512
timesfm,2.0,google/timesfm-2.0-500m-pytorch,log_return,history,2025-09-29,0.002632077259912619
timesfm,2.0,google/timesfm-2.0-500m-pytorch,log_return,history,2025-09-30,0.00408250361350792
timesfm,2.0,google/timesfm-2.0-500m-pytorch,log_return,history,2025-10-01,0.0033941541712235066
timesfm,2.0,google/timesfm-2.0-500m-pytorch,log_return,history,2025-10-02,0.0006181636213842448
timesfm,2.0,google/timesfm-2.0-500m-pytorch,log_return,history,2025-10-03,6.55106568658717e-05
timesfm,2.0,google/timesfm-2.0-500m-pytorch,log_return,history,2025-10-06,0.003639959282762629
timesfm,2.0,google/timesfm-2.0-500m-pytorch,log_return,history,2025-10-07,-0.003818687706853079
timesfm,2.0,google/timesfm-2.0-500m-pytorch,log_return,history,2025-10-08,0.005810748494187323
timesfm,2.0,google/timesfm-2.0-500m-pytorch,log_return,history,2025-10-09,-0.0027593739802789824
timesfm,2.0,google/timesfm-2.0-500m-pytorch,log_return,history,2025-10-10,-0.027485975439899807
timesfm,2.0,google/timesfm-2.0-500m-pytorch,log_return,history,2025-10-13,0.015478263036934031
timesfm,2.0,google/timesfm-2.0-500m-pytorch,log_return,history,2025-10-14,-0.00156555149694257
timesfm,2.0,google/timesfm-2.0-500m-pytorch,log_return,history,2025-10-15,0.004017918503427979
timesfm,2.0,google/timesfm-2.0-500m-pytorch,log_return,history,2025-10-16,-0.006314280275141975
timesfm,2.0,google/timesfm-2.0-500m-pytorch,log_return,history,2025-10-17,0.0052568739445263
timesfm,2.0,google/timesfm-2.0-500m-pytorch,log_return,history,2025-10-20,0.010615724136144117
timesfm,2.0,google/timesfm-2.0-500m-pytorch,log_return,history,2025-10-21,3.269591641698797e-05
timesfm,2.0,google/timesfm-2.0-500m-pytorch,log_return,history,2025-10-22,-0.005351834774743029
timesfm,2.0,google/timesfm-2.0-500m-pytorch,log_return,history,2025-10-23,0.0058104798620133855
timesfm,2.0,google/timesfm-2.0-500m-pytorch,log_return,history,2025-10-24,0.007871361975244857
timesfm,2.0,google/timesfm-2.0-500m-pytorch,log_return,history,2025-10-27,0.012215141327379352
timesfm,2.0,google/timesfm-2.0-500m-pytorch,log_return,history,2025-10-28,0.0022853305022299255
timesfm,2.0,google/timesfm-2.0-500m-pytorch,log_return,history,2025-10-29,-4.3579204733175357e-05
timesfm,2.0,google/timesfm-2.0-500m-pytorch,log_return,history,2025-10-30,-0.009954191424534511
timesfm,2.0,google/timesfm-2.0-500m-pytorch,log_return,history,2025-10-31,0.0026145009178832708
timesfm,2.0,google/timesfm-2.0-500m-pytorch,log_return,history,2025-11-03,0.0017192339969181521
timesfm,2.0,google/timesfm-2.0-500m-pytorch,log_return,history,2025-11-04,-0.011806250392326717
timesfm,2.0,google/timesfm-2.0-500m-pytorch,log_return,history,2025-11-05,0.0036468976756877185
timesfm,2.0,google/timesfm-2.0-500m-pytorch,log_return,history,2025-11-06,-0.011241134514722728
timesfm,2.0,google/timesfm-2.0-500m-pytorch,log_return,history,2025-11-07,0.0012610463474931072
timesfm,2.0,google/timesfm-2.0-500m-pytorch,log_return,history,2025-11-10,0.015283626703501814
timesfm,2.0,google/timesfm-2.0-500m-pytorch,log_return,history,2025-11-11,0.0020731999523923177
timesfm,2.0,google/timesfm-2.0-500m-pytorch,log_return,history,2025-11-12,0.0006293191259445972
timesfm,2.0,google/timesfm-2.0-500m-pytorch,log_return,history,2025-11-13,-0.01669545163092778
timesfm,2.0,google/timesfm-2.0-500m-pytorch,log_return,history,2025-11-14,-0.0005018514712717733
timesfm,2.0,google/timesfm-2.0-500m-pytorch,log_return,history,2025-11-17,-0.009204497894305158
timesfm,2.0,google/timesfm-2.0-500m-pytorch,log_return,history,2025-11-18,-0.008290709844169318
timesfm,2.0,google/timesfm-2.0-500m-pytorch,log_return,history,2025-11-19,0.00374680773726533
timesfm,2.0,google/timesfm-2.0-500m-pytorch,log_return,history,2025-11-20,-0.01568972611631523
timesfm,2.0,google/timesfm-2.0-500m-pytorch,log_return,history,2025-11-21,0.009775103041592069
timesfm,2.0,google/timesfm-2.0-500m-pytorch,log_return,history,2025-11-24,0.015348818899081837
timesfm,2.0,google/timesfm-2.0-500m-pytorch,log_return,history,2025-11-25,0.009020886000832944
timesfm,2.0,google/timesfm-2.0-500m-pytorch,log_return,history,2025-11-26,0.006882969436149685
timesfm,2.0,google/timesfm-2.0-500m-pytorch,log_return,history,2025-11-28,0.005340487341137372
timesfm,2.0,google/timesfm-2.0-500m-pytorch,log_return,history,2025-12-01,-0.005337548746055966
timesfm,2.0,google/timesfm-2.0-500m-pytorch,log_return,history,2025-12-02,0.002454221195936617
timesfm,2.0,google/timesfm-2.0-500m-pytorch,log_return,history,2025-12-03,0.0029753605210852863
timesfm,2.0,google/timesfm-2.0-500m-pytorch,log_return,history,2025-12-04,0.001079738711974404
timesfm,2.0,google/timesfm-2.0-500m-pytorch,log_return,history,2025-12-05,0.0019347688846794776
timesfm,2.0,google/timesfm-2.0-500m-pytorch,log_return,history,2025-12-08,-0.0034833153316476935
timesfm,2.0,google/timesfm-2.0-500m-pytorch,log_return,history,2025-12-09,-0.0008767431610132386
timesfm,2.0,google/timesfm-2.0-500m-pytorch,log_return,history,2025-12-10,0.006726880659139976
timesfm,2.0,google/timesfm-2.0-500m-pytorch,log_return,history,2025-12-11,0.00207719198371703
timesfm,2.0,google/timesfm-2.0-500m-pytorch,log_return,history,2025-12-12,-0.010720913458554537
timesfm,2.0,google/timesfm-2.0-500m-pytorch,log_return,history,2025-12-15,-0.0015978388918367072
timesfm,2.0,google/timesfm-2.0-500m-pytorch,log_return,history,2025-12-16,-0.00238676400843967
timesfm,2.0,google/timesfm-2.0-500m-pytorch,log_return,history,2025-12-17,-0.01165985661137129
timesfm,2.0,google/timesfm-2.0-500m-pytorch,log_return,history,2025-12-18,0.007902951520479156
timesfm,2.0,google/timesfm-2.0-500m-pytorch,log_return,history,2025-12-19,0.008779407421828872
timesfm,2.0,google/timesfm-2.0-500m-pytorch,log_return,history,2025-12-22,0.006415870575561936
timesfm,2.0,google/timesfm-2.0-500m-pytorch,log_return,history,2025-12-23,0.004540067046788208
timesfm,2.0,google/timesfm-2.0-500m-pytorch,log_return,history,2025-12-24,0.0032163043447007086
timesfm,2.0,google/timesfm-2.0-500m-pytorch,log_return,history,2025-12-26,-0.00030440987710828846
timesfm,2.0,google/timesfm-2.0-500m-pytorch,log_return,history,2025-12-29,-0.0034981629239373116
timesfm,2.0,google/timesfm-2.0-500m-pytorch,log_return,history,2025-12-30,-0.0013766142506534472
timesfm,2.0,google/timesfm-2.0-500m-pytorch,log_return,history,2025-12-31,-0.007384867434248815
timesfm,2.0,google/timesfm-2.0-500m-pytorch,log_return,history,2026-01-02,0.0018929140261155547
timesfm,2.0,google/timesfm-2.0-500m-pytorch,log_return,history,2026-01-05,0.006334024511051582
timesfm,2.0,google/timesfm-2.0-500m-pytorch,log_return,history,2026-01-06,0.0061775920038938375
timesfm,2.0,google/timesfm-2.0-500m-pytorch,log_return,history,2026-01-07,-0.0034458535710101927
timesfm,2.0,google/timesfm-2.0-500m-pytorch,log_return,history,2026-01-08,7.654532942294603e-05
timesfm,2.0,google/timesfm-2.0-500m-pytorch,log_return,history,2026-01-09,0.006454611138321038
timesfm,2.0,google/timesfm-2.0-500m-pytorch,log_return,history,2026-01-12,0.0015763900591805138
timesfm,2.0,google/timesfm-2.0-500m-pytorch,log_return,history,2026-01-13,-0.0019410055882070072
timesfm,2.0,google/timesfm-2.0-500m-pytorch,log_return,history,2026-01-14,-0.005347633584135448
timesfm,2.0,google/timesfm-2.0-500m-pytorch,log_return,history,2026-01-15,0.002576603920444464
timesfm,2.0,google/timesfm-2.0-500m-pytorch,log_return,history,2026-01-16,-0.0006425086684515026
timesfm,2.0,google/timesfm-2.0-500m-pytorch,log_return,history,2026-01-20,-0.020842460953261224
timesfm,2.0,google/timesfm-2.0-500m-pytorch,log_return,history,2026-01-21,0.01152111763356032
timesfm,2.0,google/timesfm-2.0-500m-pytorch,log_return,history,2026-01-22,0.0054725007079021405
timesfm,2.0,google/timesfm-2.0-500m-pytorch,log_return,history,2026-01-23,0.0003268164274822459
timesfm,2.0,google/timesfm-2.0-500m-pytorch,log_return,history,2026-01-26,0.00499359426016032
timesfm,2.0,google/timesfm-2.0-500m-pytorch,log_return,history,2026-01-27,0.004073587840441241
timesfm,2.0,google/timesfm-2.0-500m-pytorch,log_return,history,2026-01-28,-8.172639170147053e-05
timesfm,2.0,google/timesfm-2.0-500m-pytorch,log_return,history,2026-01-29,-0.0012934674424623016
timesfm,2.0,google/timesfm-2.0-500m-pytorch,log_return,history,2026-01-30,-0.0043111794144580756
timesfm,2.0,google/timesfm-2.0-500m-pytorch,log_return,history,2026-02-02,0.005376785277364613
timesfm,2.0,google/timesfm-2.0-500m-pytorch,log_return,history,2026-02-03,-0.008439495590663714
timesfm,2.0,google/timesfm-2.0-500m-pytorch,log_return,history,2026-02-04,-0.005085300155013826
timesfm,2.0,google/timesfm-2.0-500m-pytorch,log_return,history,2026-02-05,-0.012326677853832891
timesfm,2.0,google/timesfm-2.0-500m-pytorch,log_return,history,2026-02-06,0.019504344282200718
timesfm,2.0,google/timesfm-2.0-500m-pytorch,log_return,history,2026-02-09,0.004680117860123293
timesfm,2.0,google/timesfm-2.0-500m-pytorch,log_return,history,2026-02-10,-0.0033091822845107053
timesfm,2.0,google/timesfm-2.0-500m-pytorch,log_return,history,2026-02-11,-4.89572699497733e-05
timesfm,2.0,google/timesfm-2.0-500m-pytorch,log_return,history,2026-02-12,-0.01578494138611745
timesfm,2.0,google/timesfm-2.0-500m-pytorch,log_return,history,2026-02-13,0.0004989646444475858
timesfm,2.0,google/timesfm-2.0-500m-pytorch,log_return,history,2026-02-17,0.0010307906306565179
timesfm,2.0,google/timesfm-2.0-500m-pytorch,log_return,history,2026-02-18,0.005550636821134019
timesfm,2.0,google/timesfm-2.0-500m-pytorch,log_return,history,2026-02-19,-0.0028261153915347848
timesfm,2.0,google/timesfm-2.0-500m-pytorch,log_return,history,2026-02-20,0.006915755702175204
timesfm,2.0,google/timesfm-2.0-500m-pytorch,log_return,history,2026-02-23,-0.01043995947145646
timesfm,2.0,google/timesfm-2.0-500m-pytorch,log_return,history,2026-02-24,0.007622488962383376
timesfm,2.0,google/timesfm-2.0-500m-pytorch,log_return,history,2026-02-25,0.0081034339701294
timesfm,2.0,google/timesfm-2.0-500m-pytorch,log_return,history,2026-02-26,-0.005380026995566101
timesfm,2.0,google/timesfm-2.0-500m-pytorch,log_return,history,2026-02-27,-0.004348795128037643
timesfm,2.0,google/timesfm-2.0-500m-pytorch,log_return,history,2026-03-02,0.0003982754131349892
timesfm,2.0,google/timesfm-2.0-500m-pytorch,log_return,history,2026-03-03,-0.009488908731312503
timesfm,2.0,google/timesfm-2.0-500m-pytorch,log_return,history,2026-03-04,0.00772612574014956
timesfm,2.0,google/timesfm-2.0-500m-pytorch,log_return,history,2026-03-05,-0.005662707772703004
timesfm,2.0,google/timesfm-2.0-500m-pytorch,log_return,history,2026-03-06,-0.013365720432496335
timesfm,2.0,google/timesfm-2.0-500m-pytorch,log_return,history,2026-03-09,0.008269871665388671
timesfm,2.0,google/timesfm-2.0-500m-pytorch,log_return,history,2026-03-10,-0.002137402505887721
timesfm,2.0,google/timesfm-2.0-500m-pytorch,log_return,history,2026-03-11,-0.0008379521856348736
timesfm,2.0,google/timesfm-2.0-500m-pytorch,log_return,history,2026-03-12,-0.015344808189494536
timesfm,2.0,google/timesfm-2.0-500m-pytorch,log_return,history,2026-03-13,-0.006077546398501344
timesfm,2.0,google/timesfm-2.0-500m-pytorch,log_return,history,2026-03-16,0.010079909746818997
timesfm,2.0,google/timesfm-2.0-500m-pytorch,log_return,history,2026-03-17,0.002491149384952951
timesfm,2.0,google/timesfm-2.0-500m-pytorch,log_return,history,2026-03-18,-0.013700999383730839
timesfm,2.0,google/timesfm-2.0-500m-pytorch,log_return,history,2026-03-19,-0.002752582623899739
timesfm,2.0,google/timesfm-2.0-500m-pytorch,log_return,history,2026-03-20,-0.015253934307770226
timesfm,2.0,google/timesfm-2.0-500m-pytorch,log_return,history,2026-03-23,0.0113881090950741
timesfm,2.0,google/timesfm-2.0-500m-pytorch,log_return,history,2026-03-24,-0.0037495954593205535
timesfm,2.0,google/timesfm-2.0-500m-pytorch,log_return,history,2026-03-25,0.0054044937599492145
timesfm,2.0,google/timesfm-2.0-500m-pytorch,log_return,history,2026-03-26,-0.017559440961209507
timesfm,2.0,google/timesfm-2.0-500m-pytorch,log_return,history,2026-03-27,-0.01686323194605131
timesfm,2.0,google/timesfm-2.0-500m-pytorch,log_return,history,2026-03-30,-0.003953553833355896
timesfm,2.0,google/timesfm-2.0-500m-pytorch,log_return,history,2026-03-31,0.028714893309798716
timesfm,2.0,google/timesfm-2.0-500m-pytorch,log_return,history,2026-04-01,0.0071429450037592815
timesfm,2.0,google/timesfm-2.0-500m-pytorch,log_return,history,2026-04-02,0.0011202481362370179
timesfm,2.0,google/timesfm-2.0-500m-pytorch,log_return,history,2026-04-06,0.004417013131605809
timesfm,2.0,google/timesfm-2.0-500m-pytorch,log_return,history,2026-04-07,0.0007589600331270599
timesfm,2.0,google/timesfm-2.0-500m-pytorch,log_return,history,2026-04-08,0.024772038357183543
timesfm,2.0,google/timesfm-2.0-500m-pytorch,log_return,history,2026-04-09,0.006151066869514015
timesfm,2.0,google/timesfm-2.0-500m-pytorch,log_return,history,2026-04-10,-0.0011391696991393636
timesfm,2.0,google/timesfm-2.0-500m-pytorch,log_return,history,2026-04-13,0.010121875493741075
timesfm,2.0,google/timesfm-2.0-500m-pytorch,log_return,history,2026-04-14,0.011713988916143619
timesfm,2.0,google/timesfm-2.0-500m-pytorch,log_return,history,2026-04-15,0.00794414491156507
timesfm,2.0,google/timesfm-2.0-500m-pytorch,log_return,history,2026-04-16,0.002606555815286028
timesfm,2.0,google/timesfm-2.0-500m-pytorch,log_return,history,2026-04-17,0.011968553928737802
timesfm,2.0,google/timesfm-2.0-500m-pytorch,log_return,history,2026-04-20,-0.0023771959102520377
timesfm,2.0,google/timesfm-2.0-500m-pytorch,log_return,history,2026-04-21,-0.0063684535808531395
timesfm,2.0,google/timesfm-2.0-500m-pytorch,log_return,history,2026-04-22,0.010405756011537825
timesfm,2.0,google/timesfm-2.0-500m-pytorch,log_return,history,2026-04-23,-0.004141432170939999
timesfm,2.0,google/timesfm-2.0-500m-pytorch,log_return,history,2026-04-24,0.007942067917632457
timesfm,2.0,google/timesfm-2.0-500m-pytorch,log_return,history,2026-04-27,0.0012316180005498539
timesfm,2.0,google/timesfm-2.0-500m-pytorch,log_return,history,2026-04-28,-0.0049061878687959495
timesfm,2.0,google/timesfm-2.0-500m-pytorch,log_return,history,2026-04-29,-0.00039925174351248426
timesfm,2.0,google/timesfm-2.0-500m-pytorch,log_return,history,2026-04-30,0.010186184168105012
timesfm,2.0,google/timesfm-2.0-500m-pytorch,log_return,history,2026-05-01,0.0029240496865214705
timesfm,2.0,google/timesfm-2.0-500m-pytorch,log_return,history,2026-05-04,-0.004070462487840939
timesfm,2.0,google/timesfm-2.0-500m-pytorch,log_return,history,2026-05-05,0.008087227380575185
timesfm,2.0,google/timesfm-2.0-500m-pytorch,log_return,history,2026-05-06,0.014482944327746902
timesfm,2.0,google/timesfm-2.0-500m-pytorch,log_return,history,2026-05-07,-0.0038103454826786936
timesfm,2.0,google/timesfm-2.0-500m-pytorch,log_return,history,2026-05-08,0.008390405429031966
timesfm,2.0,google/timesfm-2.0-500m-pytorch,log_return,history,2026-05-11,0.0018781917406753333
timesfm,2.0,google/timesfm-2.0-500m-pytorch,log_return,history,2026-05-12,-0.0016038944114079717
timesfm,2.0,google/timesfm-2.0-500m-pytorch,log_return,history,2026-05-13,0.005832206062995343
timesfm,2.0,google/timesfm-2.0-500m-pytorch,log_return,history,2026-05-14,0.007626449143738461
timesfm,2.0,google/timesfm-2.0-500m-pytorch,log_return,history,2026-05-15,-0.012440381787730354
timesfm,2.0,google/timesfm-2.0-500m-pytorch,log_return,history,2026-05-18,-0.0007359385925655567
timesfm,2.0,google/timesfm-2.0-500m-pytorch,log_return,history,2026-05-19,-0.006700720556670582
timesfm,2.0,google/timesfm-2.0-500m-pytorch,log_return,history,2026-05-20,0.010734208066325955
timesfm,2.0,google/timesfm-2.0-500m-pytorch,log_return,history,2026-05-21,0.0017138609316666425
timesfm,2.0,google/timesfm-2.0-500m-pytorch,log_return,history,2026-05-22,0.003720045284340991
timesfm,2.0,google/timesfm-2.0-500m-pytorch,log_return,history,2026-05-26,0.006089680623147164
timesfm,2.0,google/timesfm-2.0-500m-pytorch,log_return,history,2026-05-27,0.00016486555361860245
timesfm,2.0,google/timesfm-2.0-500m-pytorch,log_return,history,2026-05-28,0.0057372272122164095
timesfm,2.0,google/timesfm-2.0-500m-pytorch,log_return,history,2026-05-29,0.0021699047314878454
timesfm,2.0,google/timesfm-2.0-500m-pytorch,log_return,history,2026-06-01,0.0026218560604907887
timesfm,2.0,google/timesfm-2.0-500m-pytorch,log_return,history,2026-06-02,0.0012912549125880068
timesfm,2.0,google/timesfm-2.0-500m-pytorch,log_return,history,2026-06-03,-0.007399348892067432
timesfm,2.0,google/timesfm-2.0-500m-pytorch,log_return,history,2026-06-04,0.0040467623691873905
timesfm,2.0,google/timesfm-2.0-500m-pytorch,log_return,history,2026-06-05,-0.026801330315360895
timesfm,2.0,google/timesfm-2.0-500m-pytorch,log_return,history,2026-06-08,0.0029737052076611974
timesfm,2.0,google/timesfm-2.0-500m-pytorch,log_return,history,2026-06-09,-0.0025797185926219454
timesfm,2.0,google/timesfm-2.0-500m-pytorch,log_return,history,2026-06-10,-0.016332095868206012
timesfm,2.0,google/timesfm-2.0-500m-pytorch,log_return,history,2026-06-11,0.01736719891346488
timesfm,2.0,google/timesfm-2.0-500m-pytorch,log_return,history,2026-06-12,0.005012928127161434
timesfm,2.0,google/timesfm-2.0-500m-pytorch,log_return,history,2026-06-15,0.01639328413858115
timesfm,2.0,google/timesfm-2.0-500m-pytorch,log_return,history,2026-06-16,-0.005700396039273383
timesfm,2.0,google/timesfm-2.0-500m-pytorch,log_return,history,2026-06-17,-0.012222675603360275
timesfm,2.0,google/timesfm-2.0-500m-pytorch,log_return,history,2026-06-18,0.010787813962926182
timesfm,2.0,google/timesfm-2.0-500m-pytorch,log_return,history,2026-06-22,-0.003711932684976348
timesfm,2.0,google/timesfm-2.0-500m-pytorch,log_return,history,2026-06-23,-0.014466928386098657
timesfm,2.0,google/timesfm-2.0-500m-pytorch,log_return,history,2026-06-24,-0.000983415367731934
timesfm,2.0,google/timesfm-2.0-500m-pytorch,log_return,history,2026-06-25,-9.921104004703284e-05
timesfm,2.0,google/timesfm-2.0-500m-pytorch,log_return,history,2026-06-26,-0.0004717686829183932
timesfm,2.0,google/timesfm-2.0-500m-pytorch,log_return,history,2026-06-29,0.01168156135934559
timesfm,2.0,google/timesfm-2.0-500m-pytorch,log_return,history,2026-06-30,0.007888998838148293
timesfm,2.0,google/timesfm-2.0-500m-pytorch,log_return,history,2026-07-01,-0.0021531509855513085
timesfm,2.0,google/timesfm-2.0-500m-pytorch,log_return,history,2026-07-02,1.370250446897007e-06
timesfm,2.0,google/timesfm-2.0-500m-pytorch,log_return,history,2026-07-06,0.0072154138304445295
timesfm,2.0,google/timesfm-2.0-500m-pytorch,log_return,history,2026-07-07,-0.004465063253185491
timesfm,2.0,google/timesfm-2.0-500m-pytorch,log_return,history,2026-07-08,-0.0028212145626126694
timesfm,2.0,google/timesfm-2.0-500m-pytorch,log_return,history,2026-07-09,0.008109821657156896
timesfm,2.0,google/timesfm-2.0-500m-pytorch,log_return,actual,2026-07-10,0.004200010992571727
timesfm,2.0,google/timesfm-2.0-500m-pytorch,log_return,actual,2026-07-13,-0.007958609028043705
timesfm,2.0,google/timesfm-2.0-500m-pytorch,log_return,actual,2026-07-14,0.003751931076883282
timesfm,2.0,google/timesfm-2.0-500m-pytorch,log_return,actual,2026-07-15,0.003811869942054222
timesfm,2.0,google/timesfm-2.0-500m-pytorch,log_return,actual,2026-07-16,-0.005114462132765812
timesfm,2.0,google/timesfm-2.0-500m-pytorch,log_return,actual,2026-07-17,-0.010149876192112738
timesfm,2.0,google/timesfm-2.0-500m-pytorch,log_return,actual,2026-07-20,-0.0019341238867804414
timesfm,2.0,google/timesfm-2.0-500m-pytorch,log_return,actual,2026-07-21,0.008817378432212827
timesfm,2.0,google/timesfm-2.0-500m-pytorch,log_return,actual,2026-07-22,-0.0013646224263997142
timesfm,2.0,google/timesfm-2.0-500m-pytorch,log_return,actual,2026-07-23,-0.012163372131276511
timesfm,2.0,google/timesfm-2.0-500m-pytorch,log_return,actual,2026-07-24,0.0004966405371888175
timesfm,2.0,google/timesfm-2.0-500m-pytorch,log_return,actual,2026-07-27,0.00016191330177520104
timesfm,2.0,google/timesfm-2.0-500m-pytorch,log_return,actual,2026-07-28,0.0021020963754603476
timesfm,2.0,google/timesfm-2.0-500m-pytorch,log_return,actual,2026-07-29,-0.015277397157074194
timesfm,2.0,google/timesfm-2.0-500m-pytorch,log_return,actual,2026-07-30,0.016468013977056842
timesfm,2.0,google/timesfm-2.0-500m-pytorch,log_return,actual,2026-07-31,0.006979208383378553
timesfm,2.0,google/timesfm-2.0-500m-pytorch,log_return,actual,2026-08-03,0.014682592263996739
timesfm,2.0,google/timesfm-2.0-500m-pytorch,log_return,actual,2026-08-04,0.01773794201518698
timesfm,2.0,google/timesfm-2.0-500m-pytorch,log_return,actual,2026-08-05,-0.0016778990048803989
timesfm,2.0,google/timesfm-2.0-500m-pytorch,log_return,actual,2026-08-06,-0.0017610831844068816
timesfm,2.0,google/timesfm-2.0-500m-pytorch,log_return,actual,2026-08-07,0.006165187424711444
timesfm,2.0,google/timesfm-2.0-500m-pytorch,log_return,naive,2026-07-10,0.008109821657156896
timesfm,2.0,google/timesfm-2.0-500m-pytorch,log_return,naive,2026-07-13,0.008109821657156896
timesfm,2.0,google/timesfm-2.0-500m-pytorch,log_return,naive,2026-07-14,0.008109821657156896
timesfm,2.0,google/timesfm-2.0-500m-pytorch,log_return,naive,2026-07-15,0.008109821657156896
timesfm,2.0,google/timesfm-2.0-500m-pytorch,log_return,naive,2026-07-16,0.008109821657156896
timesfm,2.0,google/timesfm-2.0-500m-pytorch,log_return,naive,2026-07-17,0.008109821657156896
timesfm,2.0,google/timesfm-2.0-500m-pytorch,log_return,naive,2026-07-20,0.008109821657156896
timesfm,2.0,google/timesfm-2.0-500m-pytorch,log_return,naive,2026-07-21,0.008109821657156896
timesfm,2.0,google/timesfm-2.0-500m-pytorch,log_return,naive,2026-07-22,0.008109821657156896
timesfm,2.0,google/timesfm-2.0-500m-pytorch,log_return,naive,2026-07-23,0.008109821657156896
timesfm,2.0,google/timesfm-2.0-500m-pytorch,log_return,naive,2026-07-24,0.008109821657156896
timesfm,2.0,google/timesfm-2.0-500m-pytorch,log_return,naive,2026-07-27,0.008109821657156896
timesfm,2.0,google/timesfm-2.0-500m-pytorch,log_return,naive,2026-07-28,0.008109821657156896
timesfm,2.0,google/timesfm-2.0-500m-pytorch,log_return,naive,2026-07-29,0.008109821657156896
timesfm,2.0,google/timesfm-2.0-500m-pytorch,log_return,naive,2026-07-30,0.008109821657156896
timesfm,2.0,google/timesfm-2.0-500m-pytorch,log_return,naive,2026-07-31,0.008109821657156896
timesfm,2.0,google/timesfm-2.0-500m-pytorch,log_return,naive,2026-08-03,0.008109821657156896
timesfm,2.0,google/timesfm-2.0-500m-pytorch,log_return,naive,2026-08-04,0.008109821657156896
timesfm,2.0,google/timesfm-2.0-500m-pytorch,log_return,naive,2026-08-05,0.008109821657156896
timesfm,2.0,google/timesfm-2.0-500m-pytorch,log_return,naive,2026-08-06,0.008109821657156896
timesfm,2.0,google/timesfm-2.0-500m-pytorch,log_return,naive,2026-08-07,0.008109821657156896
timesfm,2.0,google/timesfm-2.0-500m-pytorch,log_return,forecast,2026-07-10,0.001258445205166936
timesfm,2.0,google/timesfm-2.0-500m-pytorch,log_return,forecast,2026-07-13,0.0012950103264302015
timesfm,2.0,google/timesfm-2.0-500m-pytorch,log_return,forecast,2026-07-14,0.0011532895732671022
timesfm,2.0,google/timesfm-2.0-500m-pytorch,log_return,forecast,2026-07-15,0.001195923425257206
timesfm,2.0,google/timesfm-2.0-500m-pytorch,log_return,forecast,2026-07-16,0.0012815706431865692
timesfm,2.0,google/timesfm-2.0-500m-pytorch,log_return,forecast,2026-07-17,0.0010107476264238358
timesfm,2.0,google/timesfm-2.0-500m-pytorch,log_return,forecast,2026-07-20,0.0010913207661360502
timesfm,2.0,google/timesfm-2.0-500m-pytorch,log_return,forecast,2026-07-21,0.0010468182153999805
timesfm,2.0,google/timesfm-2.0-500m-pytorch,log_return,forecast,2026-07-22,0.0012246309779584408
timesfm,2.0,google/timesfm-2.0-500m-pytorch,log_return,forecast,2026-07-23,0.0011320773046463728
timesfm,2.0,google/timesfm-2.0-500m-pytorch,log_return,forecast,2026-07-24,0.0009252193849533796
timesfm,2.0,google/timesfm-2.0-500m-pytorch,log_return,forecast,2026-07-27,0.001121552661061287
timesfm,2.0,google/timesfm-2.0-500m-pytorch,log_return,forecast,2026-07-28,0.0011900390964001417
timesfm,2.0,google/timesfm-2.0-500m-pytorch,log_return,forecast,2026-07-29,0.001331718172878027
timesfm,2.0,google/timesfm-2.0-500m-pytorch,log_return,forecast,2026-07-30,0.001334902597591281
timesfm,2.0,google/timesfm-2.0-500m-pytorch,log_return,forecast,2026-07-31,0.0015709064900875092
timesfm,2.0,google/timesfm-2.0-500m-pytorch,log_return,forecast,2026-08-03,0.001816852018237114
timesfm,2.0,google/timesfm-2.0-500m-pytorch,log_return,forecast,2026-08-04,0.0015023667365312576
timesfm,2.0,google/timesfm-2.0-500m-pytorch,log_return,forecast,2026-08-05,0.0015947904903441668
timesfm,2.0,google/timesfm-2.0-500m-pytorch,log_return,forecast,2026-08-06,0.001228077569976449
timesfm,2.0,google/timesfm-2.0-500m-pytorch,log_return,forecast,2026-08-07,0.0013673382345587015
