family,version,checkpoint,variant,target,horizon,window_id,origin_date,mase,smape,wql
chronos,original,amazon/chronos-t5-large,uni,price,5,0,2007-01-22,0.8928936296731113,0.38330061754485417,0.00363465190427057
chronos,original,amazon/chronos-t5-large,uni,price,5,1,2007-05-18,1.0169744013185509,0.4154198601017985,0.0036571906822489824
chronos,original,amazon/chronos-t5-large,uni,price,5,2,2007-09-17,5.284266560274764,2.5597868378960804,0.02300057047464731
chronos,original,amazon/chronos-t5-large,uni,price,5,3,2008-01-15,7.561609411858309,4.761338204658889,0.03878770488297156
chronos,original,amazon/chronos-t5-large,uni,price,5,4,2008-05-14,0.9979189439292159,0.7023422334531145,0.00597962294194213
chronos,original,amazon/chronos-t5-large,uni,price,5,5,2008-09-11,2.707048990577279,2.4381400934601016,0.020497189932489484
chronos,original,amazon/chronos-t5-large,uni,price,5,6,2009-01-09,0.5580431497956736,0.9759327148611937,0.009268341939322812
chronos,original,amazon/chronos-t5-large,uni,price,5,7,2009-05-11,1.2611335964310857,2.291397611351649,0.014086188358281966
chronos,original,amazon/chronos-t5-large,uni,price,5,8,2009-09-08,1.1707586663365213,1.8124114105691111,0.01096447471296631
chronos,original,amazon/chronos-t5-large,uni,price,5,9,2010-01-06,0.5503288893588594,0.7338604258801944,0.005616729714834903
chronos,original,amazon/chronos-t5-large,uni,price,5,10,2010-05-06,1.0294017234659487,1.2615527645978268,0.009644576935614154
chronos,original,amazon/chronos-t5-large,uni,price,5,11,2010-09-02,0.701681534910388,0.897246082702493,0.00678023821572254
chronos,original,amazon/chronos-t5-large,uni,price,5,12,2011-01-03,0.7949844971779422,0.6272578266324047,0.005242801432017036
chronos,original,amazon/chronos-t5-large,uni,price,5,13,2011-05-03,1.6392960635454636,1.0641023894761275,0.0082956378566766
chronos,original,amazon/chronos-t5-large,uni,price,5,14,2011-08-30,1.751905745978076,1.396713951683427,0.010511163576290235
chronos,original,amazon/chronos-t5-large,uni,price,5,15,2011-12-28,2.09540852810059,1.8023291058349642,0.012802754799099971
chronos,original,amazon/chronos-t5-large,uni,price,5,16,2012-04-27,0.9582646009972436,0.7483624319498566,0.00592886372021057
chronos,original,amazon/chronos-t5-large,uni,price,5,17,2012-08-24,0.6988792911732883,0.511883735946418,0.004315092178054017
chronos,original,amazon/chronos-t5-large,uni,price,5,18,2012-12-26,2.10230373223213,1.5102087158298103,0.010938878052400168
chronos,original,amazon/chronos-t5-large,uni,price,5,19,2013-04-26,2.0504876840106934,1.359513652262543,0.010268879221161847
chronos,original,amazon/chronos-t5-large,uni,price,5,20,2013-08-22,2.1289856120717743,1.308863665212325,0.008172837447524513
chronos,original,amazon/chronos-t5-large,uni,price,5,21,2013-12-19,2.273848627804173,1.0784771593831668,0.008128307371274394
chronos,original,amazon/chronos-t5-large,uni,price,5,22,2014-04-22,0.4610079484751994,0.2250443490888754,0.00339173616919526
chronos,original,amazon/chronos-t5-large,uni,price,5,23,2014-08-19,0.539363460650531,0.236102968235043,0.0022338484055929725
chronos,original,amazon/chronos-t5-large,uni,price,5,24,2014-12-16,8.602025110534282,3.971257095733247,0.03495490240075163
chronos,original,amazon/chronos-t5-large,uni,price,5,25,2015-04-17,2.2182180896764323,1.0966449618591962,0.008317252670392856
chronos,original,amazon/chronos-t5-large,uni,price,5,26,2015-08-14,3.8659290287973875,1.9768116179729214,0.018531162738175084
chronos,original,amazon/chronos-t5-large,uni,price,5,27,2015-12-11,2.37976192361452,1.4113027632389272,0.010394702973167063
chronos,original,amazon/chronos-t5-large,uni,price,5,28,2016-04-13,1.7587778677065042,1.119578037616455,0.007132254865453497
chronos,original,amazon/chronos-t5-large,uni,price,5,29,2016-08-10,0.6583978832745428,0.408877719689148,0.003097788069898605
chronos,original,amazon/chronos-t5-large,uni,price,5,30,2016-12-08,0.7766800730169833,0.4628187406607873,0.0031929245783613694
chronos,original,amazon/chronos-t5-large,uni,price,5,31,2017-04-10,0.9852087434096289,0.5150761864677843,0.004313892427628861
chronos,original,amazon/chronos-t5-large,uni,price,5,32,2017-08-08,1.6246714106183735,0.7715443161976819,0.006398418275469902
chronos,original,amazon/chronos-t5-large,uni,price,5,33,2017-12-05,0.8423574809323674,0.32140903373763496,0.003471299524794103
chronos,original,amazon/chronos-t5-large,uni,price,5,34,2018-04-06,1.2615060444914976,0.5114820391070235,0.006203652817408766
chronos,original,amazon/chronos-t5-large,uni,price,5,35,2018-08-03,1.1199742405704358,0.4343473893007502,0.0032112507160530126
chronos,original,amazon/chronos-t5-large,uni,price,5,36,2018-11-30,6.215200883864219,2.8984269770208377,0.02415930931581974
chronos,original,amazon/chronos-t5-large,uni,price,5,37,2019-04-03,1.2944855886321665,0.6621550241752248,0.0054303357679798755
chronos,original,amazon/chronos-t5-large,uni,price,5,38,2019-08-01,4.019024040099895,2.194792478219596,0.015983244754063177
chronos,original,amazon/chronos-t5-large,uni,price,5,39,2019-11-27,0.9743549785093841,0.5590011294837857,0.004371526853298905
chronos,original,amazon/chronos-t5-large,uni,price,5,40,2020-03-27,3.4075674680129127,3.0886727540919376,0.026449602269318348
chronos,original,amazon/chronos-t5-large,uni,price,5,41,2020-07-27,0.6522612876698385,0.5349373730654561,0.0048789142061965735
chronos,original,amazon/chronos-t5-large,uni,price,5,42,2020-11-20,1.8067251091613528,1.4703418005489692,0.011074858573204189
chronos,original,amazon/chronos-t5-large,uni,price,5,43,2021-03-24,2.5316954180489577,1.9213705898968563,0.01556952182980235
chronos,original,amazon/chronos-t5-large,uni,price,5,44,2021-07-22,1.2023712603059244,0.8515487732833003,0.006362827403282814
chronos,original,amazon/chronos-t5-large,uni,price,5,45,2021-11-17,0.5514011647661708,0.37065909462506486,0.002532442611931611
chronos,original,amazon/chronos-t5-large,uni,price,5,46,2022-03-18,0.9678757860757143,0.7494929893081487,0.0058596792793416804
chronos,original,amazon/chronos-t5-large,uni,price,5,47,2022-07-19,1.1359292981490017,0.9696934970026657,0.006675840147281842
chronos,original,amazon/chronos-t5-large,uni,price,5,48,2022-11-14,0.5276276745181882,0.48735268564708184,0.006064504023515885
chronos,original,amazon/chronos-t5-large,uni,price,5,49,2023-03-16,0.654616145948064,0.627784085342403,0.0068466424427599225
chronos,original,amazon/chronos-t5-large,uni,price,5,50,2023-07-17,0.9739109925303171,0.8239954920486795,0.005522652810875924
chronos,original,amazon/chronos-t5-large,uni,price,5,51,2023-11-10,1.7471878826474634,1.5242764835420386,0.012107861775962766
chronos,original,amazon/chronos-t5-large,uni,price,5,52,2024-03-13,0.9586594801239533,0.6733979562626837,0.003909714025536563
chronos,original,amazon/chronos-t5-large,uni,price,5,53,2024-07-12,1.875219334392985,1.0524058143720585,0.007890919019624267
chronos,original,amazon/chronos-t5-large,uni,price,5,54,2024-11-07,1.2080894131373197,0.619839264772166,0.0038139423085668286
chronos,original,amazon/chronos-t5-large,uni,price,5,55,2025-03-12,1.4531350234122313,0.7987470999836042,0.009553083387660047
chronos,original,amazon/chronos-t5-large,uni,price,5,56,2025-07-11,0.542528141287846,0.3087839130973935,0.0029753466847274924
chronos,original,amazon/chronos-t5-large,uni,price,5,57,2025-11-06,1.4694989351033572,0.7970249658970702,0.005720253433793759
chronos,original,amazon/chronos-t5-large,uni,price,5,58,2026-03-10,2.8066483902480446,1.6199583378325784,0.011261758243146909
chronos,original,amazon/chronos-t5-large,uni,price,5,59,2026-07-09,0.7105560141915188,0.40447195827607413,0.004666747217795784
chronos,original,amazon/chronos-t5-large,uni,simple_return,5,0,2007-01-22,0.7024451451631633,188.75817097367087,0.9546928332993306
chronos,original,amazon/chronos-t5-large,uni,simple_return,5,1,2007-05-18,0.5402144693880726,178.60946215514358,0.9626055683643612
chronos,original,amazon/chronos-t5-large,uni,simple_return,5,2,2007-09-17,1.253276273782158,180.05860445751972,0.9573421808809682
chronos,original,amazon/chronos-t5-large,uni,simple_return,5,3,2008-01-15,1.5556652251935281,199.19910118724053,0.985658906289561
chronos,original,amazon/chronos-t5-large,uni,simple_return,5,4,2008-05-14,0.6927031836518869,184.45190541318522,0.9644770254415277
chronos,original,amazon/chronos-t5-large,uni,simple_return,5,5,2008-09-11,2.5669409457194763,195.33842291276244,0.9775367162257577
chronos,original,amazon/chronos-t5-large,uni,simple_return,5,6,2009-01-09,0.7101168703174754,196.53433231424103,0.9695415435674339
chronos,original,amazon/chronos-t5-large,uni,simple_return,5,7,2009-05-11,0.6965805627106884,174.42009447666743,0.9454748361358684
chronos,original,amazon/chronos-t5-large,uni,simple_return,5,8,2009-09-08,0.22200964214303745,152.63495426840703,0.7876621044499884
chronos,original,amazon/chronos-t5-large,uni,simple_return,5,9,2010-01-06,0.2149576445835046,143.3942644920801,0.8158562324892799
chronos,original,amazon/chronos-t5-large,uni,simple_return,5,10,2010-05-06,0.8396224802656655,190.2733782518128,0.9858805192017192
chronos,original,amazon/chronos-t5-large,uni,simple_return,5,11,2010-09-02,0.3435972055215616,157.58666899833312,0.8464077444993587
chronos,original,amazon/chronos-t5-large,uni,simple_return,5,12,2011-01-03,0.20242390290715398,188.7064575437665,1.1113654209404389
chronos,original,amazon/chronos-t5-large,uni,simple_return,5,13,2011-05-03,0.520033472810298,166.1826602970209,0.9189657132831811
chronos,original,amazon/chronos-t5-large,uni,simple_return,5,14,2011-08-30,1.2597346475284208,182.8043578429655,0.9694350681503006
chronos,original,amazon/chronos-t5-large,uni,simple_return,5,15,2011-12-28,0.45048544933450657,139.0706324779214,0.8824287600467544
chronos,original,amazon/chronos-t5-large,uni,simple_return,5,16,2012-04-27,0.5573134404579886,187.79895997669058,0.9982080062363009
chronos,original,amazon/chronos-t5-large,uni,simple_return,5,17,2012-08-24,0.25295444707542025,176.65717612160904,0.929825320644814
chronos,original,amazon/chronos-t5-large,uni,simple_return,5,18,2012-12-26,0.9414373443457962,189.99007537505446,0.9556084105030291
chronos,original,amazon/chronos-t5-large,uni,simple_return,5,19,2013-04-26,0.6038267305713421,161.73573080988618,0.8818557189317671
chronos,original,amazon/chronos-t5-large,uni,simple_return,5,20,2013-08-22,0.5173055918160915,164.35099048353615,0.9380357733906776
chronos,original,amazon/chronos-t5-large,uni,simple_return,5,21,2013-12-19,0.40604482757916155,177.86264945438265,0.8553868275687203
chronos,original,amazon/chronos-t5-large,uni,simple_return,5,22,2014-04-22,0.44141293737860976,146.8958685924434,0.8589704006570811
chronos,original,amazon/chronos-t5-large,uni,simple_return,5,23,2014-08-19,0.26276287591436653,106.26631967346904,0.7207888528729892
chronos,original,amazon/chronos-t5-large,uni,simple_return,5,24,2014-12-16,1.3207359703615875,149.11480786652697,0.909851403550451
chronos,original,amazon/chronos-t5-large,uni,simple_return,5,25,2015-04-17,0.43827027111862904,143.20348612609885,0.8034758978037444
chronos,original,amazon/chronos-t5-large,uni,simple_return,5,26,2015-08-14,1.8214360881188512,192.2991331556132,1.027456712359792
chronos,original,amazon/chronos-t5-large,uni,simple_return,5,27,2015-12-11,1.4197594391560164,192.60393152311036,0.9583714975030178
chronos,original,amazon/chronos-t5-large,uni,simple_return,5,28,2016-04-13,0.23777690622948394,161.6161147969366,0.90911285987945
chronos,original,amazon/chronos-t5-large,uni,simple_return,5,29,2016-08-10,0.3166947015569851,180.79199549688784,0.8583908059106313
chronos,original,amazon/chronos-t5-large,uni,simple_return,5,30,2016-12-08,0.5324695598989125,173.5022905036606,0.9412320504325036
chronos,original,amazon/chronos-t5-large,uni,simple_return,5,31,2017-04-10,0.5206253253402966,174.90282481613175,0.9204784612132517
chronos,original,amazon/chronos-t5-large,uni,simple_return,5,32,2017-08-08,0.6565420977487971,160.1341376503973,0.9895453045079154
chronos,original,amazon/chronos-t5-large,uni,simple_return,5,33,2017-12-05,0.34903138343634593,157.27671540234408,0.8505284926539238
chronos,original,amazon/chronos-t5-large,uni,simple_return,5,34,2018-04-06,1.108372812470407,197.6730243975259,0.9716395883813758
chronos,original,amazon/chronos-t5-large,uni,simple_return,5,35,2018-08-03,0.45515486153885326,189.01697408773487,0.9236792076700736
chronos,original,amazon/chronos-t5-large,uni,simple_return,5,36,2018-11-30,1.9903385010249321,196.00565109196313,0.9847011183486425
chronos,original,amazon/chronos-t5-large,uni,simple_return,5,37,2019-04-03,0.40254974623562734,146.8614867024449,0.862761009047593
chronos,original,amazon/chronos-t5-large,uni,simple_return,5,38,2019-08-01,1.6555519373281438,163.65974824540203,0.9745302817123067
chronos,original,amazon/chronos-t5-large,uni,simple_return,5,39,2019-11-27,0.5892575760471787,167.08251405162042,0.959899615248644
chronos,original,amazon/chronos-t5-large,uni,simple_return,5,40,2020-03-27,2.103801323847176,198.09516637667338,0.9779681748618114
chronos,original,amazon/chronos-t5-large,uni,simple_return,5,41,2020-07-27,0.4887594085118163,160.78490341300028,0.8741431291762889
chronos,original,amazon/chronos-t5-large,uni,simple_return,5,42,2020-11-20,0.32416889966998397,119.53446740320888,0.7819971866188439
chronos,original,amazon/chronos-t5-large,uni,simple_return,5,43,2021-03-24,0.3805491432123516,164.9944836081983,0.8649273954957529
chronos,original,amazon/chronos-t5-large,uni,simple_return,5,44,2021-07-22,0.28851843051549086,158.07311250039356,0.8597662600680184
chronos,original,amazon/chronos-t5-large,uni,simple_return,5,45,2021-11-17,0.1595132159810978,128.89639928973284,0.7725186378043039
chronos,original,amazon/chronos-t5-large,uni,simple_return,5,46,2022-03-18,0.5923107208456789,171.14715357939025,0.930197819246149
chronos,original,amazon/chronos-t5-large,uni,simple_return,5,47,2022-07-19,0.6499156215359353,192.95115551248762,0.9044431781026575
chronos,original,amazon/chronos-t5-large,uni,simple_return,5,48,2022-11-14,0.5209312823487815,199.99964430272885,0.9611669039456596
chronos,original,amazon/chronos-t5-large,uni,simple_return,5,49,2023-03-16,0.7885176267230427,171.44845401475834,0.9466416701913732
chronos,original,amazon/chronos-t5-large,uni,simple_return,5,50,2023-07-17,0.30161534774709525,169.74350170576983,0.8953490758221565
chronos,original,amazon/chronos-t5-large,uni,simple_return,5,51,2023-11-10,0.3769492472305439,153.14063198074575,0.9712002608443194
chronos,original,amazon/chronos-t5-large,uni,simple_return,5,52,2024-03-13,0.4963602419126313,192.90480623047057,0.957326591008506
chronos,original,amazon/chronos-t5-large,uni,simple_return,5,53,2024-07-12,0.7359107948319455,166.0994111421348,0.9556441141036157
chronos,original,amazon/chronos-t5-large,uni,simple_return,5,54,2024-11-07,0.3315620193259355,145.57512171622267,1.018062659436538
chronos,original,amazon/chronos-t5-large,uni,simple_return,5,55,2025-03-12,1.4244360922417239,182.5788652655256,0.9692681792003905
chronos,original,amazon/chronos-t5-large,uni,simple_return,5,56,2025-07-11,0.2658099114345658,119.92912915979215,0.8448753807866499
chronos,original,amazon/chronos-t5-large,uni,simple_return,5,57,2025-11-06,0.7009945206071021,104.17878071125304,0.9078909471526533
chronos,original,amazon/chronos-t5-large,uni,simple_return,5,58,2026-03-10,0.7513817492781378,172.03647686478718,1.0062329626848665
chronos,original,amazon/chronos-t5-large,uni,simple_return,5,59,2026-07-09,0.4605513692205879,147.6490060541213,0.9054921546981455
chronos,original,amazon/chronos-t5-large,uni,log_return,5,0,2007-01-22,0.7009513276591707,190.96001617968562,0.9440409869746207
chronos,original,amazon/chronos-t5-large,uni,log_return,5,1,2007-05-18,0.5413109077545143,171.87143021173264,0.9703782066962768
chronos,original,amazon/chronos-t5-large,uni,log_return,5,2,2007-09-17,1.2340035294977678,178.4457775801186,0.9500203793861363
chronos,original,amazon/chronos-t5-large,uni,log_return,5,3,2008-01-15,1.5179723099708042,195.63139302276008,0.9539199547381467
chronos,original,amazon/chronos-t5-large,uni,log_return,5,4,2008-05-14,0.6898748916325931,160.2806074529425,0.9537677994657534
chronos,original,amazon/chronos-t5-large,uni,log_return,5,5,2008-09-11,2.5568723975415972,171.0803797134447,0.9661266197658946
chronos,original,amazon/chronos-t5-large,uni,log_return,5,6,2009-01-09,0.7105697309765004,196.93312805960392,0.9442601153810529
chronos,original,amazon/chronos-t5-large,uni,log_return,5,7,2009-05-11,0.6922547328969778,166.53552632684193,0.9377131749014472
chronos,original,amazon/chronos-t5-large,uni,log_return,5,8,2009-09-08,0.23114784617589193,155.5940054581854,0.7761159207973223
chronos,original,amazon/chronos-t5-large,uni,log_return,5,9,2010-01-06,0.20521361978731553,133.1174557436038,0.7683180442134308
chronos,original,amazon/chronos-t5-large,uni,log_return,5,10,2010-05-06,0.8362064269205074,188.6330546302288,0.9910110866700447
chronos,original,amazon/chronos-t5-large,uni,log_return,5,11,2010-09-02,0.36025721340469313,187.0531430803948,0.8909668149015446
chronos,original,amazon/chronos-t5-large,uni,log_return,5,12,2011-01-03,0.18814823839514658,192.40911778144672,1.1165259373006626
chronos,original,amazon/chronos-t5-large,uni,log_return,5,13,2011-05-03,0.5038630225504036,157.51382659057512,0.9080782493107519
chronos,original,amazon/chronos-t5-large,uni,log_return,5,14,2011-08-30,1.2799952548178157,197.21096364748374,0.9826836392301475
chronos,original,amazon/chronos-t5-large,uni,log_return,5,15,2011-12-28,0.46262967223199114,163.14715753299987,0.9058148438382053
chronos,original,amazon/chronos-t5-large,uni,log_return,5,16,2012-04-27,0.5414796243237003,185.50326354459804,0.9860688854903087
chronos,original,amazon/chronos-t5-large,uni,log_return,5,17,2012-08-24,0.2512345348554249,154.11400959603563,0.931084424216305
chronos,original,amazon/chronos-t5-large,uni,log_return,5,18,2012-12-26,0.9672858485013431,199.9994601116543,0.9728840562257398
chronos,original,amazon/chronos-t5-large,uni,log_return,5,19,2013-04-26,0.5996863674768399,152.87785000110821,0.8871183247534367
chronos,original,amazon/chronos-t5-large,uni,log_return,5,20,2013-08-22,0.4990213601241191,149.8056614610151,0.9080458430112509
chronos,original,amazon/chronos-t5-large,uni,log_return,5,21,2013-12-19,0.3743235256057493,161.7319710300389,0.8315927502091061
chronos,original,amazon/chronos-t5-large,uni,log_return,5,22,2014-04-22,0.44995585522638726,140.6000093499264,0.8891903817686208
chronos,original,amazon/chronos-t5-large,uni,log_return,5,23,2014-08-19,0.2745303317489124,118.55086342273127,0.6820211058571496
chronos,original,amazon/chronos-t5-large,uni,log_return,5,24,2014-12-16,1.257566202362266,143.5046479580508,0.8840418322442022
chronos,original,amazon/chronos-t5-large,uni,log_return,5,25,2015-04-17,0.43680930123721845,143.34962903299316,0.8155047119539061
chronos,original,amazon/chronos-t5-large,uni,log_return,5,26,2015-08-14,1.829767710550714,198.7977842878561,1.0210411033377556
chronos,original,amazon/chronos-t5-large,uni,log_return,5,27,2015-12-11,1.4255349620027546,191.22542718868314,0.9635963004771985
chronos,original,amazon/chronos-t5-large,uni,log_return,5,28,2016-04-13,0.2437575355942395,138.85386937282829,0.9278036270408069
chronos,original,amazon/chronos-t5-large,uni,log_return,5,29,2016-08-10,0.3045748749595303,163.30448492758887,0.8504064447049998
chronos,original,amazon/chronos-t5-large,uni,log_return,5,30,2016-12-08,0.5201825170930182,169.69601351594653,0.9171186308413074
chronos,original,amazon/chronos-t5-large,uni,log_return,5,31,2017-04-10,0.5175847279897802,174.15857652076934,0.9159126529593369
chronos,original,amazon/chronos-t5-large,uni,log_return,5,32,2017-08-08,0.6333000044225031,123.58172298906152,0.9680022093403957
chronos,original,amazon/chronos-t5-large,uni,log_return,5,33,2017-12-05,0.3473325276261063,154.1610776141907,0.8483763648991907
chronos,original,amazon/chronos-t5-large,uni,log_return,5,34,2018-04-06,1.1019452769311413,195.50683204487893,0.9734540736685686
chronos,original,amazon/chronos-t5-large,uni,log_return,5,35,2018-08-03,0.4681710545543469,194.1744673237075,0.9474268886177415
chronos,original,amazon/chronos-t5-large,uni,log_return,5,36,2018-11-30,2.0062696701451372,195.06523851022467,0.9827315731956487
chronos,original,amazon/chronos-t5-large,uni,log_return,5,37,2019-04-03,0.3922309780433671,143.5224239618028,0.8500498072714733
chronos,original,amazon/chronos-t5-large,uni,log_return,5,38,2019-08-01,1.6575965206621521,165.12693282350165,0.9780932112681414
chronos,original,amazon/chronos-t5-large,uni,log_return,5,39,2019-11-27,0.5827176825436824,155.12008014465138,0.9628444605105683
chronos,original,amazon/chronos-t5-large,uni,log_return,5,40,2020-03-27,2.1025906463676978,197.5015956182236,0.9749829225787211
chronos,original,amazon/chronos-t5-large,uni,log_return,5,41,2020-07-27,0.47083662238763035,157.81053482802386,0.869327649860652
chronos,original,amazon/chronos-t5-large,uni,log_return,5,42,2020-11-20,0.33631251243488725,129.58405516316424,0.7893151147417772
chronos,original,amazon/chronos-t5-large,uni,log_return,5,43,2021-03-24,0.39795527688791515,173.01765996841098,0.9252216373305221
chronos,original,amazon/chronos-t5-large,uni,log_return,5,44,2021-07-22,0.2655573101356011,142.86388507824017,0.8410356757693545
chronos,original,amazon/chronos-t5-large,uni,log_return,5,45,2021-11-17,0.1583137050517959,122.22117319450012,0.8178880424236392
chronos,original,amazon/chronos-t5-large,uni,log_return,5,46,2022-03-18,0.5802625877298786,160.81442987090367,0.9224963823441672
chronos,original,amazon/chronos-t5-large,uni,log_return,5,47,2022-07-19,0.6251027042965002,162.94697725022715,0.9028665014429504
chronos,original,amazon/chronos-t5-large,uni,log_return,5,48,2022-11-14,0.4464689872928056,188.96658678800767,0.8937454847101667
chronos,original,amazon/chronos-t5-large,uni,log_return,5,49,2023-03-16,0.8171217619779301,185.24955947970471,0.9681111146696533
chronos,original,amazon/chronos-t5-large,uni,log_return,5,50,2023-07-17,0.30541215134375865,158.10222768578578,0.8898579298758847
chronos,original,amazon/chronos-t5-large,uni,log_return,5,51,2023-11-10,0.3612509909486574,115.22463472765827,0.9496337524379261
chronos,original,amazon/chronos-t5-large,uni,log_return,5,52,2024-03-13,0.49008268431727564,182.46915997682845,0.9611964918145716
chronos,original,amazon/chronos-t5-large,uni,log_return,5,53,2024-07-12,0.7356954646483154,163.82530885915511,0.9691856272229842
chronos,original,amazon/chronos-t5-large,uni,log_return,5,54,2024-11-07,0.3246383892622185,137.69473928039383,1.0511504185201952
chronos,original,amazon/chronos-t5-large,uni,log_return,5,55,2025-03-12,1.37550445821446,172.7389975290025,0.9462459564983381
chronos,original,amazon/chronos-t5-large,uni,log_return,5,56,2025-07-11,0.2563609666619752,118.518666131405,0.8019972236936004
chronos,original,amazon/chronos-t5-large,uni,log_return,5,57,2025-11-06,0.7305752820999718,112.65807279210769,0.9332827461849402
chronos,original,amazon/chronos-t5-large,uni,log_return,5,58,2026-03-10,0.7475021555146111,173.81528038171734,0.9911600234095462
chronos,original,amazon/chronos-t5-large,uni,log_return,5,59,2026-07-09,0.47451268575193956,147.05712614000518,0.8952328853948845
chronos,original,amazon/chronos-t5-large,uni,price,21,0,2007-01-22,1.730346437789618,0.7363301077775969,0.0069883510253789015
chronos,original,amazon/chronos-t5-large,uni,price,21,1,2007-05-18,1.7033209355262813,0.695648852004017,0.005937814370987403
chronos,original,amazon/chronos-t5-large,uni,price,21,2,2007-09-17,6.276165665578796,3.0121971827727005,0.02398584470293606
chronos,original,amazon/chronos-t5-large,uni,price,21,3,2008-01-15,6.363014081084202,3.9858257595790847,0.028320809439591626
chronos,original,amazon/chronos-t5-large,uni,price,21,4,2008-05-14,2.087699072140274,1.5011004650572515,0.01093421217414522
chronos,original,amazon/chronos-t5-large,uni,price,21,5,2008-09-11,4.139827007942374,4.162827421213054,0.031762010426822404
chronos,original,amazon/chronos-t5-large,uni,price,21,6,2009-01-09,1.2571554646318766,2.216153263707885,0.016902562715870432
chronos,original,amazon/chronos-t5-large,uni,price,21,7,2009-05-11,0.8340403780907476,1.5006492655209873,0.013936077253509168
chronos,original,amazon/chronos-t5-large,uni,price,21,8,2009-09-08,1.9640371148000826,3.036378430521551,0.02086309193894271
chronos,original,amazon/chronos-t5-large,uni,price,21,9,2010-01-06,1.6243660794947146,2.258787449899185,0.015864250166195817
chronos,original,amazon/chronos-t5-large,uni,price,21,10,2010-05-06,0.8101968441434828,1.0389854509860383,0.010145334204760468
chronos,original,amazon/chronos-t5-large,uni,price,21,11,2010-09-02,1.772978277140187,2.2311175578036804,0.016468579114167384
chronos,original,amazon/chronos-t5-large,uni,price,21,12,2011-01-03,0.8319618206589021,0.6522350565621797,0.006891184825447658
chronos,original,amazon/chronos-t5-large,uni,price,21,13,2011-05-03,3.4661163446421117,2.255016386021209,0.016965928000019947
chronos,original,amazon/chronos-t5-large,uni,price,21,14,2011-08-30,1.657920380725919,1.3363605536291374,0.011130473354755959
chronos,original,amazon/chronos-t5-large,uni,price,21,15,2011-12-28,2.8592658313624058,2.414673183747088,0.017843338091405
chronos,original,amazon/chronos-t5-large,uni,price,21,16,2012-04-27,2.877158748972057,2.3172750916384914,0.016577202516513307
chronos,original,amazon/chronos-t5-large,uni,price,21,17,2012-08-24,1.0267541181069981,0.7392993221761838,0.0061514896417334645
chronos,original,amazon/chronos-t5-large,uni,price,21,18,2012-12-26,4.394958327016435,3.1199161553636565,0.024825778660226436
chronos,original,amazon/chronos-t5-large,uni,price,21,19,2013-04-26,3.692712856589423,2.395859125737085,0.017755425844108576
chronos,original,amazon/chronos-t5-large,uni,price,21,20,2013-08-22,1.9206616101254808,1.164655308200856,0.008622686693805686
chronos,original,amazon/chronos-t5-large,uni,price,21,21,2013-12-19,2.4562319050992363,1.163373447086339,0.009086338191528907
chronos,original,amazon/chronos-t5-large,uni,price,21,22,2014-04-22,1.8844875007620945,0.9102288556140161,0.006769642386046024
chronos,original,amazon/chronos-t5-large,uni,price,21,23,2014-08-19,1.8447608330218532,0.8088938800033127,0.007067748423222896
chronos,original,amazon/chronos-t5-large,uni,price,21,24,2014-12-16,5.493130314646281,2.5292121587752243,0.022255945811528524
chronos,original,amazon/chronos-t5-large,uni,price,21,25,2015-04-17,3.232929920624748,1.6039653294512801,0.012660197533406877
chronos,original,amazon/chronos-t5-large,uni,price,21,26,2015-08-14,10.461123065058734,5.445553192848621,0.04786733542656295
chronos,original,amazon/chronos-t5-large,uni,price,21,27,2015-12-11,3.8099670510523143,2.2903581675955285,0.016757606106755044
chronos,original,amazon/chronos-t5-large,uni,price,21,28,2016-04-13,1.1776818579428323,0.7537096904132553,0.006832539889418452
chronos,original,amazon/chronos-t5-large,uni,price,21,29,2016-08-10,0.789984839631184,0.49205281006781054,0.004470011216815267
chronos,original,amazon/chronos-t5-large,uni,price,21,30,2016-12-08,0.6279913600360915,0.3737187962298532,0.004460232819978943
chronos,original,amazon/chronos-t5-large,uni,price,21,31,2017-04-10,1.0229432751912808,0.5294311252315168,0.005239781270928641
chronos,original,amazon/chronos-t5-large,uni,price,21,32,2017-08-08,2.076012464115791,0.9863520531093641,0.008570879268892946
chronos,original,amazon/chronos-t5-large,uni,price,21,33,2017-12-05,2.288423056735952,0.8633927891916169,0.006686173589993996
chronos,original,amazon/chronos-t5-large,uni,price,21,34,2018-04-06,2.2049638851248967,0.8900925404275188,0.008674641811292547
chronos,original,amazon/chronos-t5-large,uni,price,21,35,2018-08-03,1.7782635819738235,0.6855922774553171,0.005626900050971185
chronos,original,amazon/chronos-t5-large,uni,price,21,36,2018-11-30,17.02989531036749,8.155178244668488,0.07577258182130649
chronos,original,amazon/chronos-t5-large,uni,price,21,37,2019-04-03,1.645249765817794,0.8342889291835826,0.006622941713145233
chronos,original,amazon/chronos-t5-large,uni,price,21,38,2019-08-01,4.754437981413299,2.589074775379554,0.020790821985338676
chronos,original,amazon/chronos-t5-large,uni,price,21,39,2019-11-27,3.689659625971748,2.0934735544293024,0.017147922425013506
chronos,original,amazon/chronos-t5-large,uni,price,21,40,2020-03-27,3.290859952399442,2.8189894338366424,0.02197550658710912
chronos,original,amazon/chronos-t5-large,uni,price,21,41,2020-07-27,4.123526426366633,3.3385051123631415,0.023087856528359586
chronos,original,amazon/chronos-t5-large,uni,price,21,42,2020-11-20,3.920919181152833,3.1773756207097397,0.019885329098285606
chronos,original,amazon/chronos-t5-large,uni,price,21,43,2021-03-24,4.663574298173105,3.4382302073836564,0.02964552699449149
chronos,original,amazon/chronos-t5-large,uni,price,21,44,2021-07-22,1.2451820598346957,0.8778642799503457,0.006944689904108718
chronos,original,amazon/chronos-t5-large,uni,price,21,45,2021-11-17,1.8608966894232923,1.2634123923458076,0.010783218579659292
chronos,original,amazon/chronos-t5-large,uni,price,21,46,2022-03-18,2.0394651366876313,1.577046778116724,0.011876488123256227
chronos,original,amazon/chronos-t5-large,uni,price,21,47,2022-07-19,4.49535257746355,3.712115690445507,0.030538256402718542
chronos,original,amazon/chronos-t5-large,uni,price,21,48,2022-11-14,1.3858270111868993,1.2674518901026768,0.009914469846894721
chronos,original,amazon/chronos-t5-large,uni,price,21,49,2023-03-16,1.5105714843289964,1.4173929025268757,0.011138745447476905
chronos,original,amazon/chronos-t5-large,uni,price,21,50,2023-07-17,1.312264424470861,1.1103026463160799,0.008693183435862381
chronos,original,amazon/chronos-t5-large,uni,price,21,51,2023-11-10,3.7299358010567194,3.2364984545204796,0.024103666771366408
chronos,original,amazon/chronos-t5-large,uni,price,21,52,2024-03-13,1.2079238398695453,0.8454932301770872,0.006877021914750615
chronos,original,amazon/chronos-t5-large,uni,price,21,53,2024-07-12,7.51919843195579,4.27222914505346,0.03931381440752295
chronos,original,amazon/chronos-t5-large,uni,price,21,54,2024-11-07,1.932071647575361,0.9897575916546815,0.009003121129061717
chronos,original,amazon/chronos-t5-large,uni,price,21,55,2025-03-12,7.252282593121387,4.069044040749632,0.0345085412853546
chronos,original,amazon/chronos-t5-large,uni,price,21,56,2025-07-11,1.068858726567836,0.6040421480262547,0.006353026490091524
chronos,original,amazon/chronos-t5-large,uni,price,21,57,2025-11-06,2.248083326932769,1.2277887919575967,0.009459858718991182
chronos,original,amazon/chronos-t5-large,uni,price,21,58,2026-03-10,6.056719185294342,3.5241442205904616,0.028756224168458702
chronos,original,amazon/chronos-t5-large,uni,price,21,59,2026-07-09,2.9362760348435413,1.6675275804326664,0.012531364468263877
chronos,original,amazon/chronos-t5-large,uni,simple_return,21,0,2007-01-22,0.5190811169338779,176.56650593164485,0.9179214975378831
chronos,original,amazon/chronos-t5-large,uni,simple_return,21,1,2007-05-18,0.7788442469380484,161.39280194896384,0.9433822777542196
chronos,original,amazon/chronos-t5-large,uni,simple_return,21,2,2007-09-17,0.7705709487820707,180.35149887973049,0.9575867003792935
chronos,original,amazon/chronos-t5-large,uni,simple_return,21,3,2008-01-15,1.301443252229415,189.48614421994995,0.9631444923439823
chronos,original,amazon/chronos-t5-large,uni,simple_return,21,4,2008-05-14,0.7632530699367773,175.73238489313624,0.9500102776964147
chronos,original,amazon/chronos-t5-large,uni,simple_return,21,5,2008-09-11,2.632410605358721,193.15005919853348,0.9834238112018802
chronos,original,amazon/chronos-t5-large,uni,simple_return,21,6,2009-01-09,1.0177891141153457,185.1666241636929,0.9693149383469094
chronos,original,amazon/chronos-t5-large,uni,simple_return,21,7,2009-05-11,0.48590967362814513,167.50696189512425,0.9193353007787929
chronos,original,amazon/chronos-t5-large,uni,simple_return,21,8,2009-09-08,0.36025271144166326,184.2201737837048,0.9351300893938297
chronos,original,amazon/chronos-t5-large,uni,simple_return,21,9,2010-01-06,0.43395838651697277,175.742986656459,0.9428067365250621
chronos,original,amazon/chronos-t5-large,uni,simple_return,21,10,2010-05-06,0.7815548716137891,177.23166263210354,1.0050193466635706
chronos,original,amazon/chronos-t5-large,uni,simple_return,21,11,2010-09-02,0.3055941765834065,172.65267870619502,0.9361117965304798
chronos,original,amazon/chronos-t5-large,uni,simple_return,21,12,2011-01-03,0.3208342804033079,163.56397623961118,0.9118640049653973
chronos,original,amazon/chronos-t5-large,uni,simple_return,21,13,2011-05-03,0.545675433386682,173.60919191956614,0.9564736077136694
chronos,original,amazon/chronos-t5-large,uni,simple_return,21,14,2011-08-30,1.1787077051007997,185.65324352386006,0.9659948247232557
chronos,original,amazon/chronos-t5-large,uni,simple_return,21,15,2011-12-28,0.322829790077437,157.56299783525114,0.8944039494564842
chronos,original,amazon/chronos-t5-large,uni,simple_return,21,16,2012-04-27,0.4694656638009999,166.20754082728214,0.9800987866150285
chronos,original,amazon/chronos-t5-large,uni,simple_return,21,17,2012-08-24,0.36473846760003453,179.6510732843834,0.9500154109947798
chronos,original,amazon/chronos-t5-large,uni,simple_return,21,18,2012-12-26,0.41692136308223193,174.10585602146494,0.9377039203962065
chronos,original,amazon/chronos-t5-large,uni,simple_return,21,19,2013-04-26,0.41340711808028713,158.69300405270315,0.8965483278371933
chronos,original,amazon/chronos-t5-large,uni,simple_return,21,20,2013-08-22,0.4437128851989878,176.15865940967242,0.9059365008231796
chronos,original,amazon/chronos-t5-large,uni,simple_return,21,21,2013-12-19,0.4332830316727021,158.8309640598752,0.9324511758860958
chronos,original,amazon/chronos-t5-large,uni,simple_return,21,22,2014-04-22,0.49511024503213114,153.83907729241878,0.9122820070815654
chronos,original,amazon/chronos-t5-large,uni,simple_return,21,23,2014-08-19,0.3670744631741927,144.90148447846133,0.8960097072376212
chronos,original,amazon/chronos-t5-large,uni,simple_return,21,24,2014-12-16,1.1247520593170006,171.88617985546958,1.0027091212920827
chronos,original,amazon/chronos-t5-large,uni,simple_return,21,25,2015-04-17,0.635832570282262,158.95549329131086,0.9275326608615999
chronos,original,amazon/chronos-t5-large,uni,simple_return,21,26,2015-08-14,1.9479756060904734,176.48272839673405,0.9882262476106004
chronos,original,amazon/chronos-t5-large,uni,simple_return,21,27,2015-12-11,1.1854539776405413,191.2109959829983,0.9663143286960056
chronos,original,amazon/chronos-t5-large,uni,simple_return,21,28,2016-04-13,0.43252941946283535,187.56142268874117,0.9498811544049235
chronos,original,amazon/chronos-t5-large,uni,simple_return,21,29,2016-08-10,0.3447570909642545,157.8585620445024,0.8953432928172274
chronos,original,amazon/chronos-t5-large,uni,simple_return,21,30,2016-12-08,0.37382759238724034,161.98176719530264,0.9298328268148257
chronos,original,amazon/chronos-t5-large,uni,simple_return,21,31,2017-04-10,0.3507609260315357,160.39399440190226,0.903473461514667
chronos,original,amazon/chronos-t5-large,uni,simple_return,21,32,2017-08-08,0.527307687374297,171.01234959892966,0.9855699684091983
chronos,original,amazon/chronos-t5-large,uni,simple_return,21,33,2017-12-05,0.48651105962919083,175.0293153443427,0.9312750104991186
chronos,original,amazon/chronos-t5-large,uni,simple_return,21,34,2018-04-06,0.9552749283488482,187.67343824395775,0.9673344142946808
chronos,original,amazon/chronos-t5-large,uni,simple_return,21,35,2018-08-03,0.5566710892186204,187.46737052521394,0.9459071199992766
chronos,original,amazon/chronos-t5-large,uni,simple_return,21,36,2018-11-30,1.9596694951189366,190.37463655912333,0.9925137795026866
chronos,original,amazon/chronos-t5-large,uni,simple_return,21,37,2019-04-03,0.3952308203623376,170.5826549134676,0.9262818240329498
chronos,original,amazon/chronos-t5-large,uni,simple_return,21,38,2019-08-01,1.3524151433039846,174.35199431770673,0.976517400877193
chronos,original,amazon/chronos-t5-large,uni,simple_return,21,39,2019-11-27,0.41796341035130163,159.8372766228748,0.9336993224705101
chronos,original,amazon/chronos-t5-large,uni,simple_return,21,40,2020-03-27,1.7169096918444793,191.86655283549325,0.9425076470583846
chronos,original,amazon/chronos-t5-large,uni,simple_return,21,41,2020-07-27,0.33783387623625255,139.87690743868205,0.8360604360040292
chronos,original,amazon/chronos-t5-large,uni,simple_return,21,42,2020-11-20,0.3066999010988213,144.05526843547256,0.8956402803932784
chronos,original,amazon/chronos-t5-large,uni,simple_return,21,43,2021-03-24,0.4146415595099357,160.2710416367549,0.9042310152415792
chronos,original,amazon/chronos-t5-large,uni,simple_return,21,44,2021-07-22,0.27238313790737534,146.9444177836744,0.8615801481702478
chronos,original,amazon/chronos-t5-large,uni,simple_return,21,45,2021-11-17,0.6781774249503199,171.37943771374046,0.9663875563878634
chronos,original,amazon/chronos-t5-large,uni,simple_return,21,46,2022-03-18,0.6025297590173521,178.38974178335286,0.9507254894899694
chronos,original,amazon/chronos-t5-large,uni,simple_return,21,47,2022-07-19,0.6942149046336399,175.18032790937121,0.9331185977840946
chronos,original,amazon/chronos-t5-large,uni,simple_return,21,48,2022-11-14,0.6606308703636891,174.83232713755643,0.9480143282092615
chronos,original,amazon/chronos-t5-large,uni,simple_return,21,49,2023-03-16,0.48834187321689126,169.98069464003277,0.927440994933713
chronos,original,amazon/chronos-t5-large,uni,simple_return,21,50,2023-07-17,0.37986093562374246,182.5088131935647,0.9217620391684765
chronos,original,amazon/chronos-t5-large,uni,simple_return,21,51,2023-11-10,0.3012811088027774,179.5227330900845,0.9154284157801124
chronos,original,amazon/chronos-t5-large,uni,simple_return,21,52,2024-03-13,0.45599473819818115,164.10973805239212,0.9513073879400353
chronos,original,amazon/chronos-t5-large,uni,simple_return,21,53,2024-07-12,1.0239376631030885,175.44370295840724,0.9883085578380992
chronos,original,amazon/chronos-t5-large,uni,simple_return,21,54,2024-11-07,0.3732643683678277,138.45405300721083,0.852658481584907
chronos,original,amazon/chronos-t5-large,uni,simple_return,21,55,2025-03-12,2.109927453007738,168.52157179985105,0.9877858923585955
chronos,original,amazon/chronos-t5-large,uni,simple_return,21,56,2025-07-11,0.4399318185884661,147.25637954008582,0.9240504083394528
chronos,original,amazon/chronos-t5-large,uni,simple_return,21,57,2025-11-06,0.6443426599425277,135.79328880704148,0.9101548246014046
chronos,original,amazon/chronos-t5-large,uni,simple_return,21,58,2026-03-10,0.9622447759103828,160.55817191221868,0.9625984416833057
chronos,original,amazon/chronos-t5-large,uni,simple_return,21,59,2026-07-09,0.6674743336142407,157.40988927978918,0.9615865778328632
chronos,original,amazon/chronos-t5-large,uni,log_return,21,0,2007-01-22,0.5147244856959938,178.62931782363577,0.9153511681902616
chronos,original,amazon/chronos-t5-large,uni,log_return,21,1,2007-05-18,0.7757029133303085,156.4182391649674,0.9410639842970061
chronos,original,amazon/chronos-t5-large,uni,log_return,21,2,2007-09-17,0.7732119698256338,180.352125448461,0.9587889620598864
chronos,original,amazon/chronos-t5-large,uni,log_return,21,3,2008-01-15,1.314520358982563,194.16114648989026,0.9607946908199436
chronos,original,amazon/chronos-t5-large,uni,log_return,21,4,2008-05-14,0.7772758766242436,184.00862357261244,0.954633008977194
chronos,original,amazon/chronos-t5-large,uni,log_return,21,5,2008-09-11,2.656092221567584,192.87438299026775,0.9794205510648288
chronos,original,amazon/chronos-t5-large,uni,log_return,21,6,2009-01-09,1.0263412060424768,189.34577796808816,0.9729922825643365
chronos,original,amazon/chronos-t5-large,uni,log_return,21,7,2009-05-11,0.503970182414656,175.81473489205322,0.9296510755320266
chronos,original,amazon/chronos-t5-large,uni,log_return,21,8,2009-09-08,0.3377030573151429,170.5431404073287,0.8933666069678107
chronos,original,amazon/chronos-t5-large,uni,log_return,21,9,2010-01-06,0.42330210309838806,156.9199110781318,0.918763475691204
chronos,original,amazon/chronos-t5-large,uni,log_return,21,10,2010-05-06,0.7625448729940073,175.70827526358818,0.9953203985787802
chronos,original,amazon/chronos-t5-large,uni,log_return,21,11,2010-09-02,0.29667521813797026,176.3025398637213,0.9065255935561795
chronos,original,amazon/chronos-t5-large,uni,log_return,21,12,2011-01-03,0.3195467078649156,157.77750847857936,0.9168134757774333
chronos,original,amazon/chronos-t5-large,uni,log_return,21,13,2011-05-03,0.5505606657311409,176.15889251319513,0.9536176994057786
chronos,original,amazon/chronos-t5-large,uni,log_return,21,14,2011-08-30,1.1927191414454066,187.57332443240193,0.9782609429247623
chronos,original,amazon/chronos-t5-large,uni,log_return,21,15,2011-12-28,0.32012182478507334,149.19658825043308,0.8928645162435502
chronos,original,amazon/chronos-t5-large,uni,log_return,21,16,2012-04-27,0.46999498849097504,171.28103439318295,0.9763206225700417
chronos,original,amazon/chronos-t5-large,uni,log_return,21,17,2012-08-24,0.35736999658245006,172.78576543844954,0.9350682746759192
chronos,original,amazon/chronos-t5-large,uni,log_return,21,18,2012-12-26,0.40850536462900755,172.30730675267,0.9298296832608425
chronos,original,amazon/chronos-t5-large,uni,log_return,21,19,2013-04-26,0.41464184114773955,159.15612564055866,0.8969372366683418
chronos,original,amazon/chronos-t5-large,uni,log_return,21,20,2013-08-22,0.4472631424876262,165.09598835065898,0.9011870223507797
chronos,original,amazon/chronos-t5-large,uni,log_return,21,21,2013-12-19,0.4315992971801524,166.36202273728432,0.9127589530833043
chronos,original,amazon/chronos-t5-large,uni,log_return,21,22,2014-04-22,0.4947282340171319,152.25994348461194,0.9166656138046536
chronos,original,amazon/chronos-t5-large,uni,log_return,21,23,2014-08-19,0.3653470678228427,145.07781794813758,0.9032997696712659
chronos,original,amazon/chronos-t5-large,uni,log_return,21,24,2014-12-16,1.1350348171377973,180.15288556832297,1.005651051287455
chronos,original,amazon/chronos-t5-large,uni,log_return,21,25,2015-04-17,0.6367615154899968,167.30196194294592,0.9267945172704357
chronos,original,amazon/chronos-t5-large,uni,log_return,21,26,2015-08-14,1.9637925622662196,177.42613989183803,0.9912700049995831
chronos,original,amazon/chronos-t5-large,uni,log_return,21,27,2015-12-11,1.1915422716125772,191.02736122128388,0.9703806582485609
chronos,original,amazon/chronos-t5-large,uni,log_return,21,28,2016-04-13,0.42476413442714733,171.6953808605437,0.9441782733783549
chronos,original,amazon/chronos-t5-large,uni,log_return,21,29,2016-08-10,0.35347054584537935,163.2081773741465,0.9029014801538714
chronos,original,amazon/chronos-t5-large,uni,log_return,21,30,2016-12-08,0.3715371245744038,178.60759384015768,0.9227278622713239
chronos,original,amazon/chronos-t5-large,uni,log_return,21,31,2017-04-10,0.35062485735259813,168.8357644188174,0.8970285042940771
chronos,original,amazon/chronos-t5-large,uni,log_return,21,32,2017-08-08,0.5155718710266578,163.67704569734005,0.9553577380471145
chronos,original,amazon/chronos-t5-large,uni,log_return,21,33,2017-12-05,0.48875429825386524,178.9502545514688,0.9307987924110984
chronos,original,amazon/chronos-t5-large,uni,log_return,21,34,2018-04-06,0.9448539771058552,184.82482015910102,0.9639432231844902
chronos,original,amazon/chronos-t5-large,uni,log_return,21,35,2018-08-03,0.547229572394059,184.82712032761702,0.9445849657257332
chronos,original,amazon/chronos-t5-large,uni,log_return,21,36,2018-11-30,1.960459086089264,196.11207060117246,0.9916587770159211
chronos,original,amazon/chronos-t5-large,uni,log_return,21,37,2019-04-03,0.38976457191253583,166.1896859821723,0.9190468409072956
chronos,original,amazon/chronos-t5-large,uni,log_return,21,38,2019-08-01,1.3555308654035925,179.928829763347,0.9749777156524905
chronos,original,amazon/chronos-t5-large,uni,log_return,21,39,2019-11-27,0.4178772516068292,157.4995325386855,0.9340388635508889
chronos,original,amazon/chronos-t5-large,uni,log_return,21,40,2020-03-27,1.700249046761645,191.6952870865551,0.9663066451679155
chronos,original,amazon/chronos-t5-large,uni,log_return,21,41,2020-07-27,0.342737521943118,149.57846286833504,0.8470822565673751
chronos,original,amazon/chronos-t5-large,uni,log_return,21,42,2020-11-20,0.3098551238690273,145.9049239453195,0.9066250918208552
chronos,original,amazon/chronos-t5-large,uni,log_return,21,43,2021-03-24,0.41122593361613075,163.35278460945796,0.8991810693228663
chronos,original,amazon/chronos-t5-large,uni,log_return,21,44,2021-07-22,0.2783647130900393,153.26150670641928,0.8922645836886804
chronos,original,amazon/chronos-t5-large,uni,log_return,21,45,2021-11-17,0.6646631183981582,169.08157768978919,0.9493393860002973
chronos,original,amazon/chronos-t5-large,uni,log_return,21,46,2022-03-18,0.6137957327657243,181.64161227739862,0.9619116900765098
chronos,original,amazon/chronos-t5-large,uni,log_return,21,47,2022-07-19,0.7078204119826311,177.24261265315496,0.9544288143308103
chronos,original,amazon/chronos-t5-large,uni,log_return,21,48,2022-11-14,0.668504252785617,187.00959381076987,0.953093130938144
chronos,original,amazon/chronos-t5-large,uni,log_return,21,49,2023-03-16,0.48529762383234115,173.5142628592155,0.9257833814486354
chronos,original,amazon/chronos-t5-large,uni,log_return,21,50,2023-07-17,0.3766753116772488,179.51185606611173,0.9129539270476275
chronos,original,amazon/chronos-t5-large,uni,log_return,21,51,2023-11-10,0.29115998723113345,166.01931359294485,0.8896550891376376
chronos,original,amazon/chronos-t5-large,uni,log_return,21,52,2024-03-13,0.4452682450843468,165.75978437194968,0.9477988349414181
chronos,original,amazon/chronos-t5-large,uni,log_return,21,53,2024-07-12,1.018877787600698,171.73654769560264,0.9770342739530152
chronos,original,amazon/chronos-t5-large,uni,log_return,21,54,2024-11-07,0.38070061447609294,141.48532441475314,0.8639660957058637
chronos,original,amazon/chronos-t5-large,uni,log_return,21,55,2025-03-12,2.0967113624916656,163.99345632414432,0.9847323119300708
chronos,original,amazon/chronos-t5-large,uni,log_return,21,56,2025-07-11,0.4446192573730277,151.44665418983269,0.9347805823669708
chronos,original,amazon/chronos-t5-large,uni,log_return,21,57,2025-11-06,0.646560677435812,132.36929382209252,0.9180840584192396
chronos,original,amazon/chronos-t5-large,uni,log_return,21,58,2026-03-10,0.9589207686570507,163.9457460485658,0.9623655357530354
chronos,original,amazon/chronos-t5-large,uni,log_return,21,59,2026-07-09,0.6541415908276988,153.5467689322481,0.9551745483589676
chronos,bolt,amazon/chronos-bolt-base,uni,price,5,0,2007-01-22,1.3505769428048586,0.5798305683549777,0.004281968420511984
chronos,bolt,amazon/chronos-bolt-base,uni,price,5,1,2007-05-18,1.9751556465285196,0.8039836931851042,0.005498543705159322
chronos,bolt,amazon/chronos-bolt-base,uni,price,5,2,2007-09-17,3.379819971514355,1.6301456403569805,0.01151515086712788
chronos,bolt,amazon/chronos-bolt-base,uni,price,5,3,2008-01-15,3.145913134172308,2.0145119648109433,0.015108448567625256
chronos,bolt,amazon/chronos-bolt-base,uni,price,5,4,2008-05-14,1.976149614993214,1.3933144023604973,0.009185621512363433
chronos,bolt,amazon/chronos-bolt-base,uni,price,5,5,2008-09-11,2.1996981771349815,1.9872628192803417,0.015737771137496522
chronos,bolt,amazon/chronos-bolt-base,uni,price,5,6,2009-01-09,1.3544535339425137,2.350688405567716,0.017702085615953964
chronos,bolt,amazon/chronos-bolt-base,uni,price,5,7,2009-05-11,1.4878883474728213,2.6956580718865606,0.019890390189109337
chronos,bolt,amazon/chronos-bolt-base,uni,price,5,8,2009-09-08,0.5764182878586385,0.887529056440194,0.00618830928521753
chronos,bolt,amazon/chronos-bolt-base,uni,price,5,9,2010-01-06,0.3126253926134965,0.4147822226324279,0.004177891409593491
chronos,bolt,amazon/chronos-bolt-base,uni,price,5,10,2010-05-06,3.376694244892645,4.202654522383775,0.03314756017149007
chronos,bolt,amazon/chronos-bolt-base,uni,price,5,11,2010-09-02,0.41660864298747013,0.5331223811623166,0.005559244337613673
chronos,bolt,amazon/chronos-bolt-base,uni,price,5,12,2011-01-03,0.2173763036883955,0.1722318256642345,0.003660358600190638
chronos,bolt,amazon/chronos-bolt-base,uni,price,5,13,2011-05-03,1.008971646688445,0.6570784184489654,0.005598954554689826
chronos,bolt,amazon/chronos-bolt-base,uni,price,5,14,2011-08-30,1.557023445886691,1.2441225137511118,0.009723348579898324
chronos,bolt,amazon/chronos-bolt-base,uni,price,5,15,2011-12-28,1.1070485808694914,0.9469670759909972,0.00711835755718277
chronos,bolt,amazon/chronos-bolt-base,uni,price,5,16,2012-04-27,1.0590749697359672,0.8269298128889001,0.005745263712989971
chronos,bolt,amazon/chronos-bolt-base,uni,price,5,17,2012-08-24,0.8466885382415691,0.6197178087771574,0.004012695120966177
chronos,bolt,amazon/chronos-bolt-base,uni,price,5,18,2012-12-26,1.6122143544964493,1.1578596348832775,0.008583684263351096
chronos,bolt,amazon/chronos-bolt-base,uni,price,5,19,2013-04-26,0.9968237996520468,0.6577923295623417,0.00447581216116907
chronos,bolt,amazon/chronos-bolt-base,uni,price,5,20,2013-08-22,2.9964725827574226,1.8354476804695086,0.013301490921881222
chronos,bolt,amazon/chronos-bolt-base,uni,price,5,21,2013-12-19,1.919178171613597,0.9093095798741386,0.005721649364363244
chronos,bolt,amazon/chronos-bolt-base,uni,price,5,22,2014-04-22,1.9883280646419235,0.9655651013849634,0.006489058867065883
chronos,bolt,amazon/chronos-bolt-base,uni,price,5,23,2014-08-19,0.5364196210666022,0.2347984485603814,0.0033005904799261092
chronos,bolt,amazon/chronos-bolt-base,uni,price,5,24,2014-12-16,8.249234822828196,3.8045428094945786,0.031660811809023734
chronos,bolt,amazon/chronos-bolt-base,uni,price,5,25,2015-04-17,1.0858681376781196,0.5348377147839795,0.004109493854763409
chronos,bolt,amazon/chronos-bolt-base,uni,price,5,26,2015-08-14,2.7570346248623254,1.4173776610240465,0.010219138792092413
chronos,bolt,amazon/chronos-bolt-base,uni,price,5,27,2015-12-11,1.9731453104436385,1.1671400660911075,0.008857821238782775
chronos,bolt,amazon/chronos-bolt-base,uni,price,5,28,2016-04-13,0.9214869286333555,0.5843783684535514,0.005327168122924077
chronos,bolt,amazon/chronos-bolt-base,uni,price,5,29,2016-08-10,0.6385905034275088,0.3955387754073583,0.003011909442035188
chronos,bolt,amazon/chronos-bolt-base,uni,price,5,30,2016-12-08,0.43087142698728176,0.2561703100896242,0.003557002721826629
chronos,bolt,amazon/chronos-bolt-base,uni,price,5,31,2017-04-10,1.771530344292982,0.9237085717705703,0.005249666525117068
chronos,bolt,amazon/chronos-bolt-base,uni,price,5,32,2017-08-08,1.9851825914469872,0.9415686757942509,0.008910223258179091
chronos,bolt,amazon/chronos-bolt-base,uni,price,5,33,2017-12-05,1.0557950365841648,0.4031222859526818,0.0033272480012918717
chronos,bolt,amazon/chronos-bolt-base,uni,price,5,34,2018-04-06,1.0102708034444465,0.40995370069273407,0.005469617116059841
chronos,bolt,amazon/chronos-bolt-base,uni,price,5,35,2018-08-03,1.2051109105044424,0.4666159804709781,0.0033728379023459606
chronos,bolt,amazon/chronos-bolt-base,uni,price,5,36,2018-11-30,6.5088288950216295,3.0333855790145905,0.02757189854514793
chronos,bolt,amazon/chronos-bolt-base,uni,price,5,37,2019-04-03,0.7488105434507834,0.3819692258470673,0.0031804673079320264
chronos,bolt,amazon/chronos-bolt-base,uni,price,5,38,2019-08-01,4.007321942829186,2.1885741664233023,0.018290252284134296
chronos,bolt,amazon/chronos-bolt-base,uni,price,5,39,2019-11-27,2.9253868681943955,1.6674777412898336,0.011304514028483075
chronos,bolt,amazon/chronos-bolt-base,uni,price,5,40,2020-03-27,2.720111552797296,2.4844009878331423,0.023414705723686098
chronos,bolt,amazon/chronos-bolt-base,uni,price,5,41,2020-07-27,0.6775037416481466,0.5564611492421557,0.005066396564224891
chronos,bolt,amazon/chronos-bolt-base,uni,price,5,42,2020-11-20,2.012452132508387,1.6392387260358954,0.01122433034972396
chronos,bolt,amazon/chronos-bolt-base,uni,price,5,43,2021-03-24,0.9645492150585396,0.727091654937344,0.006201902470715566
chronos,bolt,amazon/chronos-bolt-base,uni,price,5,44,2021-07-22,0.5969066730101128,0.42067993603817755,0.004733745329648709
chronos,bolt,amazon/chronos-bolt-base,uni,price,5,45,2021-11-17,0.681293911868319,0.4563494705962241,0.004312573770629129
chronos,bolt,amazon/chronos-bolt-base,uni,price,5,46,2022-03-18,0.8396984828229309,0.6503127207240256,0.0061660188753137795
chronos,bolt,amazon/chronos-bolt-base,uni,price,5,47,2022-07-19,0.554580704191832,0.4722921894407357,0.00662194730785503
chronos,bolt,amazon/chronos-bolt-base,uni,price,5,48,2022-11-14,0.6357765609280249,0.5883504469813381,0.0076065871275436715
chronos,bolt,amazon/chronos-bolt-base,uni,price,5,49,2023-03-16,0.632645881609252,0.6073162461936956,0.006482790647440497
chronos,bolt,amazon/chronos-bolt-base,uni,price,5,50,2023-07-17,1.3069335571900538,1.107849276837213,0.00772069291881115
chronos,bolt,amazon/chronos-bolt-base,uni,price,5,51,2023-11-10,1.856200858750379,1.6200379452995062,0.012645073062244582
chronos,bolt,amazon/chronos-bolt-base,uni,price,5,52,2024-03-13,0.997286223833262,0.7007102157138017,0.006190703916524675
chronos,bolt,amazon/chronos-bolt-base,uni,price,5,53,2024-07-12,2.0689993137481713,1.1606686697614854,0.007561898782408235
chronos,bolt,amazon/chronos-bolt-base,uni,price,5,54,2024-11-07,0.48116085763669675,0.24743317621415084,0.004669793533223827
chronos,bolt,amazon/chronos-bolt-base,uni,price,5,55,2025-03-12,1.426068572113518,0.7881979898500313,0.007188210922890508
chronos,bolt,amazon/chronos-bolt-base,uni,price,5,56,2025-07-11,1.12870772063703,0.6440692379695188,0.005098296209458928
chronos,bolt,amazon/chronos-bolt-base,uni,price,5,57,2025-11-06,2.6716591658618207,1.455553421731933,0.01122904946624015
chronos,bolt,amazon/chronos-bolt-base,uni,price,5,58,2026-03-10,3.492598551114642,2.011685810625639,0.016401532362811704
chronos,bolt,amazon/chronos-bolt-base,uni,price,5,59,2026-07-09,0.8370289193731492,0.4749764659191276,0.004681006179314107
chronos,bolt,amazon/chronos-bolt-base,uni,simple_return,5,0,2007-01-22,0.7161472253847443,178.26887592920068,0.7973569884315777
chronos,bolt,amazon/chronos-bolt-base,uni,simple_return,5,1,2007-05-18,0.5542612574758569,162.47807445740557,0.8707847391916448
chronos,bolt,amazon/chronos-bolt-base,uni,simple_return,5,2,2007-09-17,1.2607318732529473,177.83061682731088,0.790408568975264
chronos,bolt,amazon/chronos-bolt-base,uni,simple_return,5,3,2008-01-15,1.5264918085493477,197.4017287753179,0.7669998375553919
chronos,bolt,amazon/chronos-bolt-base,uni,simple_return,5,4,2008-05-14,0.6987911494644321,166.487451810851,0.8095580829236485
chronos,bolt,amazon/chronos-bolt-base,uni,simple_return,5,5,2008-09-11,2.5611161966256986,199.04144479090576,0.8735589206843515
chronos,bolt,amazon/chronos-bolt-base,uni,simple_return,5,6,2009-01-09,0.7007194779274742,195.80104694797427,0.8743582805238004
chronos,bolt,amazon/chronos-bolt-base,uni,simple_return,5,7,2009-05-11,0.6850388818215263,166.0931138039119,0.7613188187478905
chronos,bolt,amazon/chronos-bolt-base,uni,simple_return,5,8,2009-09-08,0.22142085964977223,153.60045939014515,0.7104276063780368
chronos,bolt,amazon/chronos-bolt-base,uni,simple_return,5,9,2010-01-06,0.24095648641489642,196.66387025930194,0.8210606018912857
chronos,bolt,amazon/chronos-bolt-base,uni,simple_return,5,10,2010-05-06,0.8211659319985916,190.16770621188726,0.801479133701766
chronos,bolt,amazon/chronos-bolt-base,uni,simple_return,5,11,2010-09-02,0.32041604071288815,136.49580646266494,0.6727764225945386
chronos,bolt,amazon/chronos-bolt-base,uni,simple_return,5,12,2011-01-03,0.22870136382466327,177.80422596774403,1.053936086907606
chronos,bolt,amazon/chronos-bolt-base,uni,simple_return,5,13,2011-05-03,0.48279519859421,132.81930330531785,0.6873179672584885
chronos,bolt,amazon/chronos-bolt-base,uni,simple_return,5,14,2011-08-30,1.2769452174663296,196.1465909768996,0.7589488680406844
chronos,bolt,amazon/chronos-bolt-base,uni,simple_return,5,15,2011-12-28,0.47032078201945343,155.10517331966258,0.7565513969252092
chronos,bolt,amazon/chronos-bolt-base,uni,simple_return,5,16,2012-04-27,0.5863402301808143,185.44071177215324,0.8606814932125517
chronos,bolt,amazon/chronos-bolt-base,uni,simple_return,5,17,2012-08-24,0.24975553664372033,166.40116502002573,0.9637431993967817
chronos,bolt,amazon/chronos-bolt-base,uni,simple_return,5,18,2012-12-26,0.9576408156151267,198.72318888131286,0.8639441997013421
chronos,bolt,amazon/chronos-bolt-base,uni,simple_return,5,19,2013-04-26,0.6224581843804282,171.48366974635672,0.715226576195503
chronos,bolt,amazon/chronos-bolt-base,uni,simple_return,5,20,2013-08-22,0.49968974647704273,150.5192916778305,0.8000868376773949
chronos,bolt,amazon/chronos-bolt-base,uni,simple_return,5,21,2013-12-19,0.37296012965892833,154.25079680467414,0.6410868366981207
chronos,bolt,amazon/chronos-bolt-base,uni,simple_return,5,22,2014-04-22,0.4458871929273928,149.6582863542505,0.7315479390610605
chronos,bolt,amazon/chronos-bolt-base,uni,simple_return,5,23,2014-08-19,0.27170046801634784,108.5597623965207,0.6934360527138442
chronos,bolt,amazon/chronos-bolt-base,uni,simple_return,5,24,2014-12-16,1.3429375293161925,162.12745139438147,0.8375181986164084
chronos,bolt,amazon/chronos-bolt-base,uni,simple_return,5,25,2015-04-17,0.4091752748426057,115.30142658596172,0.6926641189885282
chronos,bolt,amazon/chronos-bolt-base,uni,simple_return,5,26,2015-08-14,1.8011770067663273,188.86025314837727,0.9074897379461654
chronos,bolt,amazon/chronos-bolt-base,uni,simple_return,5,27,2015-12-11,1.4430173262705082,199.7104606245103,0.7544756245333071
chronos,bolt,amazon/chronos-bolt-base,uni,simple_return,5,28,2016-04-13,0.20469911946752575,106.9715426411463,1.0338519839993063
chronos,bolt,amazon/chronos-bolt-base,uni,simple_return,5,29,2016-08-10,0.31602218533803866,182.95715537647894,0.7643972186238756
chronos,bolt,amazon/chronos-bolt-base,uni,simple_return,5,30,2016-12-08,0.5188332645843603,177.81850986440512,0.7179473212887695
chronos,bolt,amazon/chronos-bolt-base,uni,simple_return,5,31,2017-04-10,0.5583278999903617,196.33148965074483,0.8441483702044819
chronos,bolt,amazon/chronos-bolt-base,uni,simple_return,5,32,2017-08-08,0.6469879311517711,184.80838662030527,0.9196841830968197
chronos,bolt,amazon/chronos-bolt-base,uni,simple_return,5,33,2017-12-05,0.32922500078944084,149.94270968512984,0.6639756878059333
chronos,bolt,amazon/chronos-bolt-base,uni,simple_return,5,34,2018-04-06,1.1253945507360854,194.54855640046856,0.7670177963854227
chronos,bolt,amazon/chronos-bolt-base,uni,simple_return,5,35,2018-08-03,0.4886660885476588,170.70462517911093,0.807525501315635
chronos,bolt,amazon/chronos-bolt-base,uni,simple_return,5,36,2018-11-30,1.994846057129732,163.0768867265274,0.8729449281726663
chronos,bolt,amazon/chronos-bolt-base,uni,simple_return,5,37,2019-04-03,0.34596428214202235,94.49372422050472,0.6832949341623067
chronos,bolt,amazon/chronos-bolt-base,uni,simple_return,5,38,2019-08-01,1.6534286959257236,171.73031696278198,0.8506060799717153
chronos,bolt,amazon/chronos-bolt-base,uni,simple_return,5,39,2019-11-27,0.6121050050214523,159.6960600070287,0.8163530249774911
chronos,bolt,amazon/chronos-bolt-base,uni,simple_return,5,40,2020-03-27,2.0827425741637424,176.41791760819632,0.7060374904578526
chronos,bolt,amazon/chronos-bolt-base,uni,simple_return,5,41,2020-07-27,0.4899141542634983,154.75178588611587,0.6480237925724857
chronos,bolt,amazon/chronos-bolt-base,uni,simple_return,5,42,2020-11-20,0.38880852490863094,158.9391714131694,0.8196347899964225
chronos,bolt,amazon/chronos-bolt-base,uni,simple_return,5,43,2021-03-24,0.38809819430452175,156.95635736585342,0.8050876784695307
chronos,bolt,amazon/chronos-bolt-base,uni,simple_return,5,44,2021-07-22,0.2646452006932855,134.97526495490146,0.7310639437097846
chronos,bolt,amazon/chronos-bolt-base,uni,simple_return,5,45,2021-11-17,0.14455580299002543,109.21870174473565,0.7217415811915747
chronos,bolt,amazon/chronos-bolt-base,uni,simple_return,5,46,2022-03-18,0.5527781225819025,150.16978254455108,0.7176370982763899
chronos,bolt,amazon/chronos-bolt-base,uni,simple_return,5,47,2022-07-19,0.6087207088545722,137.52779433587963,0.847492014115263
chronos,bolt,amazon/chronos-bolt-base,uni,simple_return,5,48,2022-11-14,0.45993815646684083,193.48332196603698,0.9535480406062811
chronos,bolt,amazon/chronos-bolt-base,uni,simple_return,5,49,2023-03-16,0.7989686719608187,193.68559012300472,0.7366987657209495
chronos,bolt,amazon/chronos-bolt-base,uni,simple_return,5,50,2023-07-17,0.3025019981728278,148.23650278287013,0.7497639983643878
chronos,bolt,amazon/chronos-bolt-base,uni,simple_return,5,51,2023-11-10,0.3410562903992281,138.98372190480697,0.9706378005984921
chronos,bolt,amazon/chronos-bolt-base,uni,simple_return,5,52,2024-03-13,0.456903956577998,175.46347583075809,0.6521813817643702
chronos,bolt,amazon/chronos-bolt-base,uni,simple_return,5,53,2024-07-12,0.7497945914009819,164.20970700114043,0.828135427511457
chronos,bolt,amazon/chronos-bolt-base,uni,simple_return,5,54,2024-11-07,0.3150342544955051,133.59560201509893,1.0070372876138771
chronos,bolt,amazon/chronos-bolt-base,uni,simple_return,5,55,2025-03-12,1.3971961709277487,180.16530802033492,0.7632643029989912
chronos,bolt,amazon/chronos-bolt-base,uni,simple_return,5,56,2025-07-11,0.2538676440480279,129.5175810043828,0.8582275892341589
chronos,bolt,amazon/chronos-bolt-base,uni,simple_return,5,57,2025-11-06,0.6989400863069577,100.39549891525037,0.8705517518100684
chronos,bolt,amazon/chronos-bolt-base,uni,simple_return,5,58,2026-03-10,0.7203478391184532,165.84928950951857,0.8053290617590819
chronos,bolt,amazon/chronos-bolt-base,uni,simple_return,5,59,2026-07-09,0.45292838787600115,142.74126811072125,0.7007876595800716
chronos,bolt,amazon/chronos-bolt-base,uni,log_return,5,0,2007-01-22,0.7164916658609234,178.10939516815935,0.7969933867778842
chronos,bolt,amazon/chronos-bolt-base,uni,log_return,5,1,2007-05-18,0.5559033243677917,162.3561463191449,0.8711808358783912
chronos,bolt,amazon/chronos-bolt-base,uni,log_return,5,2,2007-09-17,1.2511546894825814,178.07812277622807,0.7890160301701887
chronos,bolt,amazon/chronos-bolt-base,uni,log_return,5,3,2008-01-15,1.5310972202590214,197.37629852668078,0.7668580295003593
chronos,bolt,amazon/chronos-bolt-base,uni,log_return,5,4,2008-05-14,0.7001445442377131,165.82053671243645,0.8088196791749817
chronos,bolt,amazon/chronos-bolt-base,uni,log_return,5,5,2008-09-11,2.5787315094708885,199.03409861944343,0.87446364146718
chronos,bolt,amazon/chronos-bolt-base,uni,log_return,5,6,2009-01-09,0.7079736600429556,195.2524119274007,0.873932537142531
chronos,bolt,amazon/chronos-bolt-base,uni,log_return,5,7,2009-05-11,0.6840118593532516,167.25614553828757,0.7625830927235444
chronos,bolt,amazon/chronos-bolt-base,uni,log_return,5,8,2009-09-08,0.21951334809939393,152.36296049746494,0.7128503087874954
chronos,bolt,amazon/chronos-bolt-base,uni,log_return,5,9,2010-01-06,0.24195767844379668,196.30886937088925,0.8236493356430468
chronos,bolt,amazon/chronos-bolt-base,uni,log_return,5,10,2010-05-06,0.8121879750186797,190.25315629378073,0.8001566371020193
chronos,bolt,amazon/chronos-bolt-base,uni,log_return,5,11,2010-09-02,0.3189745246604023,135.87183440740162,0.6730474882871812
chronos,bolt,amazon/chronos-bolt-base,uni,log_return,5,12,2011-01-03,0.23036761325727226,177.510415890614,1.0597282248810267
chronos,bolt,amazon/chronos-bolt-base,uni,log_return,5,13,2011-05-03,0.48367094654044895,133.06421797136366,0.687175234295513
chronos,bolt,amazon/chronos-bolt-base,uni,log_return,5,14,2011-08-30,1.2752225403324484,196.07479513829585,0.759252775552215
chronos,bolt,amazon/chronos-bolt-base,uni,log_return,5,15,2011-12-28,0.4678027485764199,155.04313027219035,0.7580227203467269
chronos,bolt,amazon/chronos-bolt-base,uni,log_return,5,16,2012-04-27,0.5890499336261604,185.33483952576978,0.8619391981002633
chronos,bolt,amazon/chronos-bolt-base,uni,log_return,5,17,2012-08-24,0.24980568818862425,166.71310865931488,0.9630141739986092
chronos,bolt,amazon/chronos-bolt-base,uni,log_return,5,18,2012-12-26,0.9501820447136893,198.80060128250457,0.8632449655793629
chronos,bolt,amazon/chronos-bolt-base,uni,log_return,5,19,2013-04-26,0.6211836364505133,171.83329112251653,0.716507848261165
chronos,bolt,amazon/chronos-bolt-base,uni,log_return,5,20,2013-08-22,0.5025336770616081,150.7840649412351,0.8007558960044147
chronos,bolt,amazon/chronos-bolt-base,uni,log_return,5,21,2013-12-19,0.37244821304835085,154.37887221982874,0.6411687168478131
chronos,bolt,amazon/chronos-bolt-base,uni,log_return,5,22,2014-04-22,0.44594271909356703,149.0915216681317,0.7318061178785115
chronos,bolt,amazon/chronos-bolt-base,uni,log_return,5,23,2014-08-19,0.2714950983077419,108.67976961162165,0.6943870618445346
chronos,bolt,amazon/chronos-bolt-base,uni,log_return,5,24,2014-12-16,1.3312102208931704,162.39787128830136,0.8377692854737459
chronos,bolt,amazon/chronos-bolt-base,uni,log_return,5,25,2015-04-17,0.4078010041286363,115.1693815197707,0.691779414897934
chronos,bolt,amazon/chronos-bolt-base,uni,log_return,5,26,2015-08-14,1.820377093864973,188.87879492611006,0.908566518431191
chronos,bolt,amazon/chronos-bolt-base,uni,log_return,5,27,2015-12-11,1.4455515600965865,199.79519039931742,0.7557218058370085
chronos,bolt,amazon/chronos-bolt-base,uni,log_return,5,28,2016-04-13,0.20411284180662223,106.95394856975322,1.0347627170513454
chronos,bolt,amazon/chronos-bolt-base,uni,log_return,5,29,2016-08-10,0.3164819907926673,184.08805245417565,0.7661162142870334
chronos,bolt,amazon/chronos-bolt-base,uni,log_return,5,30,2016-12-08,0.5188567042383816,178.12264932159079,0.7189513490402426
chronos,bolt,amazon/chronos-bolt-base,uni,log_return,5,31,2017-04-10,0.5575306422347682,196.36504395138292,0.8436151970385076
chronos,bolt,amazon/chronos-bolt-base,uni,log_return,5,32,2017-08-08,0.647833601436686,184.95897452713544,0.9196032665312899
chronos,bolt,amazon/chronos-bolt-base,uni,log_return,5,33,2017-12-05,0.3282214451647441,149.66053605632618,0.6633209872885703
chronos,bolt,amazon/chronos-bolt-base,uni,log_return,5,34,2018-04-06,1.1207984762161614,194.7774691079806,0.7662169386256819
chronos,bolt,amazon/chronos-bolt-base,uni,log_return,5,35,2018-08-03,0.48858671471560355,170.5310468009583,0.8064270560827125
chronos,bolt,amazon/chronos-bolt-base,uni,log_return,5,36,2018-11-30,2.013691583252739,163.29165035228706,0.874116477563247
chronos,bolt,amazon/chronos-bolt-base,uni,log_return,5,37,2019-04-03,0.3458912536744425,94.42992485638051,0.6825336299406504
chronos,bolt,amazon/chronos-bolt-base,uni,log_return,5,38,2019-08-01,1.6568067959359125,171.49336091138204,0.8512725567763252
chronos,bolt,amazon/chronos-bolt-base,uni,log_return,5,39,2019-11-27,0.6131818553495086,159.3486780219237,0.8178320865999097
chronos,bolt,amazon/chronos-bolt-base,uni,log_return,5,40,2020-03-27,2.08192625149504,174.51007664839995,0.7045483059606277
chronos,bolt,amazon/chronos-bolt-base,uni,log_return,5,41,2020-07-27,0.48745481741219493,153.7927984274307,0.647022392057321
chronos,bolt,amazon/chronos-bolt-base,uni,log_return,5,42,2020-11-20,0.3867690553648124,158.71256058196514,0.8194129101111045
chronos,bolt,amazon/chronos-bolt-base,uni,log_return,5,43,2021-03-24,0.3864340178657529,158.15260461672733,0.8064995820969372
chronos,bolt,amazon/chronos-bolt-base,uni,log_return,5,44,2021-07-22,0.2638215060191518,135.05284544101985,0.7305365698208787
chronos,bolt,amazon/chronos-bolt-base,uni,log_return,5,45,2021-11-17,0.14402305586475708,108.55754684546861,0.72305685356721
chronos,bolt,amazon/chronos-bolt-base,uni,log_return,5,46,2022-03-18,0.5508945315530175,149.81594791092107,0.717409429082877
chronos,bolt,amazon/chronos-bolt-base,uni,log_return,5,47,2022-07-19,0.6099026932791513,138.91445351444588,0.8461753070621602
chronos,bolt,amazon/chronos-bolt-base,uni,log_return,5,48,2022-11-14,0.4595269662373886,193.4341514013345,0.9506298630898138
chronos,bolt,amazon/chronos-bolt-base,uni,log_return,5,49,2023-03-16,0.8000683132315923,193.84714561725733,0.7377921792927927
chronos,bolt,amazon/chronos-bolt-base,uni,log_return,5,50,2023-07-17,0.30278371590808467,149.3211393211006,0.7504996768542349
chronos,bolt,amazon/chronos-bolt-base,uni,log_return,5,51,2023-11-10,0.33840548234401735,139.57642066693305,0.971176215793502
chronos,bolt,amazon/chronos-bolt-base,uni,log_return,5,52,2024-03-13,0.4563959926307258,176.0946160428364,0.6527203348076939
chronos,bolt,amazon/chronos-bolt-base,uni,log_return,5,53,2024-07-12,0.7527839146002161,164.50652237571379,0.8290984932657888
chronos,bolt,amazon/chronos-bolt-base,uni,log_return,5,54,2024-11-07,0.3161463224321207,134.26130819675055,1.0049066244033638
chronos,bolt,amazon/chronos-bolt-base,uni,log_return,5,55,2025-03-12,1.394173682592445,180.06123337225418,0.7632147169932426
chronos,bolt,amazon/chronos-bolt-base,uni,log_return,5,56,2025-07-11,0.2534570430422773,128.81761709863056,0.8601309667723303
chronos,bolt,amazon/chronos-bolt-base,uni,log_return,5,57,2025-11-06,0.6997688052765261,100.33893004111117,0.869666489623539
chronos,bolt,amazon/chronos-bolt-base,uni,log_return,5,58,2026-03-10,0.7220149325823395,165.36273491704884,0.8052667950657592
chronos,bolt,amazon/chronos-bolt-base,uni,log_return,5,59,2026-07-09,0.45377321799369563,142.99514646256185,0.7011491432212692
chronos,bolt,amazon/chronos-bolt-base,uni,price,21,0,2007-01-22,1.5238322111138816,0.6482272354019762,0.005456996779674826
chronos,bolt,amazon/chronos-bolt-base,uni,price,21,1,2007-05-18,2.1516267630424504,0.8772569443326779,0.007079730481135715
chronos,bolt,amazon/chronos-bolt-base,uni,price,21,2,2007-09-17,2.7805441823326227,1.323209400484988,0.009549831145945016
chronos,bolt,amazon/chronos-bolt-base,uni,price,21,3,2008-01-15,2.3049485895997095,1.4671925478734213,0.012676273751742514
chronos,bolt,amazon/chronos-bolt-base,uni,price,21,4,2008-05-14,1.1311157025769671,0.8101725982686923,0.0074519854727618535
chronos,bolt,amazon/chronos-bolt-base,uni,price,21,5,2008-09-11,4.055723696562313,4.062596703074343,0.030268626670732386
chronos,bolt,amazon/chronos-bolt-base,uni,price,21,6,2009-01-09,1.4449549299824465,2.5499254819436916,0.0198755767654255
chronos,bolt,amazon/chronos-bolt-base,uni,price,21,7,2009-05-11,1.4652693768411997,2.615647061285664,0.021371046606038273
chronos,bolt,amazon/chronos-bolt-base,uni,price,21,8,2009-09-08,0.7970229305718822,1.2169779937484757,0.009874828536345352
chronos,bolt,amazon/chronos-bolt-base,uni,price,21,9,2010-01-06,0.8026545724807073,1.1021996950396282,0.008487597167047368
chronos,bolt,amazon/chronos-bolt-base,uni,price,21,10,2010-05-06,1.9285595161504425,2.4494269107864755,0.01930715392879305
chronos,bolt,amazon/chronos-bolt-base,uni,price,21,11,2010-09-02,0.6737067756061009,0.8428932086651327,0.007510557732614018
chronos,bolt,amazon/chronos-bolt-base,uni,price,21,12,2011-01-03,0.6477041065530527,0.5067256311579013,0.005554873093847177
chronos,bolt,amazon/chronos-bolt-base,uni,price,21,13,2011-05-03,1.0286221368527295,0.6758808385710027,0.0064314691324149015
chronos,bolt,amazon/chronos-bolt-base,uni,price,21,14,2011-08-30,3.8096140831213816,3.1170985268742855,0.024005576761268924
chronos,bolt,amazon/chronos-bolt-base,uni,price,21,15,2011-12-28,1.2457830676274821,1.0459358334419215,0.008177028373542785
chronos,bolt,amazon/chronos-bolt-base,uni,price,21,16,2012-04-27,2.23461133414858,1.7988398066693376,0.01276796133359374
chronos,bolt,amazon/chronos-bolt-base,uni,price,21,17,2012-08-24,1.7100522466542574,1.2293212279598462,0.00885678615342485
chronos,bolt,amazon/chronos-bolt-base,uni,price,21,18,2012-12-26,1.5048974313443952,1.0602072223000545,0.007704438959085481
chronos,bolt,amazon/chronos-bolt-base,uni,price,21,19,2013-04-26,1.9208227138002791,1.2410261889821321,0.008732558987156375
chronos,bolt,amazon/chronos-bolt-base,uni,price,21,20,2013-08-22,2.082552959572439,1.2649970822814232,0.010581245094274933
chronos,bolt,amazon/chronos-bolt-base,uni,price,21,21,2013-12-19,2.652990973383121,1.2572345604124933,0.008691612761152469
chronos,bolt,amazon/chronos-bolt-base,uni,price,21,22,2014-04-22,2.481138053379483,1.1984168009441294,0.008551517473019223
chronos,bolt,amazon/chronos-bolt-base,uni,price,21,23,2014-08-19,0.8145082573954109,0.3556082259079434,0.005430887846311354
chronos,bolt,amazon/chronos-bolt-base,uni,price,21,24,2014-12-16,5.262541890424207,2.4205100986151926,0.020277155377909882
chronos,bolt,amazon/chronos-bolt-base,uni,price,21,25,2015-04-17,1.4550318194567686,0.7152170561924815,0.006212352911866483
chronos,bolt,amazon/chronos-bolt-base,uni,price,21,26,2015-08-14,4.4362120059955,2.3511313061536874,0.017849290691832453
chronos,bolt,amazon/chronos-bolt-base,uni,price,21,27,2015-12-11,3.100118878640078,1.8659001989629338,0.013874348904737353
chronos,bolt,amazon/chronos-bolt-base,uni,price,21,28,2016-04-13,0.9246848488717535,0.589833462521247,0.00628620768960449
chronos,bolt,amazon/chronos-bolt-base,uni,price,21,29,2016-08-10,1.72307937713993,1.0663501014785954,0.008050286826848697
chronos,bolt,amazon/chronos-bolt-base,uni,price,21,30,2016-12-08,0.523853979776267,0.3115912253771339,0.004971176334508979
chronos,bolt,amazon/chronos-bolt-base,uni,price,21,31,2017-04-10,1.9151375222598943,0.9916374645432553,0.007111322520328815
chronos,bolt,amazon/chronos-bolt-base,uni,price,21,32,2017-08-08,3.604340841183366,1.7037904418613197,0.01286983770117247
chronos,bolt,amazon/chronos-bolt-base,uni,price,21,33,2017-12-05,1.492586512824278,0.5623471821982733,0.005229382511167273
chronos,bolt,amazon/chronos-bolt-base,uni,price,21,34,2018-04-06,1.9450477965364266,0.7835771614563206,0.008884128251401462
chronos,bolt,amazon/chronos-bolt-base,uni,price,21,35,2018-08-03,1.6446282405414128,0.634398131124216,0.005555439418587615
chronos,bolt,amazon/chronos-bolt-base,uni,price,21,36,2018-11-30,17.908547451183306,8.556009841520034,0.08104185243909477
chronos,bolt,amazon/chronos-bolt-base,uni,price,21,37,2019-04-03,0.8769830805742425,0.44329454894214215,0.005129301490761125
chronos,bolt,amazon/chronos-bolt-base,uni,price,21,38,2019-08-01,5.095666003025069,2.771939826031586,0.02057451992880081
chronos,bolt,amazon/chronos-bolt-base,uni,price,21,39,2019-11-27,2.040068802078753,1.1511622798063095,0.008975656004335444
chronos,bolt,amazon/chronos-bolt-base,uni,price,21,40,2020-03-27,9.117659517148601,7.938528137016005,0.05601558706037207
chronos,bolt,amazon/chronos-bolt-base,uni,price,21,41,2020-07-27,1.9976041903840105,1.600426220409024,0.011144198930182554
chronos,bolt,amazon/chronos-bolt-base,uni,price,21,42,2020-11-20,4.163105003358047,3.374267119199196,0.022512307979046308
chronos,bolt,amazon/chronos-bolt-base,uni,price,21,43,2021-03-24,4.041294574131545,2.969567877891359,0.020520924782407312
chronos,bolt,amazon/chronos-bolt-base,uni,price,21,44,2021-07-22,1.8907398013425802,1.3172419159046136,0.010294203545086703
chronos,bolt,amazon/chronos-bolt-base,uni,price,21,45,2021-11-17,3.840555940232617,2.578547526052917,0.017963364402843074
chronos,bolt,amazon/chronos-bolt-base,uni,price,21,46,2022-03-18,1.6739748101762046,1.2954166796877307,0.01176293902091998
chronos,bolt,amazon/chronos-bolt-base,uni,price,21,47,2022-07-19,5.266684730247582,4.3670353328160365,0.032299483265203016
chronos,bolt,amazon/chronos-bolt-base,uni,price,21,48,2022-11-14,1.2509539056625036,1.148189296755275,0.013036352669733742
chronos,bolt,amazon/chronos-bolt-base,uni,price,21,49,2023-03-16,1.8278961714561237,1.7150431133608341,0.013149577235884358
chronos,bolt,amazon/chronos-bolt-base,uni,price,21,50,2023-07-17,1.2375324644663426,1.0505588274194788,0.008772827468714682
chronos,bolt,amazon/chronos-bolt-base,uni,price,21,51,2023-11-10,4.055783125093257,3.5250261855671807,0.024743470871499775
chronos,bolt,amazon/chronos-bolt-base,uni,price,21,52,2024-03-13,1.156629687373466,0.8069505903170567,0.008264826191283891
chronos,bolt,amazon/chronos-bolt-base,uni,price,21,53,2024-07-12,7.1241406166910135,4.055472971889137,0.0320716276546649
chronos,bolt,amazon/chronos-bolt-base,uni,price,21,54,2024-11-07,1.6458118323957258,0.8453163961604306,0.008604429031478027
chronos,bolt,amazon/chronos-bolt-base,uni,price,21,55,2025-03-12,5.016620881697203,2.860557236203921,0.0229043017408933
chronos,bolt,amazon/chronos-bolt-base,uni,price,21,56,2025-07-11,4.237413324148418,2.4196532821589085,0.016911350095640054
chronos,bolt,amazon/chronos-bolt-base,uni,price,21,57,2025-11-06,4.486673549023978,2.4712105319609745,0.01919965968469038
chronos,bolt,amazon/chronos-bolt-base,uni,price,21,58,2026-03-10,7.334054965954739,4.247110839081739,0.034333667230092756
chronos,bolt,amazon/chronos-bolt-base,uni,price,21,59,2026-07-09,2.837465367737142,1.6123198523070605,0.012157141102867444
chronos,bolt,amazon/chronos-bolt-base,uni,simple_return,21,0,2007-01-22,0.5112132152640496,156.46436601410127,0.7647621325665661
chronos,bolt,amazon/chronos-bolt-base,uni,simple_return,21,1,2007-05-18,0.7674198008209043,141.0418982872973,0.812545844228071
chronos,bolt,amazon/chronos-bolt-base,uni,simple_return,21,2,2007-09-17,0.7762248357282516,179.7132450934789,0.774424485166382
chronos,bolt,amazon/chronos-bolt-base,uni,simple_return,21,3,2008-01-15,1.2803422912382716,193.63316275389454,0.7345981610390917
chronos,bolt,amazon/chronos-bolt-base,uni,simple_return,21,4,2008-05-14,0.759917450030799,163.78833957587793,0.821546743380548
chronos,bolt,amazon/chronos-bolt-base,uni,simple_return,21,5,2008-09-11,2.620018467567172,195.70663205347338,0.8815258951287972
chronos,bolt,amazon/chronos-bolt-base,uni,simple_return,21,6,2009-01-09,1.0128289455082011,190.69265024981362,0.8094226887941194
chronos,bolt,amazon/chronos-bolt-base,uni,simple_return,21,7,2009-05-11,0.5020747374366799,186.7878282303881,0.8101870637813744
chronos,bolt,amazon/chronos-bolt-base,uni,simple_return,21,8,2009-09-08,0.3463550213562505,173.06190834368468,0.7717812222995191
chronos,bolt,amazon/chronos-bolt-base,uni,simple_return,21,9,2010-01-06,0.43117258903317485,191.11846805836313,0.7557229503047083
chronos,bolt,amazon/chronos-bolt-base,uni,simple_return,21,10,2010-05-06,0.7660334437857959,178.49579748202135,0.8266329596936415
chronos,bolt,amazon/chronos-bolt-base,uni,simple_return,21,11,2010-09-02,0.29668791809853934,157.11975996449746,0.8260529453642705
chronos,bolt,amazon/chronos-bolt-base,uni,simple_return,21,12,2011-01-03,0.31825229610176453,134.4080672755457,0.7908738316647723
chronos,bolt,amazon/chronos-bolt-base,uni,simple_return,21,13,2011-05-03,0.5447562171491395,142.58542684530946,0.7999401614079384
chronos,bolt,amazon/chronos-bolt-base,uni,simple_return,21,14,2011-08-30,1.176392174701118,174.82744749601474,0.752193257183398
chronos,bolt,amazon/chronos-bolt-base,uni,simple_return,21,15,2011-12-28,0.31951299922869214,142.16615653401487,0.8268874707707288
chronos,bolt,amazon/chronos-bolt-base,uni,simple_return,21,16,2012-04-27,0.4902022578057713,161.7757533909388,0.8596767624523255
chronos,bolt,amazon/chronos-bolt-base,uni,simple_return,21,17,2012-08-24,0.3624828275890216,178.38006631049942,0.8904305085627158
chronos,bolt,amazon/chronos-bolt-base,uni,simple_return,21,18,2012-12-26,0.4122831446328412,190.582479309907,0.8653408401332405
chronos,bolt,amazon/chronos-bolt-base,uni,simple_return,21,19,2013-04-26,0.4214408338301592,167.21065465598468,0.734518804755806
chronos,bolt,amazon/chronos-bolt-base,uni,simple_return,21,20,2013-08-22,0.44675174787636834,160.32341095364643,0.7480669980453967
chronos,bolt,amazon/chronos-bolt-base,uni,simple_return,21,21,2013-12-19,0.43636310837279446,157.75134989006477,0.7937797134257056
chronos,bolt,amazon/chronos-bolt-base,uni,simple_return,21,22,2014-04-22,0.48993964981156385,149.45011476144273,0.762329632343707
chronos,bolt,amazon/chronos-bolt-base,uni,simple_return,21,23,2014-08-19,0.367804702709283,145.05973990208102,0.8027802372144757
chronos,bolt,amazon/chronos-bolt-base,uni,simple_return,21,24,2014-12-16,1.1171835325549015,174.66685021627043,0.8535004241417008
chronos,bolt,amazon/chronos-bolt-base,uni,simple_return,21,25,2015-04-17,0.6353795253582097,149.0590054050696,0.7690042478101049
chronos,bolt,amazon/chronos-bolt-base,uni,simple_return,21,26,2015-08-14,1.949099761696775,170.52146667975617,0.8947172191126472
chronos,bolt,amazon/chronos-bolt-base,uni,simple_return,21,27,2015-12-11,1.2059467486015034,184.82030427503642,0.7929306610792826
chronos,bolt,amazon/chronos-bolt-base,uni,simple_return,21,28,2016-04-13,0.4193964178720039,158.3514187937471,0.8640363779044491
chronos,bolt,amazon/chronos-bolt-base,uni,simple_return,21,29,2016-08-10,0.35981449669342475,189.58369953073318,0.8849841022631277
chronos,bolt,amazon/chronos-bolt-base,uni,simple_return,21,30,2016-12-08,0.37819899952134833,170.3977506699712,0.7743067102667575
chronos,bolt,amazon/chronos-bolt-base,uni,simple_return,21,31,2017-04-10,0.3605430539242864,157.37152611395305,0.8221868342132604
chronos,bolt,amazon/chronos-bolt-base,uni,simple_return,21,32,2017-08-08,0.4955370532883584,152.36374272462908,0.8504195495923288
chronos,bolt,amazon/chronos-bolt-base,uni,simple_return,21,33,2017-12-05,0.4745129255731597,164.657977467399,0.7579668243469081
chronos,bolt,amazon/chronos-bolt-base,uni,simple_return,21,34,2018-04-06,0.9657194923150836,184.58359833629697,0.8198075333860942
chronos,bolt,amazon/chronos-bolt-base,uni,simple_return,21,35,2018-08-03,0.5562389067652023,162.0955854745866,0.7584369958256973
chronos,bolt,amazon/chronos-bolt-base,uni,simple_return,21,36,2018-11-30,1.9835033080876165,173.12765611005628,0.8827776367658479
chronos,bolt,amazon/chronos-bolt-base,uni,simple_return,21,37,2019-04-03,0.37403767826058765,126.79521275851941,0.8093120835866705
chronos,bolt,amazon/chronos-bolt-base,uni,simple_return,21,38,2019-08-01,1.3438786615910037,174.11351138087636,0.8257173972336478
chronos,bolt,amazon/chronos-bolt-base,uni,simple_return,21,39,2019-11-27,0.4208198554164254,154.6072166637116,0.8003662838365193
chronos,bolt,amazon/chronos-bolt-base,uni,simple_return,21,40,2020-03-27,1.783123282734271,173.30426450802995,0.8041414526298665
chronos,bolt,amazon/chronos-bolt-base,uni,simple_return,21,41,2020-07-27,0.3168713861216584,116.4298098835857,0.6930608787723812
chronos,bolt,amazon/chronos-bolt-base,uni,simple_return,21,42,2020-11-20,0.3264018357410124,155.97011875541597,0.9327977809555718
chronos,bolt,amazon/chronos-bolt-base,uni,simple_return,21,43,2021-03-24,0.41229588875685935,162.85552504741864,0.7894973575258907
chronos,bolt,amazon/chronos-bolt-base,uni,simple_return,21,44,2021-07-22,0.26009015157276816,118.48248234181138,0.7730712230607099
chronos,bolt,amazon/chronos-bolt-base,uni,simple_return,21,45,2021-11-17,0.6780921375048095,162.0664870959132,0.8648314422783282
chronos,bolt,amazon/chronos-bolt-base,uni,simple_return,21,46,2022-03-18,0.6008367273020062,158.31298118683114,0.762495900207496
chronos,bolt,amazon/chronos-bolt-base,uni,simple_return,21,47,2022-07-19,0.6951916203394597,158.81369843753615,0.8355770870125176
chronos,bolt,amazon/chronos-bolt-base,uni,simple_return,21,48,2022-11-14,0.6636065319703682,191.13807072123728,0.8502171341493332
chronos,bolt,amazon/chronos-bolt-base,uni,simple_return,21,49,2023-03-16,0.48966192878253545,191.61404075066147,0.796580124458105
chronos,bolt,amazon/chronos-bolt-base,uni,simple_return,21,50,2023-07-17,0.38482197414869174,173.22922836996736,0.8011357749138055
chronos,bolt,amazon/chronos-bolt-base,uni,simple_return,21,51,2023-11-10,0.28486071468934576,168.56642121242794,0.851970062582117
chronos,bolt,amazon/chronos-bolt-base,uni,simple_return,21,52,2024-03-13,0.44802561987104406,155.60712142982064,0.7915548764212084
chronos,bolt,amazon/chronos-bolt-base,uni,simple_return,21,53,2024-07-12,1.0190904794979725,171.45542411820674,0.8782020770174052
chronos,bolt,amazon/chronos-bolt-base,uni,simple_return,21,54,2024-11-07,0.3710033517154934,127.28504594812742,0.7952296721830945
chronos,bolt,amazon/chronos-bolt-base,uni,simple_return,21,55,2025-03-12,2.1021236566549795,175.74911771823918,0.8840709241485736
chronos,bolt,amazon/chronos-bolt-base,uni,simple_return,21,56,2025-07-11,0.46980277453384744,151.42819921267153,0.8775634132004283
chronos,bolt,amazon/chronos-bolt-base,uni,simple_return,21,57,2025-11-06,0.6460069602549273,132.5724995236101,0.8018939089711314
chronos,bolt,amazon/chronos-bolt-base,uni,simple_return,21,58,2026-03-10,0.9655655131339599,160.29520086375524,0.8224267466120669
chronos,bolt,amazon/chronos-bolt-base,uni,simple_return,21,59,2026-07-09,0.6570671360868792,158.69337526008314,0.7944383570463857
chronos,bolt,amazon/chronos-bolt-base,uni,log_return,21,0,2007-01-22,0.5108125992239665,156.4234404145136,0.7646998554051531
chronos,bolt,amazon/chronos-bolt-base,uni,log_return,21,1,2007-05-18,0.7679377163563904,140.82552305041412,0.8125879404770624
chronos,bolt,amazon/chronos-bolt-base,uni,log_return,21,2,2007-09-17,0.773108535097202,179.92514524627268,0.7736161679188657
chronos,bolt,amazon/chronos-bolt-base,uni,log_return,21,3,2008-01-15,1.2820842824156404,193.68787307568718,0.7350004154180385
chronos,bolt,amazon/chronos-bolt-base,uni,log_return,21,4,2008-05-14,0.7621022396773546,163.85677025894338,0.8215691739763753
chronos,bolt,amazon/chronos-bolt-base,uni,log_return,21,5,2008-09-11,2.6572033816175296,195.80270583757442,0.882865881552813
chronos,bolt,amazon/chronos-bolt-base,uni,log_return,21,6,2009-01-09,1.0172331424415695,190.47544970253782,0.8106381773899726
chronos,bolt,amazon/chronos-bolt-base,uni,log_return,21,7,2009-05-11,0.5004725880004798,187.1308888361556,0.809592765554505
chronos,bolt,amazon/chronos-bolt-base,uni,log_return,21,8,2009-09-08,0.3456821772144969,172.60228464079236,0.7725756552533519
chronos,bolt,amazon/chronos-bolt-base,uni,log_return,21,9,2010-01-06,0.43275382357381714,190.53433424334344,0.7556781578593716
chronos,bolt,amazon/chronos-bolt-base,uni,log_return,21,10,2010-05-06,0.7655249861197018,178.44095173630456,0.8265945219237802
chronos,bolt,amazon/chronos-bolt-base,uni,log_return,21,11,2010-09-02,0.2953990280649965,156.68440955304877,0.8273173401107958
chronos,bolt,amazon/chronos-bolt-base,uni,log_return,21,12,2011-01-03,0.3184689246760475,133.83474176678197,0.7918110089995043
chronos,bolt,amazon/chronos-bolt-base,uni,log_return,21,13,2011-05-03,0.5465216256180933,142.8114604550844,0.7998280523581446
chronos,bolt,amazon/chronos-bolt-base,uni,log_return,21,14,2011-08-30,1.1786393649315883,174.57176000762655,0.7532374268981167
chronos,bolt,amazon/chronos-bolt-base,uni,log_return,21,15,2011-12-28,0.318370299344941,141.9452680244886,0.8278079989838927
chronos,bolt,amazon/chronos-bolt-base,uni,log_return,21,16,2012-04-27,0.49133492327414074,161.6589629187546,0.8605436301928481
chronos,bolt,amazon/chronos-bolt-base,uni,log_return,21,17,2012-08-24,0.3611924914020728,178.7139490737345,0.8906915626783483
chronos,bolt,amazon/chronos-bolt-base,uni,log_return,21,18,2012-12-26,0.4103823263790201,191.4459345673696,0.8658664234567347
chronos,bolt,amazon/chronos-bolt-base,uni,log_return,21,19,2013-04-26,0.4206700209886194,167.4834623260658,0.7353370586887472
chronos,bolt,amazon/chronos-bolt-base,uni,log_return,21,20,2013-08-22,0.44697400555548045,160.45922112056036,0.7481459241508056
chronos,bolt,amazon/chronos-bolt-base,uni,log_return,21,21,2013-12-19,0.4364432393863148,157.83403821802153,0.7935872271421793
chronos,bolt,amazon/chronos-bolt-base,uni,log_return,21,22,2014-04-22,0.4899617633315028,149.04888352362838,0.7623471261318931
chronos,bolt,amazon/chronos-bolt-base,uni,log_return,21,23,2014-08-19,0.36756948198416206,145.2119248360257,0.8029813694532735
chronos,bolt,amazon/chronos-bolt-base,uni,log_return,21,24,2014-12-16,1.114898061298398,174.7708273056056,0.8533961081689103
chronos,bolt,amazon/chronos-bolt-base,uni,log_return,21,25,2015-04-17,0.6346158672627726,148.90595783359106,0.7682873372117243
chronos,bolt,amazon/chronos-bolt-base,uni,log_return,21,26,2015-08-14,1.9535644094960292,170.52344612732415,0.8949901402950226
chronos,bolt,amazon/chronos-bolt-base,uni,log_return,21,27,2015-12-11,1.210390518294447,184.72595819972335,0.7939397081822076
chronos,bolt,amazon/chronos-bolt-base,uni,log_return,21,28,2016-04-13,0.4194180481308204,158.35713727287373,0.8639174597937634
chronos,bolt,amazon/chronos-bolt-base,uni,log_return,21,29,2016-08-10,0.3610995362544575,190.27347053529527,0.8854588586977408
chronos,bolt,amazon/chronos-bolt-base,uni,log_return,21,30,2016-12-08,0.3781521717817763,170.6073635387448,0.7744304934232997
chronos,bolt,amazon/chronos-bolt-base,uni,log_return,21,31,2017-04-10,0.35975021646881056,157.60115176984175,0.821800690037303
chronos,bolt,amazon/chronos-bolt-base,uni,log_return,21,32,2017-08-08,0.49615147025706785,152.49776575416908,0.8503687541834771
chronos,bolt,amazon/chronos-bolt-base,uni,log_return,21,33,2017-12-05,0.47358863723173106,164.6412318115421,0.7577640324165047
chronos,bolt,amazon/chronos-bolt-base,uni,log_return,21,34,2018-04-06,0.9639400854906344,185.15286729208248,0.8183007972274445
chronos,bolt,amazon/chronos-bolt-base,uni,log_return,21,35,2018-08-03,0.5553792919061585,162.01670479991824,0.7585466492916104
chronos,bolt,amazon/chronos-bolt-base,uni,log_return,21,36,2018-11-30,1.9887266748380188,173.14298887739105,0.8829499686266007
chronos,bolt,amazon/chronos-bolt-base,uni,log_return,21,37,2019-04-03,0.3733050853489253,126.67405494724744,0.808618545722831
chronos,bolt,amazon/chronos-bolt-base,uni,log_return,21,38,2019-08-01,1.3466767734007195,173.90888331923787,0.8270078647311787
chronos,bolt,amazon/chronos-bolt-base,uni,log_return,21,39,2019-11-27,0.42023546198575523,154.3977582908875,0.8011940936258638
chronos,bolt,amazon/chronos-bolt-base,uni,log_return,21,40,2020-03-27,1.7727219679575055,172.95741365428427,0.804926139602772
chronos,bolt,amazon/chronos-bolt-base,uni,log_return,21,41,2020-07-27,0.3148977314569631,115.43279993858664,0.6923498771857015
chronos,bolt,amazon/chronos-bolt-base,uni,log_return,21,42,2020-11-20,0.32519688429473187,155.87936789230926,0.9287721425489247
chronos,bolt,amazon/chronos-bolt-base,uni,log_return,21,43,2021-03-24,0.4106615949336215,163.6131121607162,0.7873333620390712
chronos,bolt,amazon/chronos-bolt-base,uni,log_return,21,44,2021-07-22,0.25958728563127664,118.55676067195984,0.7725035760022677
chronos,bolt,amazon/chronos-bolt-base,uni,log_return,21,45,2021-11-17,0.6775859766453137,161.8035403408132,0.8649135343841892
chronos,bolt,amazon/chronos-bolt-base,uni,log_return,21,46,2022-03-18,0.6006687735423377,158.227202406806,0.7618314689951142
chronos,bolt,amazon/chronos-bolt-base,uni,log_return,21,47,2022-07-19,0.6914907594717228,159.0690939330161,0.835946519664531
chronos,bolt,amazon/chronos-bolt-base,uni,log_return,21,48,2022-11-14,0.6622635766049032,190.93156403155567,0.8487884620904905
chronos,bolt,amazon/chronos-bolt-base,uni,log_return,21,49,2023-03-16,0.4890060072405535,192.2716135610442,0.7967382506933954
chronos,bolt,amazon/chronos-bolt-base,uni,log_return,21,50,2023-07-17,0.3850361419669779,173.79470671111255,0.800902366498872
chronos,bolt,amazon/chronos-bolt-base,uni,log_return,21,51,2023-11-10,0.2840617751709462,169.52385250590768,0.8519271036504279
chronos,bolt,amazon/chronos-bolt-base,uni,log_return,21,52,2024-03-13,0.4480602510981989,155.79179578633006,0.7914167537725746
chronos,bolt,amazon/chronos-bolt-base,uni,log_return,21,53,2024-07-12,1.0227543932795504,171.54656388918272,0.8790632446105479
chronos,bolt,amazon/chronos-bolt-base,uni,log_return,21,54,2024-11-07,0.37196998007880944,127.6012073667049,0.7952207786861908
chronos,bolt,amazon/chronos-bolt-base,uni,log_return,21,55,2025-03-12,2.099492215450785,175.68222408264867,0.8837545450675797
chronos,bolt,amazon/chronos-bolt-base,uni,log_return,21,56,2025-07-11,0.47084353388047656,151.4610151911485,0.8800831181371732
chronos,bolt,amazon/chronos-bolt-base,uni,log_return,21,57,2025-11-06,0.6473002134013842,133.36699893684656,0.8028293652579518
chronos,bolt,amazon/chronos-bolt-base,uni,log_return,21,58,2026-03-10,0.964871717537247,159.97982299860192,0.8219018954954422
chronos,bolt,amazon/chronos-bolt-base,uni,log_return,21,59,2026-07-09,0.6563673209966139,158.75694740320756,0.7945477782155287
chronos,2,amazon/chronos-2,uni,price,5,0,2007-01-22,0.885490198277767,0.3801191707953733,0.0035045817224217657
chronos,2,amazon/chronos-2,uni,price,5,1,2007-05-18,1.0265895894543966,0.41949865617534143,0.0032915183328990944
chronos,2,amazon/chronos-2,uni,price,5,2,2007-09-17,5.890324080803163,2.8572771384963764,0.02427887385467574
chronos,2,amazon/chronos-2,uni,price,5,3,2008-01-15,5.657763725788752,3.587919415551064,0.029105794571363308
chronos,2,amazon/chronos-2,uni,price,5,4,2008-05-14,1.4546854010967378,1.0241440268318511,0.007373691495025972
chronos,2,amazon/chronos-2,uni,price,5,5,2008-09-11,3.868846789130103,3.463295489205069,0.028321903375725908
chronos,2,amazon/chronos-2,uni,price,5,6,2009-01-09,3.176212010786014,5.421772714424686,0.03776913909664338
chronos,2,amazon/chronos-2,uni,price,5,7,2009-05-11,1.39865574047249,2.5382517463194523,0.017997810669156636
chronos,2,amazon/chronos-2,uni,price,5,8,2009-09-08,0.487021011711159,0.7486904841400357,0.0058860232633940485
chronos,2,amazon/chronos-2,uni,price,5,9,2010-01-06,0.2349647659850076,0.31231054238299794,0.0030342086844118966
chronos,2,amazon/chronos-2,uni,price,5,10,2010-05-06,2.026623698907895,2.4972825587317553,0.01758417584078278
chronos,2,amazon/chronos-2,uni,price,5,11,2010-09-02,0.7776308954139779,0.9951939061787979,0.007878412208652602
chronos,2,amazon/chronos-2,uni,price,5,12,2011-01-03,0.22187224171756909,0.1757948188158363,0.002951282006658038
chronos,2,amazon/chronos-2,uni,price,5,13,2011-05-03,1.7780008916390073,1.154117275057823,0.008548793492377395
chronos,2,amazon/chronos-2,uni,price,5,14,2011-08-30,2.066392452732633,1.6440180788166485,0.012592600889844804
chronos,2,amazon/chronos-2,uni,price,5,15,2011-12-28,2.0621283540700714,1.7725623565881397,0.011952201277300564
chronos,2,amazon/chronos-2,uni,price,5,16,2012-04-27,0.9477266421828807,0.7407734231893404,0.006304432605216285
chronos,2,amazon/chronos-2,uni,price,5,17,2012-08-24,0.5343478077385562,0.39171104200983725,0.0033803196965011867
chronos,2,amazon/chronos-2,uni,price,5,18,2012-12-26,2.011649102212282,1.4449568167771325,0.011225711525045189
chronos,2,amazon/chronos-2,uni,price,5,19,2013-04-26,1.5833761970770601,1.0474797716125794,0.008068328794909383
chronos,2,amazon/chronos-2,uni,price,5,20,2013-08-22,1.6489045747694573,1.0156979195347315,0.007407911312620859
chronos,2,amazon/chronos-2,uni,price,5,21,2013-12-19,2.3960016124889782,1.1368164116871047,0.008061036807187828
chronos,2,amazon/chronos-2,uni,price,5,22,2014-04-22,1.3365246694287862,0.650320130468345,0.0044747826530583375
chronos,2,amazon/chronos-2,uni,price,5,23,2014-08-19,1.1455957337512168,0.5024297802090527,0.0036513729438277572
chronos,2,amazon/chronos-2,uni,price,5,24,2014-12-16,8.769982545173768,4.050163564919261,0.03524675695985116
chronos,2,amazon/chronos-2,uni,price,5,25,2015-04-17,1.6348915786040283,0.8068469120070034,0.005754922048687903
chronos,2,amazon/chronos-2,uni,price,5,26,2015-08-14,3.8968866959296626,1.992473561868875,0.016974093001524575
chronos,2,amazon/chronos-2,uni,price,5,27,2015-12-11,2.2824900836234554,1.3517896501581,0.010039786861034185
chronos,2,amazon/chronos-2,uni,price,5,28,2016-04-13,1.4377732874110898,0.9138261348657903,0.006690199574625458
chronos,2,amazon/chronos-2,uni,price,5,29,2016-08-10,0.9446435603828472,0.5870144049805002,0.004802748104168183
chronos,2,amazon/chronos-2,uni,price,5,30,2016-12-08,1.6732282719029625,0.9995231582251037,0.007610513949597257
chronos,2,amazon/chronos-2,uni,price,5,31,2017-04-10,0.8121165303635643,0.4249595002075895,0.0032676207549443112
chronos,2,amazon/chronos-2,uni,price,5,32,2017-08-08,1.5969243543295306,0.758440096287605,0.006410302453274701
chronos,2,amazon/chronos-2,uni,price,5,33,2017-12-05,1.2439443776787025,0.4748128786153395,0.003210597208718621
chronos,2,amazon/chronos-2,uni,price,5,34,2018-04-06,4.151475973232028,1.6947830511307838,0.011698347667216953
chronos,2,amazon/chronos-2,uni,price,5,35,2018-08-03,1.1404134037400198,0.44265370862477166,0.0032763530103967434
chronos,2,amazon/chronos-2,uni,price,5,36,2018-11-30,6.6714115835054315,3.1073383628284295,0.025560983047498525
chronos,2,amazon/chronos-2,uni,price,5,37,2019-04-03,0.4812472219439908,0.245514188599692,0.0030517505693508887
chronos,2,amazon/chronos-2,uni,price,5,38,2019-08-01,3.744282077843148,2.0468363265530405,0.01597483133585181
chronos,2,amazon/chronos-2,uni,price,5,39,2019-11-27,2.1493484042716497,1.2281445814341212,0.009284691648194765
chronos,2,amazon/chronos-2,uni,price,5,40,2020-03-27,2.3054976693098936,2.099674195855926,0.018024782811017354
chronos,2,amazon/chronos-2,uni,price,5,41,2020-07-27,0.9602334617008985,0.7892677303509035,0.005656943892711285
chronos,2,amazon/chronos-2,uni,price,5,42,2020-11-20,1.9278487118280776,1.5695023120873608,0.011049297511511407
chronos,2,amazon/chronos-2,uni,price,5,43,2021-03-24,1.7352046494965165,1.3118031919228426,0.010108263282230575
chronos,2,amazon/chronos-2,uni,price,5,44,2021-07-22,1.3719002145766521,0.9719843308588448,0.00720005467622745
chronos,2,amazon/chronos-2,uni,price,5,45,2021-11-17,0.3896534803757889,0.26161000728080014,0.0022386138530922067
chronos,2,amazon/chronos-2,uni,price,5,46,2022-03-18,1.063404365264657,0.8237103691079825,0.00701779517468402
chronos,2,amazon/chronos-2,uni,price,5,47,2022-07-19,0.8347235859931506,0.7116289442860494,0.00769464644262184
chronos,2,amazon/chronos-2,uni,price,5,48,2022-11-14,0.6387819565059089,0.5910248724359437,0.007255930734691002
chronos,2,amazon/chronos-2,uni,price,5,49,2023-03-16,0.6976089377326414,0.669409367977981,0.006183183158320118
chronos,2,amazon/chronos-2,uni,price,5,50,2023-07-17,1.0750268219847117,0.9098248406634948,0.00650170418111921
chronos,2,amazon/chronos-2,uni,price,5,51,2023-11-10,1.9203819191718954,1.6766342766431013,0.01266711121718796
chronos,2,amazon/chronos-2,uni,price,5,52,2024-03-13,0.7711045527792476,0.5418749812043454,0.004364522011841805
chronos,2,amazon/chronos-2,uni,price,5,53,2024-07-12,1.8241744724309625,1.0240213397642655,0.007599605499492836
chronos,2,amazon/chronos-2,uni,price,5,54,2024-11-07,0.5901046152363255,0.3037142028427962,0.0037365144768842892
chronos,2,amazon/chronos-2,uni,price,5,55,2025-03-12,1.3431628070735027,0.7422974747708186,0.006563825704412741
chronos,2,amazon/chronos-2,uni,price,5,56,2025-07-11,0.8147056050098599,0.4631591713516932,0.004189312482901256
chronos,2,amazon/chronos-2,uni,price,5,57,2025-11-06,1.8838264897078665,1.0229671678308434,0.008630724308849423
chronos,2,amazon/chronos-2,uni,price,5,58,2026-03-10,2.0672386422439524,1.196779985858472,0.008768617895382688
chronos,2,amazon/chronos-2,uni,price,5,59,2026-07-09,0.5562084797971446,0.3161506789279227,0.0033590039348164232
chronos,2,amazon/chronos-2,uni,simple_return,5,0,2007-01-22,0.7111177939737692,183.96624632475144,0.8078014636419316
chronos,2,amazon/chronos-2,uni,simple_return,5,1,2007-05-18,0.5536396519621638,157.26914214279688,0.8716455015497371
chronos,2,amazon/chronos-2,uni,simple_return,5,2,2007-09-17,1.2529293934098507,180.42677183056904,0.7795469842359606
chronos,2,amazon/chronos-2,uni,simple_return,5,3,2008-01-15,1.5607432719813792,197.25674624835796,0.7889114547531937
chronos,2,amazon/chronos-2,uni,simple_return,5,4,2008-05-14,0.678730228787328,141.3019864795689,0.8070037119728984
chronos,2,amazon/chronos-2,uni,simple_return,5,5,2008-09-11,2.5549645075376786,178.88260044700607,0.8728365780247089
chronos,2,amazon/chronos-2,uni,simple_return,5,6,2009-01-09,0.6868728363364853,169.35808187586133,0.8636508277908203
chronos,2,amazon/chronos-2,uni,simple_return,5,7,2009-05-11,0.7027756824895532,195.82675990257653,0.7613270133425574
chronos,2,amazon/chronos-2,uni,simple_return,5,8,2009-09-08,0.2312595298140514,170.4763075125768,0.710239932321387
chronos,2,amazon/chronos-2,uni,simple_return,5,9,2010-01-06,0.2151094698939823,147.38822523972001,0.7558522566736269
chronos,2,amazon/chronos-2,uni,simple_return,5,10,2010-05-06,0.838410909782285,195.32091317355906,0.8023266227831314
chronos,2,amazon/chronos-2,uni,simple_return,5,11,2010-09-02,0.33439649163958585,149.66913595771422,0.671712552870646
chronos,2,amazon/chronos-2,uni,simple_return,5,12,2011-01-03,0.2117927007154895,179.8981883126392,0.9794724517056888
chronos,2,amazon/chronos-2,uni,simple_return,5,13,2011-05-03,0.5013403504774272,142.40143882692877,0.7361773354045458
chronos,2,amazon/chronos-2,uni,simple_return,5,14,2011-08-30,1.271003042579773,186.7633161408,0.7462171588083002
chronos,2,amazon/chronos-2,uni,simple_return,5,15,2011-12-28,0.46514079912769646,150.97101833551588,0.7627106838459445
chronos,2,amazon/chronos-2,uni,simple_return,5,16,2012-04-27,0.5841850345389037,185.0904313417086,0.8477377246942067
chronos,2,amazon/chronos-2,uni,simple_return,5,17,2012-08-24,0.2579629980408391,151.33313926158115,0.9037503735546141
chronos,2,amazon/chronos-2,uni,simple_return,5,18,2012-12-26,0.9666989681360664,194.98455311735546,0.8493467825565302
chronos,2,amazon/chronos-2,uni,simple_return,5,19,2013-04-26,0.607163650932065,160.29508957670492,0.6760947013962032
chronos,2,amazon/chronos-2,uni,simple_return,5,20,2013-08-22,0.4973778772445512,143.47476654516615,0.8037317887397247
chronos,2,amazon/chronos-2,uni,simple_return,5,21,2013-12-19,0.35685151925815095,145.06441510758526,0.6432814257897901
chronos,2,amazon/chronos-2,uni,simple_return,5,22,2014-04-22,0.4482116280694027,135.49427320729865,0.7511723240306826
chronos,2,amazon/chronos-2,uni,simple_return,5,23,2014-08-19,0.2697078268319357,106.81782880939905,0.7337371612045562
chronos,2,amazon/chronos-2,uni,simple_return,5,24,2014-12-16,1.3128098359891356,149.57624084063863,0.8271609135221716
chronos,2,amazon/chronos-2,uni,simple_return,5,25,2015-04-17,0.41560928406949826,122.34805606114554,0.7072608522535002
chronos,2,amazon/chronos-2,uni,simple_return,5,26,2015-08-14,1.789966908957133,189.13385667091583,0.8944256060815374
chronos,2,amazon/chronos-2,uni,simple_return,5,27,2015-12-11,1.4062301499272618,184.2916824095174,0.7052977463024196
chronos,2,amazon/chronos-2,uni,simple_return,5,28,2016-04-13,0.22250210432757273,125.50679806604236,1.24321698925383
chronos,2,amazon/chronos-2,uni,simple_return,5,29,2016-08-10,0.3061563920476349,159.25462836629552,0.7836978973422863
chronos,2,amazon/chronos-2,uni,simple_return,5,30,2016-12-08,0.5199372823388609,181.48053572716017,0.7037578262885732
chronos,2,amazon/chronos-2,uni,simple_return,5,31,2017-04-10,0.5603636711135833,196.54442529953428,0.853081485324109
chronos,2,amazon/chronos-2,uni,simple_return,5,32,2017-08-08,0.6557812628907789,177.1475063256202,0.9263208496983205
chronos,2,amazon/chronos-2,uni,simple_return,5,33,2017-12-05,0.3349361266210319,152.02408071001545,0.6719945866598305
chronos,2,amazon/chronos-2,uni,simple_return,5,34,2018-04-06,1.0881173176511196,181.50142299179123,0.7555599360741218
chronos,2,amazon/chronos-2,uni,simple_return,5,35,2018-08-03,0.4784857898510654,170.4652461869338,0.8045595491798269
chronos,2,amazon/chronos-2,uni,simple_return,5,36,2018-11-30,1.9965930897280284,169.67746646209204,0.8671925670024473
chronos,2,amazon/chronos-2,uni,simple_return,5,37,2019-04-03,0.3692465140439505,116.98139098916509,0.7108625414630924
chronos,2,amazon/chronos-2,uni,simple_return,5,38,2019-08-01,1.6387942501425918,153.1505987182226,0.8447691683170073
chronos,2,amazon/chronos-2,uni,simple_return,5,39,2019-11-27,0.609045161450394,157.85669705122154,0.826211563980134
chronos,2,amazon/chronos-2,uni,simple_return,5,40,2020-03-27,2.0983713829305803,196.37146546745234,0.7750321339171076
chronos,2,amazon/chronos-2,uni,simple_return,5,41,2020-07-27,0.5015573347392677,166.9770675859726,0.6666328463525653
chronos,2,amazon/chronos-2,uni,simple_return,5,42,2020-11-20,0.35640331402178876,135.81117244470423,0.7747875441978842
chronos,2,amazon/chronos-2,uni,simple_return,5,43,2021-03-24,0.3753410330704542,152.53893076499315,0.7808455051887968
chronos,2,amazon/chronos-2,uni,simple_return,5,44,2021-07-22,0.2676463939498536,135.22583773837,0.7532028576130346
chronos,2,amazon/chronos-2,uni,simple_return,5,45,2021-11-17,0.14156809856036842,99.57221610996399,0.7489087513174653
chronos,2,amazon/chronos-2,uni,simple_return,5,46,2022-03-18,0.5738440606548657,167.99567237297424,0.7361659435052952
chronos,2,amazon/chronos-2,uni,simple_return,5,47,2022-07-19,0.6156014446746655,141.41074943003747,0.841050949493503
chronos,2,amazon/chronos-2,uni,simple_return,5,48,2022-11-14,0.46088611327288104,187.289450328234,0.8957652633188167
chronos,2,amazon/chronos-2,uni,simple_return,5,49,2023-03-16,0.7820304132494001,167.43517844328213,0.7112041573868252
chronos,2,amazon/chronos-2,uni,simple_return,5,50,2023-07-17,0.28459424642742764,130.9727106022347,0.7114488312768056
chronos,2,amazon/chronos-2,uni,simple_return,5,51,2023-11-10,0.32824471011256606,104.14223543086169,0.980264104622014
chronos,2,amazon/chronos-2,uni,simple_return,5,52,2024-03-13,0.4660151219084978,175.8735547255551,0.6555488643974862
chronos,2,amazon/chronos-2,uni,simple_return,5,53,2024-07-12,0.7531059298624758,161.2837837712092,0.822474775524549
chronos,2,amazon/chronos-2,uni,simple_return,5,54,2024-11-07,0.3152335150048439,132.22250489580495,0.9901810161093508
chronos,2,amazon/chronos-2,uni,simple_return,5,55,2025-03-12,1.389187026213091,175.1345404889011,0.7471855797164937
chronos,2,amazon/chronos-2,uni,simple_return,5,56,2025-07-11,0.26346618666891014,120.31949027372882,0.832905201606883
chronos,2,amazon/chronos-2,uni,simple_return,5,57,2025-11-06,0.6959711960420408,99.84628225335136,0.8743923351287003
chronos,2,amazon/chronos-2,uni,simple_return,5,58,2026-03-10,0.7348773873335448,163.97817222572618,0.8178756422236745
chronos,2,amazon/chronos-2,uni,simple_return,5,59,2026-07-09,0.44812480631796975,130.406158632671,0.7087194858966624
chronos,2,amazon/chronos-2,uni,log_return,5,0,2007-01-22,0.7120369682175346,184.00456394976774,0.8081489373809154
chronos,2,amazon/chronos-2,uni,log_return,5,1,2007-05-18,0.5547354657179606,157.23376202427838,0.8721064365287718
chronos,2,amazon/chronos-2,uni,log_return,5,2,2007-09-17,1.24302969978284,180.56929945691263,0.7780278309931329
chronos,2,amazon/chronos-2,uni,log_return,5,3,2008-01-15,1.5654584313370306,197.24694909652055,0.7887051101864513
chronos,2,amazon/chronos-2,uni,log_return,5,4,2008-05-14,0.6808487811200172,141.95627724162037,0.8074551769603538
chronos,2,amazon/chronos-2,uni,log_return,5,5,2008-09-11,2.5725733002957676,179.25982837059203,0.8738309978455985
chronos,2,amazon/chronos-2,uni,log_return,5,6,2009-01-09,0.6940058148158791,170.54035639100786,0.8650216340587367
chronos,2,amazon/chronos-2,uni,log_return,5,7,2009-05-11,0.7010737096351017,196.00942922434157,0.7609583376874984
chronos,2,amazon/chronos-2,uni,log_return,5,8,2009-09-08,0.23090480314788758,171.86997739461248,0.7134035315968208
chronos,2,amazon/chronos-2,uni,log_return,5,9,2010-01-06,0.21567177560959216,149.27754716465245,0.7567082511591712
chronos,2,amazon/chronos-2,uni,log_return,5,10,2010-05-06,0.8294639428516288,195.2704735374215,0.7994997217158292
chronos,2,amazon/chronos-2,uni,log_return,5,11,2010-09-02,0.33320292825357845,149.1987349315884,0.6715754683894078
chronos,2,amazon/chronos-2,uni,log_return,5,12,2011-01-03,0.21133017310868313,179.98534942813805,0.9779568531539995
chronos,2,amazon/chronos-2,uni,log_return,5,13,2011-05-03,0.5019973059163387,142.52984158485256,0.7369561427377999
chronos,2,amazon/chronos-2,uni,log_return,5,14,2011-08-30,1.2697094342308903,186.9723330748006,0.7453695083677986
chronos,2,amazon/chronos-2,uni,log_return,5,15,2011-12-28,0.4623248493404673,150.8438645034543,0.7624711113514892
chronos,2,amazon/chronos-2,uni,log_return,5,16,2012-04-27,0.585837750406745,185.1454374889337,0.8477426668629106
chronos,2,amazon/chronos-2,uni,log_return,5,17,2012-08-24,0.25813345299029494,151.63214229953132,0.903439722303107
chronos,2,amazon/chronos-2,uni,log_return,5,18,2012-12-26,0.9594303245800733,194.9812184954967,0.8485702039421995
chronos,2,amazon/chronos-2,uni,log_return,5,19,2013-04-26,0.6059182317069969,160.56330464159262,0.6760483853960538
chronos,2,amazon/chronos-2,uni,log_return,5,20,2013-08-22,0.5001553497928605,143.99839618551636,0.80440364722374
chronos,2,amazon/chronos-2,uni,log_return,5,21,2013-12-19,0.35660944227763064,145.29444982650043,0.6439554651844124
chronos,2,amazon/chronos-2,uni,log_return,5,22,2014-04-22,0.44874659454452376,135.57534555351177,0.7514300190000933
chronos,2,amazon/chronos-2,uni,log_return,5,23,2014-08-19,0.2698875402058077,107.26286186217347,0.735524672038674
chronos,2,amazon/chronos-2,uni,log_return,5,24,2014-12-16,1.3000800009055886,149.57638847659135,0.8260573326957681
chronos,2,amazon/chronos-2,uni,log_return,5,25,2015-04-17,0.4145241278917575,122.48823979302263,0.7075948652598718
chronos,2,amazon/chronos-2,uni,log_return,5,26,2015-08-14,1.8088707623305087,189.15550883743578,0.8953881246721893
chronos,2,amazon/chronos-2,uni,log_return,5,27,2015-12-11,1.4087688327546202,184.47472349559817,0.7059607354495795
chronos,2,amazon/chronos-2,uni,log_return,5,28,2016-04-13,0.2219261245657776,125.33829320561296,1.2403840938925792
chronos,2,amazon/chronos-2,uni,log_return,5,29,2016-08-10,0.3061656309753723,159.37670035578094,0.7840489681548625
chronos,2,amazon/chronos-2,uni,log_return,5,30,2016-12-08,0.5197321772817879,181.53380375258982,0.7041199025554064
chronos,2,amazon/chronos-2,uni,log_return,5,31,2017-04-10,0.5598251741787611,196.58913471546796,0.8523053880129762
chronos,2,amazon/chronos-2,uni,log_return,5,32,2017-08-08,0.6569240713557934,177.5172185791206,0.9263668422575448
chronos,2,amazon/chronos-2,uni,log_return,5,33,2017-12-05,0.33447012128368875,152.22286691056416,0.672262361348171
chronos,2,amazon/chronos-2,uni,log_return,5,34,2018-04-06,1.0830890455282847,181.7330042025031,0.7555676352868739
chronos,2,amazon/chronos-2,uni,log_return,5,35,2018-08-03,0.4787483968545656,170.51710096520355,0.8047096260606491
chronos,2,amazon/chronos-2,uni,log_return,5,36,2018-11-30,2.0163652205921565,169.73879021495816,0.8684196898580767
chronos,2,amazon/chronos-2,uni,log_return,5,37,2019-04-03,0.36953056392126127,117.37221356183471,0.7111792663794526
chronos,2,amazon/chronos-2,uni,log_return,5,38,2019-08-01,1.6431648806917696,153.09840097115926,0.8455689871126988
chronos,2,amazon/chronos-2,uni,log_return,5,39,2019-11-27,0.6095014221630679,158.1108080629901,0.8263209518668522
chronos,2,amazon/chronos-2,uni,log_return,5,40,2020-03-27,2.1008660497723723,196.20125909711874,0.77472089910948
chronos,2,amazon/chronos-2,uni,log_return,5,41,2020-07-27,0.4994910096775914,166.86684754066744,0.6665047000543086
chronos,2,amazon/chronos-2,uni,log_return,5,42,2020-11-20,0.3547400146204137,135.25503130022085,0.7753677498678029
chronos,2,amazon/chronos-2,uni,log_return,5,43,2021-03-24,0.3728062138634753,152.44510270812154,0.7804871814775953
chronos,2,amazon/chronos-2,uni,log_return,5,44,2021-07-22,0.2670282408532619,135.79646334098962,0.7534985390689125
chronos,2,amazon/chronos-2,uni,log_return,5,45,2021-11-17,0.14123334071220503,99.73779524216508,0.7485190753721681
chronos,2,amazon/chronos-2,uni,log_return,5,46,2022-03-18,0.5722369728982444,168.0373420440402,0.7365100783214011
chronos,2,amazon/chronos-2,uni,log_return,5,47,2022-07-19,0.6158035789790719,141.53091762400442,0.8398080415555909
chronos,2,amazon/chronos-2,uni,log_return,5,48,2022-11-14,0.4605405669184074,187.83602719149098,0.8946829970164083
chronos,2,amazon/chronos-2,uni,log_return,5,49,2023-03-16,0.7828354435704317,167.33258984390508,0.7120872170483981
chronos,2,amazon/chronos-2,uni,log_return,5,50,2023-07-17,0.28449368259646857,131.05332816496215,0.7118649622654653
chronos,2,amazon/chronos-2,uni,log_return,5,51,2023-11-10,0.3257509823471917,104.7706341445608,0.9810045352263899
chronos,2,amazon/chronos-2,uni,log_return,5,52,2024-03-13,0.4654102939509057,175.95054496928367,0.6558112997831796
chronos,2,amazon/chronos-2,uni,log_return,5,53,2024-07-12,0.7564262718624211,161.3652806431069,0.8225424108194532
chronos,2,amazon/chronos-2,uni,log_return,5,54,2024-11-07,0.3157570829286701,132.1583108363151,0.9889126504074979
chronos,2,amazon/chronos-2,uni,log_return,5,55,2025-03-12,1.3862540989014365,175.1264288031447,0.7469267169267136
chronos,2,amazon/chronos-2,uni,log_return,5,56,2025-07-11,0.263489566457232,120.24908292007719,0.8327830337075961
chronos,2,amazon/chronos-2,uni,log_return,5,57,2025-11-06,0.6971620746261941,99.78102283783663,0.8745718823916344
chronos,2,amazon/chronos-2,uni,log_return,5,58,2026-03-10,0.7368419517838564,163.97636512933153,0.8181781459155028
chronos,2,amazon/chronos-2,uni,log_return,5,59,2026-07-09,0.44891030827653094,130.3496732457781,0.7089985083585811
chronos,2,amazon/chronos-2,uni,price,21,0,2007-01-22,2.5158740117924503,1.0724264857270567,0.007706073800323442
chronos,2,amazon/chronos-2,uni,price,21,1,2007-05-18,1.739404832604316,0.7103464035931502,0.006014579773337098
chronos,2,amazon/chronos-2,uni,price,21,2,2007-09-17,7.400720015512569,3.5576712303731592,0.02769373956948779
chronos,2,amazon/chronos-2,uni,price,21,3,2008-01-15,4.393169991415719,2.773508231242722,0.021252178015388333
chronos,2,amazon/chronos-2,uni,price,21,4,2008-05-14,3.216106114197917,2.2986510498927237,0.01601332234388273
chronos,2,amazon/chronos-2,uni,price,21,5,2008-09-11,10.413987635184073,9.934852537902298,0.08550769530772613
chronos,2,amazon/chronos-2,uni,price,21,6,2009-01-09,4.077025333030278,7.008622966192702,0.04971122594409262
chronos,2,amazon/chronos-2,uni,price,21,7,2009-05-11,1.10289432665396,1.97891998319423,0.018726459326579188
chronos,2,amazon/chronos-2,uni,price,21,8,2009-09-08,0.8998688443275032,1.3736650930729268,0.011575724269752955
chronos,2,amazon/chronos-2,uni,price,21,9,2010-01-06,2.597522972493852,3.515724485922905,0.029745362795205264
chronos,2,amazon/chronos-2,uni,price,21,10,2010-05-06,2.960718694659099,3.745541076693596,0.02622321890703141
chronos,2,amazon/chronos-2,uni,price,21,11,2010-09-02,2.5457121149077557,3.212470326436081,0.021502513934576806
chronos,2,amazon/chronos-2,uni,price,21,12,2011-01-03,0.8886126919765756,0.6965506823868698,0.006158079096699461
chronos,2,amazon/chronos-2,uni,price,21,13,2011-05-03,4.082188595970961,2.651185143630285,0.02042849427592759
chronos,2,amazon/chronos-2,uni,price,21,14,2011-08-30,3.5561635260393962,2.8461854172720646,0.02149008502002973
chronos,2,amazon/chronos-2,uni,price,21,15,2011-12-28,4.166442398907928,3.53721073953692,0.023582695727323917
chronos,2,amazon/chronos-2,uni,price,21,16,2012-04-27,5.689506125540443,4.516027437628332,0.03726332426175253
chronos,2,amazon/chronos-2,uni,price,21,17,2012-08-24,2.306465390428389,1.6613321643873542,0.012270454420226872
chronos,2,amazon/chronos-2,uni,price,21,18,2012-12-26,4.420018609930025,3.13745162278637,0.023195459547403884
chronos,2,amazon/chronos-2,uni,price,21,19,2013-04-26,4.783088066644678,3.1168089639179457,0.025121633768781033
chronos,2,amazon/chronos-2,uni,price,21,20,2013-08-22,2.188596073270765,1.3264718971937972,0.009611272184688414
chronos,2,amazon/chronos-2,uni,price,21,21,2013-12-19,2.1470415781745946,1.0159954738459613,0.007698118647585105
chronos,2,amazon/chronos-2,uni,price,21,22,2014-04-22,1.7310221400769517,0.8381949769977599,0.006498816807146971
chronos,2,amazon/chronos-2,uni,price,21,23,2014-08-19,0.9482642712990966,0.41480246034275453,0.004622384070970083
chronos,2,amazon/chronos-2,uni,price,21,24,2014-12-16,5.409937462400349,2.4906464171423335,0.02222359809136495
chronos,2,amazon/chronos-2,uni,price,21,25,2015-04-17,1.3054038829563248,0.6433386199347342,0.005667483897686013
chronos,2,amazon/chronos-2,uni,price,21,26,2015-08-14,11.773397167177905,6.104473004479776,0.05396927725614015
chronos,2,amazon/chronos-2,uni,price,21,27,2015-12-11,3.946747532877275,2.3716684661659744,0.017623314609572414
chronos,2,amazon/chronos-2,uni,price,21,28,2016-04-13,1.095716726591073,0.6989424727932458,0.007075335529596081
chronos,2,amazon/chronos-2,uni,price,21,29,2016-08-10,0.8057493572007269,0.502064311925751,0.004441809191934933
chronos,2,amazon/chronos-2,uni,price,21,30,2016-12-08,1.7019743089971824,1.0157691137308587,0.007261206072184548
chronos,2,amazon/chronos-2,uni,price,21,31,2017-04-10,1.8128676362904819,0.9382347684560385,0.006558676290902568
chronos,2,amazon/chronos-2,uni,price,21,32,2017-08-08,2.697373151893397,1.2788571057285318,0.010205109988644935
chronos,2,amazon/chronos-2,uni,price,21,33,2017-12-05,2.9143888481035063,1.1014275377516254,0.008119266747103724
chronos,2,amazon/chronos-2,uni,price,21,34,2018-04-06,4.567359704346043,1.8550525884611826,0.015023636122739345
chronos,2,amazon/chronos-2,uni,price,21,35,2018-08-03,1.6337928288596801,0.6298084603348018,0.005221469729538849
chronos,2,amazon/chronos-2,uni,price,21,36,2018-11-30,16.91685828543116,8.107967961576918,0.07201552609103443
chronos,2,amazon/chronos-2,uni,price,21,37,2019-04-03,0.9692699538386689,0.4896035268871884,0.00584251766449061
chronos,2,amazon/chronos-2,uni,price,21,38,2019-08-01,4.180892986965594,2.281627234810691,0.016469823837075605
chronos,2,amazon/chronos-2,uni,price,21,39,2019-11-27,1.867554441051322,1.0532530216843916,0.007893573666448913
chronos,2,amazon/chronos-2,uni,price,21,40,2020-03-27,8.637405982612767,7.49897624724704,0.05039835661581024
chronos,2,amazon/chronos-2,uni,price,21,41,2020-07-27,3.372790879920521,2.7201077574963715,0.019069781395482717
chronos,2,amazon/chronos-2,uni,price,21,42,2020-11-20,3.1179683071106172,2.5155230942584024,0.017206257262997748
chronos,2,amazon/chronos-2,uni,price,21,43,2021-03-24,5.592196174832961,4.138129825880518,0.032500397727885266
chronos,2,amazon/chronos-2,uni,price,21,44,2021-07-22,1.1108380838016836,0.7828316821866188,0.0070649657670968135
chronos,2,amazon/chronos-2,uni,price,21,45,2021-11-17,2.910397578443974,1.9639873855338368,0.015845867274228462
chronos,2,amazon/chronos-2,uni,price,21,46,2022-03-18,1.825904410430579,1.4134809060733864,0.0128469702439014
chronos,2,amazon/chronos-2,uni,price,21,47,2022-07-19,5.292551237032341,4.389020072096285,0.029689156119749247
chronos,2,amazon/chronos-2,uni,price,21,48,2022-11-14,1.269927795695136,1.1655975119124176,0.01329895412210539
chronos,2,amazon/chronos-2,uni,price,21,49,2023-03-16,2.1515326748429136,2.021988500157478,0.01463140694774042
chronos,2,amazon/chronos-2,uni,price,21,50,2023-07-17,1.0617410728252252,0.900424792532074,0.007509575518641862
chronos,2,amazon/chronos-2,uni,price,21,51,2023-11-10,3.5666657077212167,3.0915992835073576,0.022429452686669283
chronos,2,amazon/chronos-2,uni,price,21,52,2024-03-13,1.1586851662660769,0.810918386002705,0.006575305641340679
chronos,2,amazon/chronos-2,uni,price,21,53,2024-07-12,6.835063673521997,3.8959090267102745,0.033528689336438246
chronos,2,amazon/chronos-2,uni,price,21,54,2024-11-07,1.2558421505356445,0.6459236607520422,0.006856749629394686
chronos,2,amazon/chronos-2,uni,price,21,55,2025-03-12,5.683525246466608,3.2248589825180063,0.026682712259589084
chronos,2,amazon/chronos-2,uni,price,21,56,2025-07-11,0.8963747184658166,0.5059707235979727,0.006419166378716527
chronos,2,amazon/chronos-2,uni,price,21,57,2025-11-06,1.8205276402484725,0.9964301205856081,0.009325417801179372
chronos,2,amazon/chronos-2,uni,price,21,58,2026-03-10,5.018809961445763,2.931694529624739,0.022592621645055797
chronos,2,amazon/chronos-2,uni,price,21,59,2026-07-09,2.3213326778639884,1.320362984154054,0.009445700338984517
chronos,2,amazon/chronos-2,uni,simple_return,21,0,2007-01-22,0.5140510996732671,163.73996946250625,0.7714311181799495
chronos,2,amazon/chronos-2,uni,simple_return,21,1,2007-05-18,0.7672273319319388,141.9063112082903,0.8195550091086918
chronos,2,amazon/chronos-2,uni,simple_return,21,2,2007-09-17,0.7740410992267267,180.01773341625113,0.778035906133248
chronos,2,amazon/chronos-2,uni,simple_return,21,3,2008-01-15,1.2878434410677617,188.91054620979025,0.743545924959959
chronos,2,amazon/chronos-2,uni,simple_return,21,4,2008-05-14,0.7565950302079113,161.71460858483908,0.8152859563791245
chronos,2,amazon/chronos-2,uni,simple_return,21,5,2008-09-11,2.6306319075466256,190.8073412162916,0.8823237141758171
chronos,2,amazon/chronos-2,uni,simple_return,21,6,2009-01-09,1.0055627934774707,189.62177089677218,0.8215515672964497
chronos,2,amazon/chronos-2,uni,simple_return,21,7,2009-05-11,0.5085923228452519,194.14473595983975,0.8237076437356086
chronos,2,amazon/chronos-2,uni,simple_return,21,8,2009-09-08,0.3469591855336312,185.21310998810262,0.7695922390717147
chronos,2,amazon/chronos-2,uni,simple_return,21,9,2010-01-06,0.4295530215711753,179.19579455908584,0.7655065122073744
chronos,2,amazon/chronos-2,uni,simple_return,21,10,2010-05-06,0.757800519431102,178.52355412738748,0.7889255826009846
chronos,2,amazon/chronos-2,uni,simple_return,21,11,2010-09-02,0.2939583171548249,163.9789233426221,0.792040766910142
chronos,2,amazon/chronos-2,uni,simple_return,21,12,2011-01-03,0.31629555068685233,142.12787200945533,0.7880340451128296
chronos,2,amazon/chronos-2,uni,simple_return,21,13,2011-05-03,0.5478034150410868,150.89437926154912,0.8062309153723689
chronos,2,amazon/chronos-2,uni,simple_return,21,14,2011-08-30,1.1837360581454963,181.5775585930764,0.7445811665707528
chronos,2,amazon/chronos-2,uni,simple_return,21,15,2011-12-28,0.3238833213218865,145.10183987295466,0.8678944874261619
chronos,2,amazon/chronos-2,uni,simple_return,21,16,2012-04-27,0.4882938308692,160.27972304669842,0.8465541654203736
chronos,2,amazon/chronos-2,uni,simple_return,21,17,2012-08-24,0.36483542104608746,165.1585734339371,0.8726276864972912
chronos,2,amazon/chronos-2,uni,simple_return,21,18,2012-12-26,0.4065917651847478,161.70796688043973,0.8503475205360154
chronos,2,amazon/chronos-2,uni,simple_return,21,19,2013-04-26,0.4162667397515681,161.61325977678575,0.7242181822048122
chronos,2,amazon/chronos-2,uni,simple_return,21,20,2013-08-22,0.44269646440445976,154.85603121508677,0.7400316754860582
chronos,2,amazon/chronos-2,uni,simple_return,21,21,2013-12-19,0.4334780084107861,155.73195058389157,0.8113046186484026
chronos,2,amazon/chronos-2,uni,simple_return,21,22,2014-04-22,0.4926547763562602,148.38386521213428,0.7683128745060253
chronos,2,amazon/chronos-2,uni,simple_return,21,23,2014-08-19,0.3587580432170314,141.26050538700795,0.8686559447709649
chronos,2,amazon/chronos-2,uni,simple_return,21,24,2014-12-16,1.11579537966111,173.7024374338515,0.8447562361264297
chronos,2,amazon/chronos-2,uni,simple_return,21,25,2015-04-17,0.6369852254204525,148.9189526683364,0.7911115545285037
chronos,2,amazon/chronos-2,uni,simple_return,21,26,2015-08-14,1.9451489307679943,173.18868283476218,0.8798694931946413
chronos,2,amazon/chronos-2,uni,simple_return,21,27,2015-12-11,1.1964596149823186,177.21285881788512,0.7676054971989271
chronos,2,amazon/chronos-2,uni,simple_return,21,28,2016-04-13,0.42859198486441535,158.48049683278575,0.9959367852264758
chronos,2,amazon/chronos-2,uni,simple_return,21,29,2016-08-10,0.36839813728539195,177.47472271594015,0.9059261068007357
chronos,2,amazon/chronos-2,uni,simple_return,21,30,2016-12-08,0.374896985657085,181.43305344333004,0.7847348528334421
chronos,2,amazon/chronos-2,uni,simple_return,21,31,2017-04-10,0.3611641189590681,158.73512732769777,0.8409815819251115
chronos,2,amazon/chronos-2,uni,simple_return,21,32,2017-08-08,0.5005510034546813,158.6250538363735,0.8606943835573767
chronos,2,amazon/chronos-2,uni,simple_return,21,33,2017-12-05,0.47572373487708985,165.56086029069218,0.7641409239411524
chronos,2,amazon/chronos-2,uni,simple_return,21,34,2018-04-06,0.9447428087466496,164.33648760423395,0.8131070349170982
chronos,2,amazon/chronos-2,uni,simple_return,21,35,2018-08-03,0.5529704284282932,162.86293840580944,0.7554123261720151
chronos,2,amazon/chronos-2,uni,simple_return,21,36,2018-11-30,1.9749039025195336,178.67823051027446,0.8750177721779974
chronos,2,amazon/chronos-2,uni,simple_return,21,37,2019-04-03,0.37649509863942393,131.8941395197957,0.8155661119923656
chronos,2,amazon/chronos-2,uni,simple_return,21,38,2019-08-01,1.3436471028861259,166.70135449888443,0.800234893210425
chronos,2,amazon/chronos-2,uni,simple_return,21,39,2019-11-27,0.4216321525625055,154.08003709342435,0.8018872041241554
chronos,2,amazon/chronos-2,uni,simple_return,21,40,2020-03-27,1.7213729247554461,192.36385330804328,0.9220726285673143
chronos,2,amazon/chronos-2,uni,simple_return,21,41,2020-07-27,0.3319545620723768,134.4139818433191,0.7242667061710263
chronos,2,amazon/chronos-2,uni,simple_return,21,42,2020-11-20,0.3223648500537965,147.5939376240193,0.884329576510477
chronos,2,amazon/chronos-2,uni,simple_return,21,43,2021-03-24,0.4008534097906634,145.32073785467833,0.740915511438737
chronos,2,amazon/chronos-2,uni,simple_return,21,44,2021-07-22,0.26359373999021485,119.81496632656943,0.8926632316928502
chronos,2,amazon/chronos-2,uni,simple_return,21,45,2021-11-17,0.6796827485010316,156.75950791137225,0.8672576595212045
chronos,2,amazon/chronos-2,uni,simple_return,21,46,2022-03-18,0.6033274031722751,172.81433223457944,0.7498276034864779
chronos,2,amazon/chronos-2,uni,simple_return,21,47,2022-07-19,0.6928384014422527,166.2417274556109,0.8512297172764973
chronos,2,amazon/chronos-2,uni,simple_return,21,48,2022-11-14,0.6669394964195843,191.04004700610614,0.8421102358936393
chronos,2,amazon/chronos-2,uni,simple_return,21,49,2023-03-16,0.47430145812384245,156.4188947713478,0.772349581740314
chronos,2,amazon/chronos-2,uni,simple_return,21,50,2023-07-17,0.38690411539907293,163.03167505010964,0.7973763793902117
chronos,2,amazon/chronos-2,uni,simple_return,21,51,2023-11-10,0.276784185727276,143.8715235444187,0.8796113475956554
chronos,2,amazon/chronos-2,uni,simple_return,21,52,2024-03-13,0.446464765667084,162.27788425677926,0.7814183939542051
chronos,2,amazon/chronos-2,uni,simple_return,21,53,2024-07-12,1.0207276807185834,170.81158852356947,0.8696861368634433
chronos,2,amazon/chronos-2,uni,simple_return,21,54,2024-11-07,0.3796762951876497,133.79770337780897,0.7871510057930986
chronos,2,amazon/chronos-2,uni,simple_return,21,55,2025-03-12,2.1088525976147654,166.86843535086626,0.8958578304553781
chronos,2,amazon/chronos-2,uni,simple_return,21,56,2025-07-11,0.45012882066314613,141.9022205476455,0.841052453356358
chronos,2,amazon/chronos-2,uni,simple_return,21,57,2025-11-06,0.6354949271458842,125.47282170300036,0.783932152439473
chronos,2,amazon/chronos-2,uni,simple_return,21,58,2026-03-10,0.9659201934898469,157.95513788672488,0.8247730276763265
chronos,2,amazon/chronos-2,uni,simple_return,21,59,2026-07-09,0.6597908733297474,154.40053065107574,0.8089482766263651
chronos,2,amazon/chronos-2,uni,log_return,21,0,2007-01-22,0.5139535424876354,163.8385685744874,0.7715400634295773
chronos,2,amazon/chronos-2,uni,log_return,21,1,2007-05-18,0.7678099070381085,141.84265036453266,0.8198587144298206
chronos,2,amazon/chronos-2,uni,log_return,21,2,2007-09-17,0.7709804799055338,180.17493223246072,0.777327584647066
chronos,2,amazon/chronos-2,uni,log_return,21,3,2008-01-15,1.2896716408707154,189.0130057068963,0.7438203370173868
chronos,2,amazon/chronos-2,uni,log_return,21,4,2008-05-14,0.7588574092112031,162.18330633577105,0.8157027621750674
chronos,2,amazon/chronos-2,uni,log_return,21,5,2008-09-11,2.6680395198306033,190.93453418930062,0.8837024688074706
chronos,2,amazon/chronos-2,uni,log_return,21,6,2009-01-09,1.0094762761008518,190.17876777688952,0.8229196858738077
chronos,2,amazon/chronos-2,uni,log_return,21,7,2009-05-11,0.5066243388588525,194.6572666173695,0.823461675020064
chronos,2,amazon/chronos-2,uni,log_return,21,8,2009-09-08,0.34635663481393514,186.36041765258784,0.7699900735653081
chronos,2,amazon/chronos-2,uni,log_return,21,9,2010-01-06,0.43112077394325354,180.69003597340028,0.7649595611171356
chronos,2,amazon/chronos-2,uni,log_return,21,10,2010-05-06,0.7574123401967634,178.48548001078032,0.7877549879880957
chronos,2,amazon/chronos-2,uni,log_return,21,11,2010-09-02,0.2927543408140248,163.84049018755854,0.7908315813047241
chronos,2,amazon/chronos-2,uni,log_return,21,12,2011-01-03,0.31620404105803085,142.27336418065386,0.7881929217300087
chronos,2,amazon/chronos-2,uni,log_return,21,13,2011-05-03,0.5494722589656609,150.96599066781596,0.806953894940659
chronos,2,amazon/chronos-2,uni,log_return,21,14,2011-08-30,1.1865054927413108,181.75948123994115,0.7451604049646562
chronos,2,amazon/chronos-2,uni,log_return,21,15,2011-12-28,0.3226454663908369,145.01835724410975,0.8675321053440415
chronos,2,amazon/chronos-2,uni,log_return,21,16,2012-04-27,0.48865696468651454,160.27940038008725,0.846283846849418
chronos,2,amazon/chronos-2,uni,log_return,21,17,2012-08-24,0.36367685610095446,165.404341688492,0.8720816195426817
chronos,2,amazon/chronos-2,uni,log_return,21,18,2012-12-26,0.4045101050632005,161.82284742656202,0.8499259668214276
chronos,2,amazon/chronos-2,uni,log_return,21,19,2013-04-26,0.4154959449493703,161.87580275159132,0.7246365565704629
chronos,2,amazon/chronos-2,uni,log_return,21,20,2013-08-22,0.443005886050769,155.13448631184212,0.740390321037879
chronos,2,amazon/chronos-2,uni,log_return,21,21,2013-12-19,0.433694437628628,155.8338273071438,0.8116955913810084
chronos,2,amazon/chronos-2,uni,log_return,21,22,2014-04-22,0.49287217647842735,148.44375158837454,0.7685172322218927
chronos,2,amazon/chronos-2,uni,log_return,21,23,2014-08-19,0.3583969895202046,141.378296850424,0.8702910298904274
chronos,2,amazon/chronos-2,uni,log_return,21,24,2014-12-16,1.1133772945772888,173.7317756129165,0.8446590947066118
chronos,2,amazon/chronos-2,uni,log_return,21,25,2015-04-17,0.6363365594473778,148.94415274300775,0.7911370329172969
chronos,2,amazon/chronos-2,uni,log_return,21,26,2015-08-14,1.9495312051322877,173.19233837019686,0.8800999778767101
chronos,2,amazon/chronos-2,uni,log_return,21,27,2015-12-11,1.20075968815576,177.40147575079587,0.7685038276549876
chronos,2,amazon/chronos-2,uni,log_return,21,28,2016-04-13,0.42870821621850697,158.46704800870762,0.9931566775946714
chronos,2,amazon/chronos-2,uni,log_return,21,29,2016-08-10,0.3698224838144856,177.39456038796533,0.9056807201013641
chronos,2,amazon/chronos-2,uni,log_return,21,30,2016-12-08,0.37474199525438284,181.56254909933415,0.7843241391552831
chronos,2,amazon/chronos-2,uni,log_return,21,31,2017-04-10,0.3605195177918058,159.00704261071812,0.8406273651235963
chronos,2,amazon/chronos-2,uni,log_return,21,32,2017-08-08,0.5014140496391436,159.19987175143342,0.8610089510142245
chronos,2,amazon/chronos-2,uni,log_return,21,33,2017-12-05,0.47486505507532284,165.67665039405804,0.7641422724490304
chronos,2,amazon/chronos-2,uni,log_return,21,34,2018-04-06,0.9429635438768617,164.50920857693856,0.8135617765874781
chronos,2,amazon/chronos-2,uni,log_return,21,35,2018-08-03,0.5522224554841664,162.84372196878232,0.7554303724567465
chronos,2,amazon/chronos-2,uni,log_return,21,36,2018-11-30,1.9803004512070972,178.6762806016301,0.875368369205138
chronos,2,amazon/chronos-2,uni,log_return,21,37,2019-04-03,0.37587589541153904,132.04729631499202,0.8155318247584512
chronos,2,amazon/chronos-2,uni,log_return,21,38,2019-08-01,1.3466191131839387,166.64302480110814,0.8010057809420972
chronos,2,amazon/chronos-2,uni,log_return,21,39,2019-11-27,0.4208711099051092,154.1967796127412,0.8020385865937882
chronos,2,amazon/chronos-2,uni,log_return,21,40,2020-03-27,1.7070312549824431,191.53628531964003,0.9238247378790417
chronos,2,amazon/chronos-2,uni,log_return,21,41,2020-07-27,0.33067008923289654,134.35655411673122,0.7238028881467595
chronos,2,amazon/chronos-2,uni,log_return,21,42,2020-11-20,0.321257985214272,147.35692960051122,0.8845327811949273
chronos,2,amazon/chronos-2,uni,log_return,21,43,2021-03-24,0.39888067873933336,145.25533342543793,0.740282049336349
chronos,2,amazon/chronos-2,uni,log_return,21,44,2021-07-22,0.26312555175490526,120.15957575398146,0.896188959214562
chronos,2,amazon/chronos-2,uni,log_return,21,45,2021-11-17,0.679063971953082,156.85470394968252,0.8669371871149412
chronos,2,amazon/chronos-2,uni,log_return,21,46,2022-03-18,0.6030913932221338,172.88195269826286,0.7500389818619287
chronos,2,amazon/chronos-2,uni,log_return,21,47,2022-07-19,0.6887220849206387,166.1815692815425,0.8515527508623054
chronos,2,amazon/chronos-2,uni,log_return,21,48,2022-11-14,0.6654400112995733,191.38057755711563,0.8415800382451382
chronos,2,amazon/chronos-2,uni,log_return,21,49,2023-03-16,0.47346008885440866,156.54345393582304,0.7727292084804338
chronos,2,amazon/chronos-2,uni,log_return,21,50,2023-07-17,0.3873491603688112,163.09651922625352,0.7977486634113485
chronos,2,amazon/chronos-2,uni,log_return,21,51,2023-11-10,0.2758961839595297,144.14142725166965,0.8803717510589114
chronos,2,amazon/chronos-2,uni,log_return,21,52,2024-03-13,0.446800775914289,162.49492148902144,0.7814797796744456
chronos,2,amazon/chronos-2,uni,log_return,21,53,2024-07-12,1.024694246172782,170.8241739223497,0.8698332385002714
chronos,2,amazon/chronos-2,uni,log_return,21,54,2024-11-07,0.3804496825376623,133.81774812244674,0.787289870228767
chronos,2,amazon/chronos-2,uni,log_return,21,55,2025-03-12,2.1062899920655362,166.8515538880564,0.8957435589792255
chronos,2,amazon/chronos-2,uni,log_return,21,56,2025-07-11,0.4501098753483029,141.8464019110248,0.8410254268203278
chronos,2,amazon/chronos-2,uni,log_return,21,57,2025-11-06,0.6360959999569256,125.44188997358137,0.7840520341683301
chronos,2,amazon/chronos-2,uni,log_return,21,58,2026-03-10,0.9651521746092171,157.88842172512224,0.8246360043751022
chronos,2,amazon/chronos-2,uni,log_return,21,59,2026-07-09,0.6592603737346698,154.34705183174339,0.8090743536885321
chronos,2,amazon/chronos-2,cov,price,5,0,2007-01-22,0.8811874513216558,0.37829313963470534,0.0037084019878532498
chronos,2,amazon/chronos-2,cov,price,5,1,2007-05-18,1.1223045957072155,0.4586476611075088,0.0034042497638919855
chronos,2,amazon/chronos-2,cov,price,5,2,2007-09-17,5.594673998171171,2.711855730932089,0.02246668447306013
chronos,2,amazon/chronos-2,cov,price,5,3,2008-01-15,5.984140029994887,3.7903013277617394,0.03124849427505217
chronos,2,amazon/chronos-2,cov,price,5,4,2008-05-14,1.5872878095860723,1.1178034749733259,0.008176833188648543
chronos,2,amazon/chronos-2,cov,price,5,5,2008-09-11,4.262308940960502,3.8060859238053064,0.032996360145131395
chronos,2,amazon/chronos-2,cov,price,5,6,2009-01-09,2.9795794307202934,5.095206557147351,0.0352787427364191
chronos,2,amazon/chronos-2,cov,price,5,7,2009-05-11,1.5844421273898248,2.8695650073492023,0.020400398368829554
chronos,2,amazon/chronos-2,cov,price,5,8,2009-09-08,0.5417024217559919,0.8331742707140547,0.006508064129223043
chronos,2,amazon/chronos-2,cov,price,5,9,2010-01-06,0.3580564812688321,0.47621015638500314,0.003993774835082999
chronos,2,amazon/chronos-2,cov,price,5,10,2010-05-06,1.9585834957290802,2.4126038955404496,0.016301028074409807
chronos,2,amazon/chronos-2,cov,price,5,11,2010-09-02,0.9432989454992569,1.2088194514960893,0.008837149870476785
chronos,2,amazon/chronos-2,cov,price,5,12,2011-01-03,0.23497268365394938,0.1862035372872918,0.002706898932155045
chronos,2,amazon/chronos-2,cov,price,5,13,2011-05-03,1.2902056849877979,0.8392475023750802,0.0064047255847722515
chronos,2,amazon/chronos-2,cov,price,5,14,2011-08-30,2.189029996894587,1.7402874282521625,0.01297857692785216
chronos,2,amazon/chronos-2,cov,price,5,15,2011-12-28,2.330296422154208,2.0057165406660045,0.013951979651218317
chronos,2,amazon/chronos-2,cov,price,5,16,2012-04-27,0.871379793266884,0.681529608040915,0.0055500867616655155
chronos,2,amazon/chronos-2,cov,price,5,17,2012-08-24,0.4657327264487246,0.34155189485285703,0.002857830013406883
chronos,2,amazon/chronos-2,cov,price,5,18,2012-12-26,1.9855887094194342,1.426104831790351,0.011590949234748406
chronos,2,amazon/chronos-2,cov,price,5,19,2013-04-26,1.759842648728261,1.16513261426071,0.009351521948578433
chronos,2,amazon/chronos-2,cov,price,5,20,2013-08-22,1.8885002221415212,1.162021979233454,0.008516404925868843
chronos,2,amazon/chronos-2,cov,price,5,21,2013-12-19,3.269072602164439,1.5547048579647333,0.012806648255194258
chronos,2,amazon/chronos-2,cov,price,5,22,2014-04-22,0.6005508988636087,0.2930885605681685,0.0027282145077970645
chronos,2,amazon/chronos-2,cov,price,5,23,2014-08-19,1.6491853871384912,0.7242192127736324,0.005159082291998295
chronos,2,amazon/chronos-2,cov,price,5,24,2014-12-16,8.649038563387643,3.992647744011136,0.03565567747948958
chronos,2,amazon/chronos-2,cov,price,5,25,2015-04-17,2.3899925626253706,1.1817702525911655,0.009737384877456857
chronos,2,amazon/chronos-2,cov,price,5,26,2015-08-14,3.8026987281024565,1.94528579165193,0.01707996902802885
chronos,2,amazon/chronos-2,cov,price,5,27,2015-12-11,2.0879180096178502,1.235498384420698,0.010166463747318392
chronos,2,amazon/chronos-2,cov,price,5,28,2016-04-13,1.2704168069367903,0.8069038811917864,0.005881340755739163
chronos,2,amazon/chronos-2,cov,price,5,29,2016-08-10,0.8266469837708761,0.5134861623403691,0.004017497698389679
chronos,2,amazon/chronos-2,cov,price,5,30,2016-12-08,2.0839473242744506,1.2465117549128562,0.0097039483954615
chronos,2,amazon/chronos-2,cov,price,5,31,2017-04-10,0.7823944690929829,0.4094580576718963,0.003192139055177839
chronos,2,amazon/chronos-2,cov,price,5,32,2017-08-08,1.5175396126508651,0.720959954382029,0.006090782014386908
chronos,2,amazon/chronos-2,cov,price,5,33,2017-12-05,1.5092870324876724,0.576390355454823,0.004555857230728114
chronos,2,amazon/chronos-2,cov,price,5,34,2018-04-06,2.9702088153744377,1.2089475164243642,0.008633315191387747
chronos,2,amazon/chronos-2,cov,price,5,35,2018-08-03,1.3358800225516059,0.5187983296954264,0.004154860200429888
chronos,2,amazon/chronos-2,cov,price,5,36,2018-11-30,6.505813385386742,3.031613410626225,0.02465783548718589
chronos,2,amazon/chronos-2,cov,price,5,37,2019-04-03,1.20172862370364,0.6145477024826207,0.004489510393914696
chronos,2,amazon/chronos-2,cov,price,5,38,2019-08-01,3.5609481994766305,1.9479494439537892,0.015272766879308357
chronos,2,amazon/chronos-2,cov,price,5,39,2019-11-27,1.8719224705016286,1.0706240572300791,0.008495737188248876
chronos,2,amazon/chronos-2,cov,price,5,40,2020-03-27,2.108408547174355,1.9190136270144882,0.020914760474774006
chronos,2,amazon/chronos-2,cov,price,5,41,2020-07-27,0.9852915842605233,0.809942978274634,0.00589631181654617
chronos,2,amazon/chronos-2,cov,price,5,42,2020-11-20,1.1229272249653033,0.912817952207352,0.0071459442606957475
chronos,2,amazon/chronos-2,cov,price,5,43,2021-03-24,2.344118982763007,1.7768827930175695,0.014184136597965124
chronos,2,amazon/chronos-2,cov,price,5,44,2021-07-22,1.6201739098701882,1.148927868766959,0.008444592686605898
chronos,2,amazon/chronos-2,cov,price,5,45,2021-11-17,0.29237397406319765,0.19654681417823028,0.0024055661710736228
chronos,2,amazon/chronos-2,cov,price,5,46,2022-03-18,1.1254063704943904,0.8720515613217744,0.007469702847427236
chronos,2,amazon/chronos-2,cov,price,5,47,2022-07-19,0.9710963649312097,0.8284027667856522,0.007845345466098256
chronos,2,amazon/chronos-2,cov,price,5,48,2022-11-14,0.4478679708373909,0.41378133089981073,0.006789916337515544
chronos,2,amazon/chronos-2,cov,price,5,49,2023-03-16,0.8498126536906047,0.8151037259439531,0.006780117250870391
chronos,2,amazon/chronos-2,cov,price,5,50,2023-07-17,1.1342317956791046,0.9601893421133955,0.006954090296454089
chronos,2,amazon/chronos-2,cov,price,5,51,2023-11-10,1.8933462997158808,1.652791910836698,0.012826561217667435
chronos,2,amazon/chronos-2,cov,price,5,52,2024-03-13,0.7805280049057269,0.5485065052171133,0.0044247540132806296
chronos,2,amazon/chronos-2,cov,price,5,53,2024-07-12,1.819963014522882,1.0217327985313718,0.008008853885185664
chronos,2,amazon/chronos-2,cov,price,5,54,2024-11-07,1.2148301653262503,0.626291654979884,0.005073428121554953
chronos,2,amazon/chronos-2,cov,price,5,55,2025-03-12,1.6733785502938736,0.9232543433625364,0.008527118163478143
chronos,2,amazon/chronos-2,cov,price,5,56,2025-07-11,0.5300797422115893,0.3017061768707017,0.002661986760176801
chronos,2,amazon/chronos-2,cov,price,5,57,2025-11-06,2.0961619742359683,1.1393265731449937,0.009826475065673093
chronos,2,amazon/chronos-2,cov,price,5,58,2026-03-10,2.8714851326476056,1.6575393904448301,0.012193048562335072
chronos,2,amazon/chronos-2,cov,price,5,59,2026-07-09,1.0216212119527792,0.581789083558897,0.004503947224551648
chronos,2,amazon/chronos-2,cov,simple_return,5,0,2007-01-22,0.7168890259610872,183.25581449375872,0.8169987819421444
chronos,2,amazon/chronos-2,cov,simple_return,5,1,2007-05-18,0.5356017223450792,160.38920703745626,0.8392814013684211
chronos,2,amazon/chronos-2,cov,simple_return,5,2,2007-09-17,1.2474332337909664,179.12041677113865,0.7805590015172327
chronos,2,amazon/chronos-2,cov,simple_return,5,3,2008-01-15,1.5553689108440598,193.99706143757754,0.7691422625063491
chronos,2,amazon/chronos-2,cov,simple_return,5,4,2008-05-14,0.6720826391176238,119.77578026588962,0.8097215611843552
chronos,2,amazon/chronos-2,cov,simple_return,5,5,2008-09-11,2.567116939013007,199.17219191154544,0.8661346548982756
chronos,2,amazon/chronos-2,cov,simple_return,5,6,2009-01-09,0.6941632980199702,198.80925072734183,0.8565987050818746
chronos,2,amazon/chronos-2,cov,simple_return,5,7,2009-05-11,0.7059915164931457,195.5830299848455,0.7667761892790756
chronos,2,amazon/chronos-2,cov,simple_return,5,8,2009-09-08,0.22308616279385562,161.2039567634147,0.7232423376547328
chronos,2,amazon/chronos-2,cov,simple_return,5,9,2010-01-06,0.20266077189143705,122.03456378186839,0.731057552031226
chronos,2,amazon/chronos-2,cov,simple_return,5,10,2010-05-06,0.8685204755582223,199.99982260892227,0.8304476427742556
chronos,2,amazon/chronos-2,cov,simple_return,5,11,2010-09-02,0.3438556230953159,168.80239908806658,0.6776488076539033
chronos,2,amazon/chronos-2,cov,simple_return,5,12,2011-01-03,0.21595139349596582,178.60691144817048,0.9946843925843021
chronos,2,amazon/chronos-2,cov,simple_return,5,13,2011-05-03,0.50142431117461,143.5536501872149,0.7448181163021377
chronos,2,amazon/chronos-2,cov,simple_return,5,14,2011-08-30,1.2584477672102237,197.6328489056853,0.7407285016675798
chronos,2,amazon/chronos-2,cov,simple_return,5,15,2011-12-28,0.4727403285482994,157.27699043395424,0.7883953545587034
chronos,2,amazon/chronos-2,cov,simple_return,5,16,2012-04-27,0.5834014584033649,185.65406170832327,0.8367952197054955
chronos,2,amazon/chronos-2,cov,simple_return,5,17,2012-08-24,0.26287354818176045,148.50864728992562,0.9498121725292081
chronos,2,amazon/chronos-2,cov,simple_return,5,18,2012-12-26,0.965665640739691,196.13260862079076,0.8465967809318183
chronos,2,amazon/chronos-2,cov,simple_return,5,19,2013-04-26,0.6078075611612349,159.96599340015266,0.6899500548884987
chronos,2,amazon/chronos-2,cov,simple_return,5,20,2013-08-22,0.49976759727024683,151.0013232107015,0.8031732352814298
chronos,2,amazon/chronos-2,cov,simple_return,5,21,2013-12-19,0.3676309367455607,151.34355496983497,0.6797497418254826
chronos,2,amazon/chronos-2,cov,simple_return,5,22,2014-04-22,0.4490604955831949,138.9284468440405,0.7443025691247566
chronos,2,amazon/chronos-2,cov,simple_return,5,23,2014-08-19,0.2629779093124735,101.61694101229766,0.676044128312505
chronos,2,amazon/chronos-2,cov,simple_return,5,24,2014-12-16,1.2607218150413575,124.72211065801253,0.7995910931334747
chronos,2,amazon/chronos-2,cov,simple_return,5,25,2015-04-17,0.39038218897517185,113.17708824491022,0.6706560373610314
chronos,2,amazon/chronos-2,cov,simple_return,5,26,2015-08-14,1.7825573022696342,191.51165175625064,0.8820961759055718
chronos,2,amazon/chronos-2,cov,simple_return,5,27,2015-12-11,1.422845752339908,197.33564777694343,0.6995877750336112
chronos,2,amazon/chronos-2,cov,simple_return,5,28,2016-04-13,0.2178547967790472,121.9298684388298,1.0716484703996558
chronos,2,amazon/chronos-2,cov,simple_return,5,29,2016-08-10,0.30674092949213133,161.94265572682377,0.7543625873830297
chronos,2,amazon/chronos-2,cov,simple_return,5,30,2016-12-08,0.52267486552468,184.85951609086695,0.7104057576811398
chronos,2,amazon/chronos-2,cov,simple_return,5,31,2017-04-10,0.5634872006652107,196.77853852513334,0.8040214646060222
chronos,2,amazon/chronos-2,cov,simple_return,5,32,2017-08-08,0.6554327415608799,173.7475496269968,0.9244171487197461
chronos,2,amazon/chronos-2,cov,simple_return,5,33,2017-12-05,0.33111523885406696,149.5378782255947,0.6573340364840631
chronos,2,amazon/chronos-2,cov,simple_return,5,34,2018-04-06,1.0766595447703313,177.4548165386381,0.7654940089422171
chronos,2,amazon/chronos-2,cov,simple_return,5,35,2018-08-03,0.4877837896484449,166.6229248041652,0.8158457601200249
chronos,2,amazon/chronos-2,cov,simple_return,5,36,2018-11-30,2.001078570823088,173.65093420793784,0.8663360854832942
chronos,2,amazon/chronos-2,cov,simple_return,5,37,2019-04-03,0.36376112731506255,111.55150352261873,0.6760783440544255
chronos,2,amazon/chronos-2,cov,simple_return,5,38,2019-08-01,1.6415962371033423,156.1628171674716,0.8169359915716087
chronos,2,amazon/chronos-2,cov,simple_return,5,39,2019-11-27,0.6102835525607857,152.7387780819164,0.8312905730876599
chronos,2,amazon/chronos-2,cov,simple_return,5,40,2020-03-27,2.0523905598151324,182.21699406815907,0.8011137950844396
chronos,2,amazon/chronos-2,cov,simple_return,5,41,2020-07-27,0.4894363755194167,148.64059409443817,0.6515307773000529
chronos,2,amazon/chronos-2,cov,simple_return,5,42,2020-11-20,0.3592873341133152,120.47226114536953,0.8149976042243465
chronos,2,amazon/chronos-2,cov,simple_return,5,43,2021-03-24,0.3743101047366233,153.70259438795952,0.7753762648973779
chronos,2,amazon/chronos-2,cov,simple_return,5,44,2021-07-22,0.2703991937975307,140.43690504147395,0.7924269790100874
chronos,2,amazon/chronos-2,cov,simple_return,5,45,2021-11-17,0.14305249894976313,101.15172293639819,0.8056276930099595
chronos,2,amazon/chronos-2,cov,simple_return,5,46,2022-03-18,0.5858517236261823,177.6198919102621,0.749660432078012
chronos,2,amazon/chronos-2,cov,simple_return,5,47,2022-07-19,0.6260671719990712,175.76550284684475,0.8073273096471898
chronos,2,amazon/chronos-2,cov,simple_return,5,48,2022-11-14,0.4509439998542612,196.36585128749465,0.9124393656346707
chronos,2,amazon/chronos-2,cov,simple_return,5,49,2023-03-16,0.7944985097450906,187.4276486900119,0.7021661481153236
chronos,2,amazon/chronos-2,cov,simple_return,5,50,2023-07-17,0.27669223002537724,119.51933844228854,0.7116124613636211
chronos,2,amazon/chronos-2,cov,simple_return,5,51,2023-11-10,0.3474047954288744,127.78402387124366,0.9948594938300855
chronos,2,amazon/chronos-2,cov,simple_return,5,52,2024-03-13,0.46156353481370777,168.2491988442384,0.6500316561855568
chronos,2,amazon/chronos-2,cov,simple_return,5,53,2024-07-12,0.759218686617331,151.90232879145262,0.829459001145957
chronos,2,amazon/chronos-2,cov,simple_return,5,54,2024-11-07,0.31160846589538427,134.87250954104232,1.0063474805947727
chronos,2,amazon/chronos-2,cov,simple_return,5,55,2025-03-12,1.3968399383140429,183.1664006765267,0.7389588243791142
chronos,2,amazon/chronos-2,cov,simple_return,5,56,2025-07-11,0.26472398168779304,121.29666995079585,0.8262545266507019
chronos,2,amazon/chronos-2,cov,simple_return,5,57,2025-11-06,0.6949913733577967,99.28193308698943,0.8770433096755408
chronos,2,amazon/chronos-2,cov,simple_return,5,58,2026-03-10,0.7330933464057288,164.2657549180384,0.8139220052963603
chronos,2,amazon/chronos-2,cov,simple_return,5,59,2026-07-09,0.4473593928351664,135.55259141369274,0.6787125560695517
chronos,2,amazon/chronos-2,cov,log_return,5,0,2007-01-22,0.7176292698816719,183.2734743198408,0.8172247725916884
chronos,2,amazon/chronos-2,cov,log_return,5,1,2007-05-18,0.5365869436685596,160.48071077470127,0.8394749635444033
chronos,2,amazon/chronos-2,cov,log_return,5,2,2007-09-17,1.2374358701187365,179.31236900032533,0.7790653251737333
chronos,2,amazon/chronos-2,cov,log_return,5,3,2008-01-15,1.5602093930201524,193.8109521078549,0.769036354795158
chronos,2,amazon/chronos-2,cov,log_return,5,4,2008-05-14,0.6741100131179106,119.74554971251044,0.8101529502604071
chronos,2,amazon/chronos-2,cov,log_return,5,5,2008-09-11,2.584716497873376,199.23795370340548,0.8671126137880295
chronos,2,amazon/chronos-2,cov,log_return,5,6,2009-01-09,0.7016511570735434,198.56395755499014,0.8556486980902183
chronos,2,amazon/chronos-2,cov,log_return,5,7,2009-05-11,0.7044238521145447,195.84621047522546,0.7670036593909706
chronos,2,amazon/chronos-2,cov,log_return,5,8,2009-09-08,0.2217434055814764,161.01802121550708,0.7245694920507484
chronos,2,amazon/chronos-2,cov,log_return,5,9,2010-01-06,0.20245860038998087,122.03456335474532,0.7314915987753845
chronos,2,amazon/chronos-2,cov,log_return,5,10,2010-05-06,0.8585768113844693,199.99982151955146,0.827431655067505
chronos,2,amazon/chronos-2,cov,log_return,5,11,2010-09-02,0.3428457658121473,168.51171408004285,0.6778585937136365
chronos,2,amazon/chronos-2,cov,log_return,5,12,2011-01-03,0.2163632470087898,178.57214688141272,0.9956035698658311
chronos,2,amazon/chronos-2,cov,log_return,5,13,2011-05-03,0.5019033735637418,143.55171142736316,0.7451981699797545
chronos,2,amazon/chronos-2,cov,log_return,5,14,2011-08-30,1.2568063573045771,197.00897403683823,0.7400827426012639
chronos,2,amazon/chronos-2,cov,log_return,5,15,2011-12-28,0.47012585443907723,157.22820492112214,0.7887095070231558
chronos,2,amazon/chronos-2,cov,log_return,5,16,2012-04-27,0.5858088479868022,185.5761039394173,0.8379432030205544
chronos,2,amazon/chronos-2,cov,log_return,5,17,2012-08-24,0.2629699792434971,148.5038130125484,0.9493384821526699
chronos,2,amazon/chronos-2,cov,log_return,5,18,2012-12-26,0.9583766815021597,196.12955879496766,0.8456550190289427
chronos,2,amazon/chronos-2,cov,log_return,5,19,2013-04-26,0.6063548524444345,160.10561263520367,0.6904279007354602
chronos,2,amazon/chronos-2,cov,log_return,5,20,2013-08-22,0.5024842243758685,151.20775586647767,0.8037480141497189
chronos,2,amazon/chronos-2,cov,log_return,5,21,2013-12-19,0.36752230449836554,151.71163161832573,0.6808423755531193
chronos,2,amazon/chronos-2,cov,log_return,5,22,2014-04-22,0.4495958313823406,139.08874870066552,0.7444709713065717
chronos,2,amazon/chronos-2,cov,log_return,5,23,2014-08-19,0.2628766290971274,101.81783636251771,0.6761604420445664
chronos,2,amazon/chronos-2,cov,log_return,5,24,2014-12-16,1.2497022373366857,125.17916808299717,0.7990933748411613
chronos,2,amazon/chronos-2,cov,log_return,5,25,2015-04-17,0.38920234359897876,113.21381934901787,0.6706483516211894
chronos,2,amazon/chronos-2,cov,log_return,5,26,2015-08-14,1.8013337653194554,191.5535055795939,0.8828928086745822
chronos,2,amazon/chronos-2,cov,log_return,5,27,2015-12-11,1.4260605030806077,197.68724782123854,0.7005012647460146
chronos,2,amazon/chronos-2,cov,log_return,5,28,2016-04-13,0.21745573935477955,121.94796577005673,1.071101544990867
chronos,2,amazon/chronos-2,cov,log_return,5,29,2016-08-10,0.3064722563699358,161.65603802658967,0.7544066269024312
chronos,2,amazon/chronos-2,cov,log_return,5,30,2016-12-08,0.5221336457753382,184.47635466366933,0.7102861799312908
chronos,2,amazon/chronos-2,cov,log_return,5,31,2017-04-10,0.5632392623003357,196.78191412094262,0.8034863206437581
chronos,2,amazon/chronos-2,cov,log_return,5,32,2017-08-08,0.6566907169777605,173.69714741979845,0.9245207502017928
chronos,2,amazon/chronos-2,cov,log_return,5,33,2017-12-05,0.33034553106681736,149.4433697877586,0.6569584402946789
chronos,2,amazon/chronos-2,cov,log_return,5,34,2018-04-06,1.0715602627137002,177.70201412590882,0.7662678569852956
chronos,2,amazon/chronos-2,cov,log_return,5,35,2018-08-03,0.4880986693240906,166.5924394209212,0.8160616325601062
chronos,2,amazon/chronos-2,cov,log_return,5,36,2018-11-30,2.020643650161609,173.9266925006632,0.8674741124121877
chronos,2,amazon/chronos-2,cov,log_return,5,37,2019-04-03,0.3636832846091717,111.61671572583252,0.6761796409118854
chronos,2,amazon/chronos-2,cov,log_return,5,38,2019-08-01,1.6459699079785202,156.05491114592107,0.8180389341348604
chronos,2,amazon/chronos-2,cov,log_return,5,39,2019-11-27,0.6107735585043101,152.7285363894142,0.8313314601809542
chronos,2,amazon/chronos-2,cov,log_return,5,40,2020-03-27,2.051303999982306,180.33536224954386,0.8025481819411042
chronos,2,amazon/chronos-2,cov,log_return,5,41,2020-07-27,0.4874586636583671,148.48004251118422,0.6517390661969948
chronos,2,amazon/chronos-2,cov,log_return,5,42,2020-11-20,0.3573436307305269,120.24037000600887,0.8154957927346999
chronos,2,amazon/chronos-2,cov,log_return,5,43,2021-03-24,0.37209730956522724,153.83828448375516,0.7758715171654578
chronos,2,amazon/chronos-2,cov,log_return,5,44,2021-07-22,0.26942655380321995,140.66362885124354,0.7941347031451967
chronos,2,amazon/chronos-2,cov,log_return,5,45,2021-11-17,0.14255495297747606,101.14109279726067,0.8049698001506415
chronos,2,amazon/chronos-2,cov,log_return,5,46,2022-03-18,0.5840883455270807,177.76427178512773,0.7500338411629922
chronos,2,amazon/chronos-2,cov,log_return,5,47,2022-07-19,0.6264389784737662,177.0052398122867,0.806784629436435
chronos,2,amazon/chronos-2,cov,log_return,5,48,2022-11-14,0.45013353756382857,194.80260570962736,0.9120809762443933
chronos,2,amazon/chronos-2,cov,log_return,5,49,2023-03-16,0.7956019958365728,188.1526399534978,0.702678831612622
chronos,2,amazon/chronos-2,cov,log_return,5,50,2023-07-17,0.27618794563578203,119.15788404572925,0.7115738391366949
chronos,2,amazon/chronos-2,cov,log_return,5,51,2023-11-10,0.3451154619416985,128.93129524364997,0.9957203373729409
chronos,2,amazon/chronos-2,cov,log_return,5,52,2024-03-13,0.46117085841055716,168.347202050402,0.6505035877675426
chronos,2,amazon/chronos-2,cov,log_return,5,53,2024-07-12,0.7624727382706661,151.83447131692188,0.8297830177439844
chronos,2,amazon/chronos-2,cov,log_return,5,54,2024-11-07,0.31142842566638196,134.6239504828275,1.0041206273512508
chronos,2,amazon/chronos-2,cov,log_return,5,55,2025-03-12,1.3939708146498566,183.23799143352161,0.7386910714895776
chronos,2,amazon/chronos-2,cov,log_return,5,56,2025-07-11,0.264930500097974,121.3828792254332,0.82614058600409
chronos,2,amazon/chronos-2,cov,log_return,5,57,2025-11-06,0.6961319028055438,99.25102672832452,0.8769756679276204
chronos,2,amazon/chronos-2,cov,log_return,5,58,2026-03-10,0.7350371215061438,164.26489080677172,0.8140302436764311
chronos,2,amazon/chronos-2,cov,log_return,5,59,2026-07-09,0.4481937283553508,135.4343297653593,0.6787924515032078
chronos,2,amazon/chronos-2,cov,price,21,0,2007-01-22,2.650494778524228,1.1302443137770453,0.008824574923832682
chronos,2,amazon/chronos-2,cov,price,21,1,2007-05-18,1.79460740386783,0.7327653301254061,0.0059459030318127866
chronos,2,amazon/chronos-2,cov,price,21,2,2007-09-17,7.326439043990886,3.5211736411853183,0.027151472346228292
chronos,2,amazon/chronos-2,cov,price,21,3,2008-01-15,4.756381988229584,2.9986318679618003,0.022492496284366226
chronos,2,amazon/chronos-2,cov,price,21,4,2008-05-14,2.801688070481924,2.0065498721100816,0.014159626305928803
chronos,2,amazon/chronos-2,cov,price,21,5,2008-09-11,10.806408418259576,10.275152748075733,0.09139883824617823
chronos,2,amazon/chronos-2,cov,price,21,6,2009-01-09,3.83288804546714,6.603876661002063,0.04643359260555886
chronos,2,amazon/chronos-2,cov,price,21,7,2009-05-11,1.2040681531436348,2.158709316494812,0.01919829074316535
chronos,2,amazon/chronos-2,cov,price,21,8,2009-09-08,1.0827681405232408,1.6562265212935412,0.013958886639155023
chronos,2,amazon/chronos-2,cov,price,21,9,2010-01-06,2.3140976893897642,3.142745991677473,0.024122825492447625
chronos,2,amazon/chronos-2,cov,price,21,10,2010-05-06,2.872320795321419,3.6363821845289954,0.025280053679617928
chronos,2,amazon/chronos-2,cov,price,21,11,2010-09-02,2.7756530847968315,3.508735566336759,0.024403956995054852
chronos,2,amazon/chronos-2,cov,price,21,12,2011-01-03,1.1191216033246156,0.8784214090216439,0.007000217800331641
chronos,2,amazon/chronos-2,cov,price,21,13,2011-05-03,2.9088750826478695,1.8985381445043377,0.01401196412438173
chronos,2,amazon/chronos-2,cov,price,21,14,2011-08-30,3.546299918231551,2.838482883617549,0.02171126520158281
chronos,2,amazon/chronos-2,cov,price,21,15,2011-12-28,4.3678387590758625,3.7119460601249203,0.025508685930138456
chronos,2,amazon/chronos-2,cov,price,21,16,2012-04-27,4.971017394196999,3.9610413136790097,0.032727283621395126
chronos,2,amazon/chronos-2,cov,price,21,17,2012-08-24,2.4453112296511663,1.7625141899538614,0.01365263208994131
chronos,2,amazon/chronos-2,cov,price,21,18,2012-12-26,4.276091911603914,3.0334963259227528,0.023711929656635624
chronos,2,amazon/chronos-2,cov,price,21,19,2013-04-26,4.999469935394118,3.260562954930913,0.027549465130917387
chronos,2,amazon/chronos-2,cov,price,21,20,2013-08-22,2.520628071249867,1.528663827589629,0.011024359629467963
chronos,2,amazon/chronos-2,cov,price,21,21,2013-12-19,2.9095052158626924,1.3795188912568594,0.010253353867891373
chronos,2,amazon/chronos-2,cov,price,21,22,2014-04-22,0.8075803360842634,0.3925407977207841,0.004326209729387561
chronos,2,amazon/chronos-2,cov,price,21,23,2014-08-19,1.5244637040383184,0.6677543340760769,0.00533679728835625
chronos,2,amazon/chronos-2,cov,price,21,24,2014-12-16,5.732084299013007,2.639528507514127,0.022829738134959286
chronos,2,amazon/chronos-2,cov,price,21,25,2015-04-17,1.7964920832461968,0.8864559274160324,0.007440446264483195
chronos,2,amazon/chronos-2,cov,price,21,26,2015-08-14,11.077330945073529,5.756279477675852,0.05234940016567566
chronos,2,amazon/chronos-2,cov,price,21,27,2015-12-11,3.924192151202369,2.3590910646671372,0.017495628688743076
chronos,2,amazon/chronos-2,cov,price,21,28,2016-04-13,1.017774439920244,0.6491995623988014,0.005828884408916671
chronos,2,amazon/chronos-2,cov,price,21,29,2016-08-10,0.7534872545525829,0.4694984720930666,0.004022638427760919
chronos,2,amazon/chronos-2,cov,price,21,30,2016-12-08,2.50048802384994,1.4963669441460432,0.010819135026859892
chronos,2,amazon/chronos-2,cov,price,21,31,2017-04-10,2.0450879369558037,1.0590441818221308,0.007561370071073558
chronos,2,amazon/chronos-2,cov,price,21,32,2017-08-08,2.3288289912520614,1.105531314234274,0.008749381485804654
chronos,2,amazon/chronos-2,cov,price,21,33,2017-12-05,3.5976082394908406,1.3620791294018588,0.01059323720367311
chronos,2,amazon/chronos-2,cov,price,21,34,2018-04-06,3.2704202313250996,1.323780305525316,0.011474478066818105
chronos,2,amazon/chronos-2,cov,price,21,35,2018-08-03,2.4472461071308493,0.9448180875955071,0.0070715414610071515
chronos,2,amazon/chronos-2,cov,price,21,36,2018-11-30,16.280175925570514,7.817717404255308,0.06846682806684763
chronos,2,amazon/chronos-2,cov,price,21,37,2019-04-03,2.5127994315403988,1.2760397273722286,0.008889536145945655
chronos,2,amazon/chronos-2,cov,price,21,38,2019-08-01,4.0086539279972095,2.188904417273759,0.015625670459986654
chronos,2,amazon/chronos-2,cov,price,21,39,2019-11-27,2.059034955117468,1.1611163102394362,0.008561159247959563
chronos,2,amazon/chronos-2,cov,price,21,40,2020-03-27,8.783981720025823,7.634965918470418,0.051774585859371065
chronos,2,amazon/chronos-2,cov,price,21,41,2020-07-27,3.522671616839039,2.842901627071436,0.020334907164883523
chronos,2,amazon/chronos-2,cov,price,21,42,2020-11-20,4.507942791759911,3.6634262868801697,0.02756514699928526
chronos,2,amazon/chronos-2,cov,price,21,43,2021-03-24,6.3095122201032545,4.683904163160808,0.039272055931464725
chronos,2,amazon/chronos-2,cov,price,21,44,2021-07-22,1.4711245411030884,1.0383135659453913,0.0077841475089648875
chronos,2,amazon/chronos-2,cov,price,21,45,2021-11-17,2.3324325040657596,1.5789011711010597,0.012457141375290397
chronos,2,amazon/chronos-2,cov,price,21,46,2022-03-18,1.8248640254184203,1.4135525682306098,0.013531540735834229
chronos,2,amazon/chronos-2,cov,price,21,47,2022-07-19,5.8262473745884975,4.846170497293174,0.033750353051860485
chronos,2,amazon/chronos-2,cov,price,21,48,2022-11-14,1.1397301946094813,1.0449406540528037,0.012786208899267052
chronos,2,amazon/chronos-2,cov,price,21,49,2023-03-16,2.140965625870334,2.011989156285241,0.014717925878772369
chronos,2,amazon/chronos-2,cov,price,21,50,2023-07-17,1.0388368880905303,0.8809271135366014,0.007463117993743263
chronos,2,amazon/chronos-2,cov,price,21,51,2023-11-10,3.641172332741504,3.157329472730911,0.023335919467545558
chronos,2,amazon/chronos-2,cov,price,21,52,2024-03-13,1.184421221513205,0.8290146058315829,0.006545990259437804
chronos,2,amazon/chronos-2,cov,price,21,53,2024-07-12,6.746856212110008,3.847082703974769,0.03366079921148885
chronos,2,amazon/chronos-2,cov,price,21,54,2024-11-07,1.3121306955999896,0.6748697811856774,0.006375680523307374
chronos,2,amazon/chronos-2,cov,price,21,55,2025-03-12,6.1651651140533215,3.485651298867453,0.028807997511862447
chronos,2,amazon/chronos-2,cov,price,21,56,2025-07-11,1.3813618305437507,0.7805136183801964,0.006130562132192521
chronos,2,amazon/chronos-2,cov,price,21,57,2025-11-06,2.313658628611995,1.2637405904925028,0.009573610546708031
chronos,2,amazon/chronos-2,cov,price,21,58,2026-03-10,5.506059543689995,3.2104808054459677,0.025460426985342816
chronos,2,amazon/chronos-2,cov,price,21,59,2026-07-09,2.2770102577893034,1.2951629637632749,0.009202857362254825
chronos,2,amazon/chronos-2,cov,simple_return,21,0,2007-01-22,0.5149273381852646,160.8088981390866,0.7753520424398939
chronos,2,amazon/chronos-2,cov,simple_return,21,1,2007-05-18,0.7664936385088401,147.00290753725307,0.8079047623340455
chronos,2,amazon/chronos-2,cov,simple_return,21,2,2007-09-17,0.7719765506355268,178.9454697008632,0.7796850008751942
chronos,2,amazon/chronos-2,cov,simple_return,21,3,2008-01-15,1.2919518410600128,192.2680354779623,0.7332005446523931
chronos,2,amazon/chronos-2,cov,simple_return,21,4,2008-05-14,0.7519948928773171,147.57726819532638,0.8167584325337391
chronos,2,amazon/chronos-2,cov,simple_return,21,5,2008-09-11,2.624544873395545,195.45032642969292,0.8745895993224174
chronos,2,amazon/chronos-2,cov,simple_return,21,6,2009-01-09,1.0086642418357918,191.04020548035564,0.8089875535276216
chronos,2,amazon/chronos-2,cov,simple_return,21,7,2009-05-11,0.5093905075292792,192.6267257729921,0.8204042757422917
chronos,2,amazon/chronos-2,cov,simple_return,21,8,2009-09-08,0.3432761047543152,179.11289009371825,0.7658467465798796
chronos,2,amazon/chronos-2,cov,simple_return,21,9,2010-01-06,0.426465404436666,157.9929931194983,0.7681234010731097
chronos,2,amazon/chronos-2,cov,simple_return,21,10,2010-05-06,0.7607856700394814,179.5774360871515,0.8013189475503774
chronos,2,amazon/chronos-2,cov,simple_return,21,11,2010-09-02,0.2935834186293428,172.38390009268042,0.8035302831976364
chronos,2,amazon/chronos-2,cov,simple_return,21,12,2011-01-03,0.3162680884127277,139.67556515761862,0.7886779169670222
chronos,2,amazon/chronos-2,cov,simple_return,21,13,2011-05-03,0.5485433907826294,151.5313022711393,0.8250391965991847
chronos,2,amazon/chronos-2,cov,simple_return,21,14,2011-08-30,1.1883325624177166,195.39732129565752,0.7429261973855382
chronos,2,amazon/chronos-2,cov,simple_return,21,15,2011-12-28,0.322901363548152,146.93063530114046,0.9075216643179489
chronos,2,amazon/chronos-2,cov,simple_return,21,16,2012-04-27,0.48475358719268724,161.33600144328756,0.8394956253012937
chronos,2,amazon/chronos-2,cov,simple_return,21,17,2012-08-24,0.36639055857710173,161.71769887731276,0.8985064559559953
chronos,2,amazon/chronos-2,cov,simple_return,21,18,2012-12-26,0.4078545235040957,166.88183383408312,0.886323536430768
chronos,2,amazon/chronos-2,cov,simple_return,21,19,2013-04-26,0.4168018944364681,162.501488875833,0.7257127815109157
chronos,2,amazon/chronos-2,cov,simple_return,21,20,2013-08-22,0.44593107514896446,160.04041542747848,0.7438202333177428
chronos,2,amazon/chronos-2,cov,simple_return,21,21,2013-12-19,0.4354172172757396,156.15076186479786,0.8215864769773554
chronos,2,amazon/chronos-2,cov,simple_return,21,22,2014-04-22,0.4930535136580438,148.20694299574993,0.7627555350475389
chronos,2,amazon/chronos-2,cov,simple_return,21,23,2014-08-19,0.3659420294057017,142.2332092351249,0.8117062762850247
chronos,2,amazon/chronos-2,cov,simple_return,21,24,2014-12-16,1.1230436200293863,167.16822157699448,0.8551674651130593
chronos,2,amazon/chronos-2,cov,simple_return,21,25,2015-04-17,0.6303003037523174,146.08438994841856,0.765555188690113
chronos,2,amazon/chronos-2,cov,simple_return,21,26,2015-08-14,1.9445500291642057,176.22810004097295,0.8773268116076435
chronos,2,amazon/chronos-2,cov,simple_return,21,27,2015-12-11,1.1986879123610803,184.08507394086817,0.7630528479547618
chronos,2,amazon/chronos-2,cov,simple_return,21,28,2016-04-13,0.4298036156660751,158.18903700006578,0.8941241854837513
chronos,2,amazon/chronos-2,cov,simple_return,21,29,2016-08-10,0.3728041512192556,175.55052002402465,0.9236651048301978
chronos,2,amazon/chronos-2,cov,simple_return,21,30,2016-12-08,0.3742381503064787,188.3541181464794,0.7797997217026277
chronos,2,amazon/chronos-2,cov,simple_return,21,31,2017-04-10,0.36293445880768826,166.55586868053322,0.8200299886410315
chronos,2,amazon/chronos-2,cov,simple_return,21,32,2017-08-08,0.4984502397956738,153.14946615589992,0.8532217286944965
chronos,2,amazon/chronos-2,cov,simple_return,21,33,2017-12-05,0.47495701877406304,165.74207364563313,0.7510471788497113
chronos,2,amazon/chronos-2,cov,simple_return,21,34,2018-04-06,0.9451737775637591,169.45743283891002,0.8122728177107826
chronos,2,amazon/chronos-2,cov,simple_return,21,35,2018-08-03,0.5548114026618269,160.60939096042804,0.7572772428357664
chronos,2,amazon/chronos-2,cov,simple_return,21,36,2018-11-30,1.968575058000061,179.18869989600884,0.8679051878405153
chronos,2,amazon/chronos-2,cov,simple_return,21,37,2019-04-03,0.3774467237467195,131.32547851875154,0.8030086269886798
chronos,2,amazon/chronos-2,cov,simple_return,21,38,2019-08-01,1.344366141551147,164.29684067187065,0.7936638887219374
chronos,2,amazon/chronos-2,cov,simple_return,21,39,2019-11-27,0.42250601276075034,151.88449028651056,0.7972890033864007
chronos,2,amazon/chronos-2,cov,simple_return,21,40,2020-03-27,1.7564579559680493,169.32347593584308,0.9892558576012248
chronos,2,amazon/chronos-2,cov,simple_return,21,41,2020-07-27,0.30907678464441285,109.58957899958419,0.6838807490907866
chronos,2,amazon/chronos-2,cov,simple_return,21,42,2020-11-20,0.3392388436587079,139.42288455054282,0.9509608891772329
chronos,2,amazon/chronos-2,cov,simple_return,21,43,2021-03-24,0.40504888757498186,152.9789757978266,0.7439154482211743
chronos,2,amazon/chronos-2,cov,simple_return,21,44,2021-07-22,0.2617610763740557,126.03683995682194,1.0555953356045438
chronos,2,amazon/chronos-2,cov,simple_return,21,45,2021-11-17,0.6780940682673553,157.3078043191081,0.829694198123997
chronos,2,amazon/chronos-2,cov,simple_return,21,46,2022-03-18,0.6059291983958448,182.84354456075138,0.763818117880581
chronos,2,amazon/chronos-2,cov,simple_return,21,47,2022-07-19,0.6947257394696708,185.28986537695508,0.8504507272162929
chronos,2,amazon/chronos-2,cov,simple_return,21,48,2022-11-14,0.6541705568969463,183.81642648010197,0.8437886618158394
chronos,2,amazon/chronos-2,cov,simple_return,21,49,2023-03-16,0.48392101270821464,179.95163133851187,0.8145089209038452
chronos,2,amazon/chronos-2,cov,simple_return,21,50,2023-07-17,0.40084510094253606,152.94312568637503,0.8206542354740333
chronos,2,amazon/chronos-2,cov,simple_return,21,51,2023-11-10,0.28411872728344917,156.527564006552,0.8785032081938833
chronos,2,amazon/chronos-2,cov,simple_return,21,52,2024-03-13,0.4475428279872613,152.92874700037552,0.7843675999988431
chronos,2,amazon/chronos-2,cov,simple_return,21,53,2024-07-12,1.0277381352793082,166.70169411535082,0.8660819782822304
chronos,2,amazon/chronos-2,cov,simple_return,21,54,2024-11-07,0.3815223276780139,136.88685930569557,0.8012517494140793
chronos,2,amazon/chronos-2,cov,simple_return,21,55,2025-03-12,2.1037992956423013,171.59141399463144,0.8865207971191861
chronos,2,amazon/chronos-2,cov,simple_return,21,56,2025-07-11,0.45582381874660255,142.13249696975444,0.8422513904491715
chronos,2,amazon/chronos-2,cov,simple_return,21,57,2025-11-06,0.6361862713717468,127.42814384438338,0.7859009443189146
chronos,2,amazon/chronos-2,cov,simple_return,21,58,2026-03-10,0.9656634665405595,158.52796549320598,0.8182018089729621
chronos,2,amazon/chronos-2,cov,simple_return,21,59,2026-07-09,0.6569012392859616,155.1988465006953,0.7953817331317943
chronos,2,amazon/chronos-2,cov,log_return,21,0,2007-01-22,0.514799660209507,160.96718288167574,0.7754860246646058
chronos,2,amazon/chronos-2,cov,log_return,21,1,2007-05-18,0.7671541421963768,147.09330565506622,0.808107290778948
chronos,2,amazon/chronos-2,cov,log_return,21,2,2007-09-17,0.7688822419243743,179.11341570830263,0.7790939509931291
chronos,2,amazon/chronos-2,cov,log_return,21,3,2008-01-15,1.2938461879882266,192.28376626487216,0.7336475795043987
chronos,2,amazon/chronos-2,cov,log_return,21,4,2008-05-14,0.7540747364543823,147.49001458676835,0.8170941453597775
chronos,2,amazon/chronos-2,cov,log_return,21,5,2008-09-11,2.6617551720742503,195.77847902515367,0.8760425524915728
chronos,2,amazon/chronos-2,cov,log_return,21,6,2009-01-09,1.0128980881904208,190.63084873129716,0.8098890990991101
chronos,2,amazon/chronos-2,cov,log_return,21,7,2009-05-11,0.507475245629702,192.9701323138036,0.8205438502251932
chronos,2,amazon/chronos-2,cov,log_return,21,8,2009-09-08,0.3425372370044687,179.02144319254333,0.7662451319970036
chronos,2,amazon/chronos-2,cov,log_return,21,9,2010-01-06,0.42795197739504054,157.81627060740357,0.7692175241802132
chronos,2,amazon/chronos-2,cov,log_return,21,10,2010-05-06,0.7598012362915668,179.43468288825443,0.7996861176355794
chronos,2,amazon/chronos-2,cov,log_return,21,11,2010-09-02,0.29225798148671495,172.18694806068288,0.802820614072763
chronos,2,amazon/chronos-2,cov,log_return,21,12,2011-01-03,0.3162736327238266,139.5953576053372,0.7889323327484701
chronos,2,amazon/chronos-2,cov,log_return,21,13,2011-05-03,0.5503052003029495,151.54385558033312,0.8256922962907894
chronos,2,amazon/chronos-2,cov,log_return,21,14,2011-08-30,1.1911854828260766,195.87646192792113,0.7435693932391969
chronos,2,amazon/chronos-2,cov,log_return,21,15,2011-12-28,0.3217164557437324,146.8667226454134,0.9076819157789827
chronos,2,amazon/chronos-2,cov,log_return,21,16,2012-04-27,0.485526463595545,161.26928831497395,0.83982155436457
chronos,2,amazon/chronos-2,cov,log_return,21,17,2012-08-24,0.3652258716046619,161.8306276240301,0.8986354337866724
chronos,2,amazon/chronos-2,cov,log_return,21,18,2012-12-26,0.40583009521524466,167.0616195770192,0.8868628964415117
chronos,2,amazon/chronos-2,cov,log_return,21,19,2013-04-26,0.4158817109447087,162.58501043012396,0.7258996529714218
chronos,2,amazon/chronos-2,cov,log_return,21,20,2013-08-22,0.4461623069368347,160.13517013819057,0.7441698040723789
chronos,2,amazon/chronos-2,cov,log_return,21,21,2013-12-19,0.435631960991018,156.25823376569556,0.8219536359309335
chronos,2,amazon/chronos-2,cov,log_return,21,22,2014-04-22,0.4932377890240335,148.32723274821416,0.7628018371645418
chronos,2,amazon/chronos-2,cov,log_return,21,23,2014-08-19,0.3656361888315404,142.33442023586093,0.8117469001474089
chronos,2,amazon/chronos-2,cov,log_return,21,24,2014-12-16,1.120796850705562,167.29134142214076,0.8553677475523993
chronos,2,amazon/chronos-2,cov,log_return,21,25,2015-04-17,0.6295768181749228,146.08295572034208,0.7654078869079342
chronos,2,amazon/chronos-2,cov,log_return,21,26,2015-08-14,1.9490567884108303,176.41642388445916,0.8775659487967687
chronos,2,amazon/chronos-2,cov,log_return,21,27,2015-12-11,1.2032112035298517,184.41835762971866,0.7639290602075176
chronos,2,amazon/chronos-2,cov,log_return,21,28,2016-04-13,0.42996834062698513,158.2662991424078,0.8932561434809744
chronos,2,amazon/chronos-2,cov,log_return,21,29,2016-08-10,0.37425703249347153,175.4015749901878,0.9239527587047266
chronos,2,amazon/chronos-2,cov,log_return,21,30,2016-12-08,0.37403072248791597,188.31316158717908,0.7798138570013677
chronos,2,amazon/chronos-2,cov,log_return,21,31,2017-04-10,0.36235490896984307,166.5509624829958,0.8198283245180051
chronos,2,amazon/chronos-2,cov,log_return,21,32,2017-08-08,0.4991988385156691,153.10419668618474,0.8534764897630085
chronos,2,amazon/chronos-2,cov,log_return,21,33,2017-12-05,0.47398893541275294,165.67234296750365,0.7507213601777136
chronos,2,amazon/chronos-2,cov,log_return,21,34,2018-04-06,0.9433805876014908,169.59418996483134,0.8128224608579021
chronos,2,amazon/chronos-2,cov,log_return,21,35,2018-08-03,0.5541753647739011,160.54533283100778,0.757402053187998
chronos,2,amazon/chronos-2,cov,log_return,21,36,2018-11-30,1.9737236905026956,179.22694237711934,0.8681171759167899
chronos,2,amazon/chronos-2,cov,log_return,21,37,2019-04-03,0.3768109625520456,131.36043891196096,0.8028443083518364
chronos,2,amazon/chronos-2,cov,log_return,21,38,2019-08-01,1.3473285334309122,164.24841658159212,0.7946321464079042
chronos,2,amazon/chronos-2,cov,log_return,21,39,2019-11-27,0.4218638754563879,151.83058329237684,0.797474235072026
chronos,2,amazon/chronos-2,cov,log_return,21,40,2020-03-27,1.7476053691985771,168.18501085103884,0.9970765115470367
chronos,2,amazon/chronos-2,cov,log_return,21,41,2020-07-27,0.3077936358654771,109.45401723400946,0.6835284530260872
chronos,2,amazon/chronos-2,cov,log_return,21,42,2020-11-20,0.3385249816383223,139.2944933671964,0.952509029896383
chronos,2,amazon/chronos-2,cov,log_return,21,43,2021-03-24,0.40307826882360026,153.1080149359543,0.7442670618356141
chronos,2,amazon/chronos-2,cov,log_return,21,44,2021-07-22,0.26145605373544106,126.93190479300868,1.060854254941646
chronos,2,amazon/chronos-2,cov,log_return,21,45,2021-11-17,0.6774961506908947,157.3277678111849,0.8292262574021607
chronos,2,amazon/chronos-2,cov,log_return,21,46,2022-03-18,0.6057001154886923,183.09699341159643,0.7633984813695951
chronos,2,amazon/chronos-2,cov,log_return,21,47,2022-07-19,0.6906022182233258,185.99892961161518,0.8512131496666873
chronos,2,amazon/chronos-2,cov,log_return,21,48,2022-11-14,0.6523166201810644,180.8229679724802,0.8433645002267205
chronos,2,amazon/chronos-2,cov,log_return,21,49,2023-03-16,0.4832541336950868,180.8600819866709,0.8150891786060486
chronos,2,amazon/chronos-2,cov,log_return,21,50,2023-07-17,0.4013497321312765,152.7838973281386,0.8209497865587854
chronos,2,amazon/chronos-2,cov,log_return,21,51,2023-11-10,0.28333226739121775,157.29667109458663,0.8793162529775292
chronos,2,amazon/chronos-2,cov,log_return,21,52,2024-03-13,0.44802804553787284,152.84342367953116,0.784695676630973
chronos,2,amazon/chronos-2,cov,log_return,21,53,2024-07-12,1.0317134116410798,166.6619067126857,0.8664066327758239
chronos,2,amazon/chronos-2,cov,log_return,21,54,2024-11-07,0.38223332853060715,137.0934206199251,0.8013795477853249
chronos,2,amazon/chronos-2,cov,log_return,21,55,2025-03-12,2.1013843827101724,171.71291030709105,0.8862177877318003
chronos,2,amazon/chronos-2,cov,log_return,21,56,2025-07-11,0.45594302484515103,142.09906424981102,0.8423849236612501
chronos,2,amazon/chronos-2,cov,log_return,21,57,2025-11-06,0.6368215119535028,127.43030213780149,0.7860403102320869
chronos,2,amazon/chronos-2,cov,log_return,21,58,2026-03-10,0.9649099275248224,158.50771862971644,0.817947097481923
chronos,2,amazon/chronos-2,cov,log_return,21,59,2026-07-09,0.6565042097468826,155.1482728891854,0.7954835761365068
